time,day_of_year_fraction,sun_zenith_angle,aod550
2023-01-04 12:26:35,4.518461,66.649016,0.07419220532328769
2023-01-04 12:41:36,4.528889,67.279015,0.09809988378088715
2023-01-04 12:49:46,4.53456,67.69289,0.09493987125416609
2023-01-04 12:56:35,4.539294,68.075912,0.11642068955918008
2023-01-04 13:11:35,4.549711,69.035932,0.1784171722937266
2023-01-04 13:26:39,4.560174,70.156501,0.14170582354572794
2023-01-04 13:41:37,4.570567,71.417057,0.12558790500395478
2023-01-04 13:50:01,4.5764,72.185858,0.12104129172663255
2023-01-04 13:56:36,4.580972,72.817927,0.10814837834806626
2023-01-04 14:11:39,4.591424,74.356132,0.10672507462609973
2023-01-04 14:26:36,4.601806,76.005296,0.09906060987283005
2023-01-04 14:41:37,4.612234,77.774204,0.09566870820061028
2023-01-04 14:50:30,4.618403,78.869773,0.1303742711078743
2023-01-05 09:57:05,5.414641,69.935107,0.033045331087968616
2023-01-05 10:12:18,5.425208,68.817998,0.03874316219146503
2023-01-05 10:27:02,5.43544,67.889537,0.03873640863758029
2023-01-05 10:42:03,5.445868,67.10525,0.03798556572600957
2023-01-05 10:50:06,5.451458,66.754315,0.03554815524927175
2023-01-05 10:57:02,5.456273,66.491774,0.03688038368344165
2023-01-05 11:12:02,5.46669,66.051741,0.035522730865247466
2023-01-05 11:27:02,5.477106,65.789589,0.05260662926010385
2023-01-05 11:42:04,5.487546,65.707566,0.058491494756109375
2023-01-05 11:50:10,5.493171,65.738679,0.07291482918958898
2023-01-05 11:57:02,5.49794,65.806315,0.06899821937237625
2023-01-05 12:27:02,5.518773,66.541383,0.05791165745391482
2023-01-05 12:42:03,5.529201,67.172322,0.04902162587687163
2023-01-05 12:50:03,5.534757,67.577861,0.05008323135373243
2023-01-05 12:57:02,5.539606,67.970405,0.0521839211606029
2023-01-05 13:12:02,5.550023,68.931832,0.04242635149387045
2023-01-05 13:27:03,5.560451,70.050033,0.04601621205914547
2023-01-05 13:42:04,5.57088,71.316302,0.049983982289712584
2023-01-05 13:50:12,5.576528,72.061053,0.051555097619987576
2023-01-05 13:57:03,5.581285,72.719064,0.051356422380312516
2023-01-05 14:12:03,5.591701,74.25395,0.05071768785394622
2023-01-05 14:27:03,5.602118,75.910518,0.04747883670547602
2023-01-05 14:42:05,5.612558,77.683614,0.05232605825136144
2023-01-05 14:50:46,5.618588,78.755484,0.052965032631178396
2023-01-05 14:56:49,5.622789,79.521638,0.04931432372988075
2023-01-05 14:58:42,5.624097,79.763249,0.04784288089364449
2023-01-05 15:03:05,5.627141,80.331119,0.04474976863841852
2023-01-05 15:08:42,5.631042,81.069693,0.04370213127793692
2023-01-05 15:13:34,5.634421,81.719084,0.04046078643952458
2023-01-07 14:50:19,7.618275,78.38783,0.06977199900331928
2023-01-07 15:05:23,7.628738,80.320458,0.06726358049458893
2023-01-07 15:11:00,7.632639,81.064006,0.07522872159924782
2023-01-07 15:15:42,7.635903,81.695087,0.051123559240118154
2023-01-09 09:52:15,9.411285,69.992005,0.025087318862084138
2023-01-09 09:58:55,9.415914,69.450639,0.024759992164300332
2023-01-09 10:13:45,9.426215,68.352911,0.02660454058909679
2023-01-09 10:28:45,9.436632,67.399029,0.029922992963991153
2023-01-09 10:43:46,9.44706,66.608548,0.03308375429906369
2023-01-09 10:51:51,9.452674,66.253397,0.03517814364781405
2023-01-09 10:58:46,9.457477,65.989448,0.03374597335042241
2023-01-09 11:13:44,9.46787,65.54662,0.03435382386593523
2023-01-09 11:28:45,9.478299,65.28164,0.03573594672156781
2023-01-09 11:43:45,9.488715,65.198561,0.0399344135203011
2023-01-09 11:51:45,9.494271,65.228782,0.038649015437230407
2023-01-09 11:58:45,9.499132,65.297712,0.03773883724771413
2023-01-09 12:13:45,9.509549,65.578229,0.039057835880329926
2023-01-09 12:28:46,9.519977,66.038307,0.047399213073487455
2023-01-09 12:43:46,9.530394,66.673046,0.04572351214236627
2023-01-09 12:51:47,9.535961,67.082317,0.04379790125913916
2023-01-09 12:58:51,9.540868,67.482606,0.04603955913701383
2023-01-09 13:13:45,9.551215,68.444711,0.052263619252852264
2023-01-09 13:28:45,9.561632,69.569081,0.05022675752852588
2023-01-09 13:43:47,9.572072,70.844851,0.04809534514990047
2023-01-09 13:51:54,9.577708,71.592761,0.050097291759849456
2023-01-09 13:58:46,9.582477,72.256462,0.04944976160313233
2023-01-09 14:13:46,9.592894,73.8007,0.041966325443960104
2023-01-09 14:28:52,9.60338,75.478507,0.04211172802875353
2023-01-10 09:52:22,10.411366,69.88157,0.028314663182484105
2023-01-10 09:59:28,10.416296,69.30351,0.03052452838064279
2023-01-10 10:14:09,10.426493,68.215299,0.030933118329604336
2023-01-10 10:29:09,10.43691,67.259283,0.02973102120098491
2023-01-10 10:44:16,10.447407,66.462246,0.027393860070640742
2023-01-10 10:52:21,10.453021,66.106853,0.02728799926876749
2023-01-10 10:59:09,10.457743,65.84693,0.027558172805318814
2023-01-10 11:29:09,10.478576,65.136595,0.0302373933363105
2023-01-10 11:44:12,10.489028,65.053168,0.027364563388610482
2023-01-10 11:52:12,10.494583,65.083681,0.02596646104540032
2023-01-10 11:59:11,10.499433,65.152748,0.027316985493827203
2023-01-10 12:14:10,10.509838,65.433691,0.025670074348219104
2023-01-10 12:29:09,10.520243,65.893572,0.025521575856513646
2023-01-10 12:44:10,10.530671,66.530111,0.02544079530524874
2023-01-10 12:52:08,10.536204,66.937452,0.024524045894586916
2023-01-10 12:59:09,10.541076,67.335276,0.025692287360826717
2023-01-10 13:14:09,10.551493,68.305123,0.026244564420997107
2023-01-10 13:29:09,10.56191,69.431574,0.024835620589345603
2023-01-10 13:44:11,10.57235,70.709628,0.024741454970495912
2023-01-10 13:52:19,10.577998,71.460435,0.024893197697217942
2023-01-10 13:59:10,10.582755,72.12371,0.024861591446252048
2023-01-10 14:14:10,10.593171,73.670565,0.026570336840000222
2023-01-13 12:45:21,13.531493,66.06181,0.023389159262108425
2023-01-13 12:53:22,13.53706,66.474701,0.02280158288924235
2023-01-13 13:00:20,13.541898,66.872528,0.02288539104182056
2023-01-13 13:15:20,13.552315,67.848895,0.022969572015007565
2023-01-13 13:30:20,13.562731,68.982692,0.022289938704852408
2023-01-13 13:45:22,13.573171,70.268798,0.022779955423889574
2023-01-13 13:53:24,13.57875,71.014584,0.024926919679999823
2023-01-13 14:00:21,13.583576,71.691373,0.02476030589324203
2023-01-13 14:15:21,13.593993,73.247242,0.024456348195628926
2023-01-13 15:18:37,13.637928,81.045086,0.024626621762669096
2023-01-13 15:23:09,13.641076,81.667875,0.025492500818808314
2023-01-15 14:31:05,15.604919,74.619483,0.0372942462556065
2023-01-15 14:46:06,15.615347,76.420136,0.036579636001970055
2023-01-15 14:54:22,15.621088,77.45639,0.03888571876088941
2023-01-15 15:00:04,15.625046,78.188395,0.034456491314210615
2023-01-15 15:02:06,15.626458,78.452849,0.03715622066605139
2023-01-19 08:07:56,19.338843,80.820304,0.030199438968807567
2023-01-19 09:55:26,19.413495,68.391375,0.028094071253672654
2023-01-19 10:02:25,19.418345,67.809176,0.027836597387687873
2023-01-19 10:17:25,19.428762,66.670921,0.02964585586922705
2023-01-19 10:32:25,19.439178,65.692762,0.02850621979187396
2023-01-19 10:47:26,19.449606,64.881565,0.02745815311118136
2023-01-19 10:55:35,19.455266,64.514122,0.027940286652437894
2023-01-19 11:02:25,19.460012,64.246432,0.025255335144457276
2023-01-19 11:17:25,19.470428,63.790422,0.02919619232967616
2023-01-19 11:32:25,19.480845,63.518394,0.030911141951461073
2023-01-19 11:47:26,19.491273,63.432827,0.029861102534179482
2023-01-19 11:55:29,19.496863,63.464238,0.030005342160697165
2023-01-19 12:02:26,19.50169,63.534696,0.031034660672284088
2023-01-19 12:17:25,19.512095,63.822443,0.030952257628683824
2023-01-19 12:32:26,19.522523,64.294719,0.029399332015968407
2023-01-19 12:47:26,19.53294,64.946069,0.027831972943542675
2023-01-19 12:55:27,19.538507,65.365895,0.026690202175074184
2023-01-19 13:02:25,19.543345,65.770315,0.026009474544460065
2023-01-19 13:17:26,19.553773,66.763703,0.025259207278972417
2023-01-19 13:32:26,19.56419,67.915453,0.025422174940528043
2023-01-19 13:47:27,19.574618,69.219629,0.025433412581484734
2023-01-19 13:55:39,19.580313,69.992412,0.024708696383265307
2023-01-19 14:02:26,19.585023,70.662665,0.023967948522089055
2023-01-19 14:17:26,19.59544,72.240146,0.025080438423320146
2023-01-19 15:01:29,19.62603,77.54929,0.025753633452897287
2023-01-19 15:07:26,19.630162,78.334569,0.0246960776201158
2023-01-19 15:15:18,19.635625,79.394576,0.033849741178513984
2023-01-20 10:03:56,20.419398,67.511485,0.030167984313456457
2023-01-20 10:17:44,20.428981,66.467067,0.02490558380810223
2023-01-20 10:32:45,20.43941,65.485098,0.025688181531231636
2023-01-20 10:47:45,20.449826,64.672525,0.02564017585062395
2023-01-20 10:55:48,20.455417,64.308203,0.02643996058211699
2023-01-20 11:02:44,20.460231,64.035519,0.02675376139332556
2023-01-20 11:17:44,20.470648,63.578183,0.027349530497704617
2023-01-20 11:32:44,20.481065,63.305413,0.025245571304024623
2023-01-20 11:47:45,20.491493,63.219712,0.023824300380008975
2023-01-20 11:55:49,20.497095,63.251426,0.02301465778101752
2023-01-20 12:02:45,20.50191,63.322061,0.02256894999143672
2023-01-20 12:17:45,20.512326,63.611314,0.02287120391639974
2023-01-20 12:32:44,20.522731,64.0842,0.022608613308673003
2023-01-20 12:47:45,20.53316,64.738372,0.020917442506721125
2023-01-20 12:55:45,20.538715,65.158645,0.021827250051889655
2023-01-20 13:02:45,20.543576,65.566306,0.020908558519185997
2023-01-20 13:17:45,20.553993,66.561783,0.02118137533659762
2023-01-20 13:32:45,20.56441,67.716988,0.020631269062274984
2023-01-20 13:47:46,20.574838,69.024914,0.020589493940985946
2023-01-20 13:55:48,20.580417,69.78368,0.019945040883454335
2023-01-20 14:02:45,20.585243,70.471917,0.019650879338292317
2023-01-20 14:17:45,20.59566,72.053499,0.020188812802221685
2023-01-20 14:32:45,20.606076,73.758466,0.020632496754857073
2023-01-20 14:47:46,20.616505,75.579276,0.02113502642843724
2023-01-20 14:55:54,20.622153,76.609638,0.02111758461318709
2023-01-20 15:01:33,20.626076,77.342587,0.020705605020987887
2023-01-20 15:09:03,20.631285,78.336249,0.021301794672063692
2023-01-20 15:16:48,20.636667,79.386588,0.02267792171476704
2023-01-20 15:23:10,20.641088,80.266294,0.021832062428340956
2023-01-20 15:28:27,20.644757,81.007136,0.02178063386351828
2023-01-20 15:33:03,20.647951,81.659664,0.02140669232906315
2023-02-05 07:44:40,36.322685,81.346538,0.033828710280685605
2023-02-05 07:48:59,36.325683,80.683995,0.035677432597103015
2023-02-05 07:53:41,36.328947,79.968339,0.03503609865980957
2023-02-05 07:59:29,36.332975,79.094035,0.03530986286270138
2023-02-05 08:06:30,36.337847,78.05036,0.03605887344643778
2023-02-05 08:15:22,36.344005,76.755203,0.03505674100372778
2023-02-05 09:51:03,36.410451,65.029055,0.04463209548563405
2023-02-05 09:59:06,36.416042,64.278329,0.04455996060507977
2023-02-05 10:07:03,36.421563,63.580219,0.0463952080102988
2023-02-05 10:21:01,36.431262,62.462584,0.048984749540634656
2023-02-05 10:36:03,36.441701,61.422377,0.04984120484109825
2023-02-05 10:51:03,36.452118,60.561603,0.05548152118537998
2023-02-05 10:59:02,36.457662,60.17844,0.05560876663612532
2023-02-05 11:06:02,36.462523,59.886438,0.05481847204453669
2023-02-05 11:21:01,36.472928,59.402416,0.056389648267890224
2023-02-05 11:36:01,36.483345,59.114234,0.0635489150489726
2023-02-05 11:51:02,36.493773,59.025549,0.06274244750255645
2023-02-05 11:59:05,36.499363,59.060732,0.06597075708233997
2023-02-05 12:06:02,36.50419,59.137488,0.06769508568975242
2023-02-05 12:21:02,36.514606,59.448659,0.06695735265559476
2023-02-05 12:36:02,36.525023,59.955823,0.0680388046141404
2023-02-05 12:51:04,36.535463,60.655598,0.08192467045808302
2023-02-05 12:59:00,36.540972,61.099888,0.08796290627150509
2023-02-05 13:06:02,36.545856,61.535905,0.09322458531235861
2023-02-05 13:21:02,36.556273,62.593842,0.10468472821062685
2023-02-05 13:36:02,36.56669,63.818414,0.10686319225212809
2023-02-05 13:51:03,36.577118,65.201261,0.11446568340661986
2023-02-05 15:35:43,36.649803,78.328479,0.17480681443995102
2023-02-05 15:48:31,36.658692,80.250781,0.17646977667833777
2023-02-06 09:36:06,37.400069,66.268665,0.10129265862384018
2023-02-06 09:51:10,37.410532,64.745335,0.09200435602536781
2023-02-06 10:06:19,37.421053,63.364015,0.09186281268902818
2023-02-06 11:06:06,37.462569,59.585219,0.10173783485035369
2023-02-06 11:21:06,37.472986,59.098376,0.08866122010538971
2023-02-06 11:36:06,37.483403,58.808918,0.08301144506728493
2023-02-06 11:51:08,37.493843,58.719913,0.09323297020493035
2023-02-06 11:59:13,37.499456,58.755701,0.08855919709179871
2023-02-06 12:21:07,37.514664,59.145196,0.09046589782178331
2023-02-06 12:36:07,37.525081,59.654809,0.09245307046441512
2023-02-06 13:51:09,37.577188,64.924314,0.07728468113352199
2023-02-06 13:59:12,37.582778,65.729779,0.0857311765988163
2023-02-06 14:06:08,37.587593,66.456066,0.06458844982307571
2023-02-06 14:21:08,37.598009,68.125214,0.08906443459247053
2023-02-06 14:36:08,37.608426,69.919425,0.09825167177807491
2023-02-06 15:01:25,37.625984,73.198016,0.10080554211173977
2023-02-06 15:05:19,37.628692,73.729598,0.10324934966673033
2023-02-06 15:11:36,37.633056,74.599425,0.10189605059654942
2023-02-06 15:17:06,37.636875,75.373871,0.10276894050682915
2023-02-06 15:28:28,37.644769,77.010813,0.09585263329079793
2023-02-06 15:37:18,37.650903,78.31449,0.09481129351497326
2023-02-06 15:44:40,37.656019,79.42107,0.09979372753392028
2023-02-06 15:50:13,37.659873,80.26549,0.10536604251214751
2023-02-06 15:55:02,37.663218,81.005241,0.10837511221128233
2023-02-06 15:59:08,37.666065,81.639598,0.11043520719972032
2023-02-07 10:00:09,38.416771,63.625934,0.0952463729325935
2023-02-07 10:51:13,38.452234,59.958874,0.07943251455721126
2023-02-07 10:59:19,38.457859,59.567119,0.07916036414136612
2023-02-07 11:06:15,38.462674,59.275859,0.07778736412062273
2023-02-07 11:21:13,38.473067,58.788708,0.07203692810940611
2023-02-07 11:36:12,38.483472,58.498783,0.06798421006562778
2023-02-07 11:51:12,38.493889,58.409818,0.06502844411778451
2023-02-07 11:59:18,38.499514,58.44594,0.05432667990541917
2023-02-07 12:06:11,38.504294,58.522962,0.05695977051692968
2023-02-07 12:21:12,38.514722,58.837705,0.06509142028204715
2023-02-07 12:36:12,38.525139,59.349993,0.07127978374818257
2023-02-07 12:51:16,38.535602,60.058328,0.061447857286911864
2023-02-07 12:59:13,38.541123,60.508009,0.06044839959076755
2023-02-07 13:06:12,38.545972,60.945055,0.06411532000473355
2023-02-07 13:21:12,38.556389,62.012434,0.06645284544082107
2023-02-07 13:36:12,38.566806,63.247444,0.06951074891312853
2023-02-07 13:51:13,38.577234,64.641505,0.07595089359843261
2023-02-07 13:59:24,38.582917,65.463809,0.06796946731807554
2023-02-07 14:06:13,38.58765,66.180866,0.06453750554849269
2023-02-07 14:21:13,38.598067,67.856161,0.06644251627303882
2023-02-07 14:36:15,38.608507,69.660725,0.06750866348144031
2023-02-07 14:51:14,38.618912,71.573894,0.07496062803324433
2023-02-07 14:59:27,38.624618,72.667947,0.07432731004219305
2023-02-07 15:05:17,38.628669,73.462715,0.07270945011367434
2023-02-07 15:07:08,38.629954,73.717789,0.07649734775913045
2023-02-07 15:08:57,38.631215,73.969651,0.07365361416805721
2023-02-07 15:13:25,38.634317,74.594622,0.06987128150977819
2023-02-07 15:18:57,38.63816,75.379785,0.07589915665755205
2023-02-07 15:30:14,38.645995,77.016373,0.08925940766912283
2023-02-07 15:39:05,38.652141,78.331046,0.08097113734350066
2023-02-07 15:46:07,38.657025,79.393686,0.07668168161835236
2023-02-07 15:51:51,38.661007,80.270683,0.07841166909314504
2023-02-07 15:56:42,38.664375,81.019531,0.0783458653401894
2023-02-07 16:00:37,38.667095,81.62857,0.07918138788886635
2023-02-08 07:40:35,39.31985,81.311951,0.08439674883005548
2023-02-08 07:44:33,39.322604,80.693791,0.09045933914619396
2023-02-08 07:49:36,39.326111,79.912628,0.07713080899265798
2023-02-08 07:55:09,39.329965,79.062237,0.07063737918760983
2023-02-08 08:02:08,39.334815,78.005252,0.06968413877083458
2023-02-08 08:10:40,39.340741,76.734946,0.07455839757973431
2023-02-08 08:31:49,39.355428,73.699344,0.06890027171998844
2023-02-08 09:36:15,39.400174,65.704917,0.06291381382885909
2023-02-08 09:51:17,39.410613,64.173474,0.05856875255873458
2023-02-08 09:59:22,39.416227,63.410976,0.05562283215872488
2023-02-08 10:07:21,39.421771,62.701882,0.05669236166929546
2023-02-08 10:21:15,39.431424,61.576303,0.059052129650067245
2023-02-08 10:36:16,39.441852,60.524006,0.05616931540604213
2023-02-08 10:51:18,39.452292,59.650121,0.05789577504149332
2023-02-08 10:59:19,39.457859,59.260523,0.057512510487701944
2023-02-08 11:06:16,39.462685,58.96693,0.053776026640484816
2023-02-08 11:21:15,39.47309,58.476564,0.06155719229804597
2023-02-08 11:36:16,39.483519,58.184578,0.06293590462222128
2023-02-08 11:51:17,39.493947,58.095419,0.05851074987510026
2023-02-08 11:59:22,39.49956,58.13183,0.060413673226065154
2023-02-08 12:06:16,39.504352,58.209575,0.05973617913292615
2023-02-08 12:21:16,39.514769,58.525841,0.05984040471593594
2023-02-08 12:36:16,39.525185,59.040814,0.05811067194244751
2023-02-08 12:51:17,39.535613,59.750013,0.05838226843407658
2023-02-08 12:59:19,39.541192,60.206552,0.06115164440061598
2023-02-08 13:06:16,39.546019,60.643666,0.06038537351262787
2023-02-08 13:21:16,39.556435,61.715937,0.06530591685560956
2023-02-08 13:36:16,39.566852,62.956344,0.0633513372169215
2023-02-08 13:51:18,39.577292,64.357829,0.06394716493675855
2023-02-08 13:59:20,39.58287,65.167976,0.06740541895952096
2023-02-08 14:06:17,39.587697,65.9016,0.07156088274198655
2023-02-08 14:21:17,39.598113,67.583107,0.07081629196290964
2023-02-08 14:36:16,39.608519,69.387747,0.07736245289521997
2023-02-08 14:51:22,39.619005,71.322136,0.08496862118090084
2023-02-08 14:59:42,39.624792,72.43565,0.07827183085919572
2023-02-08 15:05:45,39.628993,73.263188,0.07156326381864123
2023-02-08 15:07:37,39.630289,73.521645,0.07308127424621327
2023-02-08 15:09:27,39.631563,73.77689,0.0731126497527911
2023-02-08 15:15:23,39.635683,74.612265,0.07132546506000238
2023-02-08 15:21:02,39.639606,75.420538,0.073211979713977
2023-02-08 15:32:06,39.647292,77.037764,0.08039783040501668
2023-02-08 16:02:23,39.668322,81.662434,0.08461539643967865
2023-02-09 07:53:27,40.328785,79.084009,0.18120130008543664
2023-02-09 08:30:38,40.354606,73.611416,0.1553590955803354
2023-02-10 07:37:41,41.317836,81.298792,0.1490568046953593
2023-02-10 07:41:31,41.320498,80.695444,0.15943536303743486
2023-02-10 07:46:23,41.323877,79.934645,0.15911308990811474
2023-02-10 07:52:00,41.327778,79.064406,0.15780770358568383
2023-02-10 07:58:47,41.332488,78.025466,0.15183085653432676
2023-02-10 08:07:32,41.338565,76.706428,0.13849187843438338
2023-02-10 08:18:32,41.346204,75.084997,0.14651504631851106
2023-02-10 08:28:05,41.352836,73.713435,0.14525128227511963
2023-02-10 08:29:55,41.354109,73.454208,0.15285979896091
2023-02-10 09:36:21,41.400243,65.126259,0.109064106319014
2023-02-10 09:51:22,41.410671,63.584779,0.10449673085867112
2023-02-10 09:59:36,41.416389,62.802318,0.10470186093473559
2023-02-10 10:07:43,41.422025,62.076687,0.10396740687807461
2023-02-10 10:21:20,41.431481,60.966103,0.10327202765306501
2023-02-10 10:36:20,41.441898,59.905636,0.09552588669672576
2023-02-10 10:51:22,41.452338,59.023639,0.09747137794915134
2023-02-10 10:59:28,41.457963,58.626547,0.09375901316021618
2023-02-10 11:06:21,41.462743,58.333279,0.0896787981562503
2023-02-10 11:21:24,41.473194,57.836628,0.08115922420509836
2023-02-10 11:36:20,41.483565,57.544008,0.1055387935508716
2023-02-10 11:51:22,41.494005,57.45406,0.1020369879710193
2023-02-10 11:59:27,41.499618,57.491014,0.09291603924593432
2023-02-10 12:06:21,41.50441,57.569691,0.09364797241267762
2023-02-10 12:21:21,41.514826,57.889442,0.08661580577481513
2023-02-10 12:36:21,41.525243,58.409798,0.08593383048039323
2023-02-10 12:51:22,41.535671,59.126124,0.08734138498204295
2023-02-10 12:59:20,41.541204,59.583072,0.08686849001573388
2023-02-10 13:06:21,41.546076,60.028409,0.08811794888264439
2023-02-10 13:21:21,41.556493,61.110605,0.08636236654481885
2023-02-10 13:36:22,41.566921,62.36345,0.08681299898025731
2023-02-10 13:51:23,41.57735,63.775221,0.09013280144191214
2023-02-10 13:59:22,41.582894,64.586682,0.10133980740448535
2023-02-10 14:06:21,41.587743,65.329451,0.10064677768629553
2023-02-10 14:21:25,41.598206,67.031228,0.12067931334084694
2023-02-10 14:36:22,41.608588,68.844821,0.10434263533911432
2023-02-10 14:51:23,41.619016,70.780982,0.10358617862247896
2023-02-10 14:59:38,41.624745,71.88989,0.10187079321246985
2023-02-10 15:05:20,41.628704,72.673518,0.09709046889587661
2023-02-10 15:07:11,41.629988,72.930811,0.0975331987095704
2023-02-10 15:12:50,41.633912,73.725294,0.09817109329136034
2023-02-10 15:18:56,41.638148,74.597277,0.10076350186070807
2023-02-10 15:24:23,41.641933,75.388298,0.10055038574870415
2023-02-10 15:35:26,41.649606,77.024682,0.10024679535349523
2023-02-10 16:01:25,41.66765,81.022871,0.09431267386372284
2023-02-10 16:05:16,41.670324,81.630429,0.09447407435204866
2023-02-11 07:36:07,42.316748,81.305706,0.046344102463538074
2023-02-11 07:40:01,42.319456,80.688841,0.04636317284247608
2023-02-11 07:44:43,42.32272,79.950285,0.04520736969567844
2023-02-11 07:50:25,42.326678,79.06229,0.04510797368224757
2023-02-11 07:57:10,42.331366,78.022536,0.04490845750602512
2023-02-11 08:05:44,42.337315,76.72297,0.0447707078123437
2023-02-11 08:16:42,42.344931,75.094979,0.04761055456289703
2023-02-11 08:28:06,42.352847,73.449076,0.048726424331202535
2023-02-11 08:35:01,42.35765,72.47537,0.049764029603467985
2023-02-11 08:43:08,42.363287,71.358324,0.05444516372663752
2023-02-11 09:36:27,42.400312,64.824242,0.05958700154896536
2023-02-11 09:51:24,42.410694,63.28401,0.05852683506587858
2023-02-11 09:59:28,42.416296,62.513864,0.06520158588713405
2023-02-11 10:07:29,42.421863,61.793012,0.08082845151963383
2023-02-11 10:21:22,42.431505,60.654551,0.0635372525658966
2023-02-11 10:36:22,42.441921,59.589472,0.07462850864823636
2023-02-11 10:51:25,42.452373,58.702672,0.07171278355316772
2023-02-11 10:59:30,42.457986,58.304675,0.06986162064022462
2023-02-11 11:06:23,42.462766,58.010092,0.06820817666098772
2023-02-11 11:21:22,42.473171,57.513016,0.06967710980278376
2023-02-11 12:36:22,42.525255,58.08818,0.07674423726141882
2023-02-11 12:51:24,42.535694,58.809003,0.07656641297498694
2023-02-11 12:59:23,42.541238,59.269309,0.08339433823771529
2023-02-11 13:06:22,42.546088,59.714748,0.08984996076251456
2023-02-11 13:21:23,42.556516,60.803277,0.09213440800642493
2023-02-11 15:07:02,42.629884,72.642518,0.12398222373552138
2023-02-11 15:09:04,42.631296,72.927654,0.1232926685289543
2023-02-11 15:14:54,42.635347,73.754943,0.11408766762862495
2023-02-11 15:37:07,42.650775,77.022372,0.0872608805771254
2023-02-11 15:45:46,42.656782,78.339583,0.08838854745233984
2023-02-11 16:02:55,42.668692,81.014287,0.09059082407103021
2023-02-11 16:06:49,42.6714,81.632676,0.09024231507099695
2023-02-12 08:04:11,43.336238,76.699407,0.051233078613510334
2023-02-12 08:14:58,43.343727,75.088137,0.04984196398112782
2023-02-12 08:24:07,43.350081,73.753414,0.05165826639383324
2023-02-12 09:21:24,43.389861,66.223837,0.056046178856146586
2023-02-12 09:36:23,43.400266,64.535496,0.06209050142995687
2023-02-12 09:51:24,43.410694,62.981858,0.06855758870022485
2023-02-12 09:59:30,43.416319,62.205381,0.07478959234506927
2023-02-12 10:06:43,43.421331,61.551793,0.07804443251992084
2023-02-12 10:21:23,43.431516,60.339713,0.07833900713669452
2023-02-12 10:36:23,43.441933,59.269895,0.07868118877698957
2023-02-12 10:51:24,43.452361,58.380811,0.07928162337840229
2023-02-12 10:59:26,43.45794,57.983046,0.07508169274548333
2023-02-12 11:06:22,43.462755,57.684599,0.07651672676500522
2023-02-12 11:21:23,43.473183,57.183913,0.07629566595596766
2023-02-12 11:36:22,43.483588,56.887299,0.0748681809604392
2023-02-12 11:51:23,43.494016,56.79676,0.07422673613228423
2023-02-12 11:59:25,43.499595,56.833749,0.07447674319758905
2023-02-12 12:06:23,43.504433,56.913962,0.07539133405909947
2023-02-12 12:21:22,43.514838,57.236884,0.07413731198922047
2023-02-12 12:36:22,43.525255,57.762631,0.07446268260945994
2023-02-12 12:51:24,43.535694,58.487066,0.0781036214584796
2023-02-12 12:59:22,43.541227,58.948603,0.07609609133596887
2023-02-12 13:06:23,43.5461,59.398318,0.08005595646185994
2023-02-12 13:21:23,43.556516,60.490807,0.07899144125157476
2023-02-12 13:36:24,43.566944,61.75501,0.07767989194250075
2023-02-12 13:51:25,43.577373,63.178927,0.07648044290647849
2023-02-12 13:59:27,43.582951,64.002331,0.07575011628516173
2023-02-12 14:06:24,43.587778,64.747619,0.07421521005441167
2023-02-12 14:21:24,43.598194,66.454699,0.07584550381511602
2023-02-12 14:36:24,43.608611,68.287237,0.07685071160726153
2023-02-12 14:51:25,43.619039,70.236431,0.0805044309137102
2023-02-12 14:59:29,43.624641,71.327208,0.08123006999159177
2023-02-12 15:05:30,43.628819,72.159428,0.080355622597978
2023-02-12 15:13:56,43.634676,73.351251,0.08314599416640228
2023-02-12 15:20:12,43.639028,74.255069,0.08166425942553857
2023-02-12 15:21:50,43.640162,74.493083,0.08176425349869712
2023-02-12 15:23:44,43.641481,74.771195,0.08035696028832194
2023-02-12 15:25:39,43.642812,75.053077,0.08281468413228708
2023-02-12 15:27:52,43.644352,75.380718,0.08166501215573885
2023-02-12 15:38:59,43.652072,77.049231,0.0843934175641914
2023-02-12 16:08:25,43.672512,81.643876,0.10023957812041358
2023-02-13 07:32:58,44.31456,81.313111,0.15039628108700145
2023-02-13 07:37:06,44.317431,80.653089,0.1504058224338043
2023-02-13 07:53:58,44.329144,78.003374,0.15749188026218208
2023-02-13 08:02:29,44.335058,76.695986,0.1722069356529094
2023-02-13 08:13:12,44.3425,75.084049,0.1871172142546121
2023-02-13 08:23:06,44.349375,73.630794,0.1807385067379093
2023-02-13 08:25:10,44.35081,73.332043,0.17103577756289068
2023-02-13 08:31:30,44.355208,72.426938,0.17505840730087308
2023-02-13 08:39:06,44.360486,71.362405,0.16668952667289477
2023-02-13 09:04:46,44.37831,67.959089,0.17128891097620605
2023-02-13 09:13:13,44.384178,66.909553,0.17584418020563236
2023-02-13 09:21:21,44.389826,65.935582,0.16897145711072675
2023-02-13 09:36:23,44.400266,64.235005,0.19523024341708167
2023-02-13 09:51:27,44.410729,62.670228,0.17919385065231333
2023-02-13 09:59:27,44.416285,61.900155,0.17966549534587503
2023-02-13 10:08:20,44.422454,61.097162,0.18113177414073175
2023-02-13 10:21:25,44.431539,60.019138,0.18539140903854354
2023-02-13 10:36:23,44.441933,58.947036,0.20026382495345452
2023-02-13 10:51:32,44.452454,58.046705,0.2070950550322675
2023-02-13 10:59:36,44.458056,57.646433,0.21054002526599966
2023-02-13 12:21:23,44.51485,56.90577,0.2010337222022073
2023-02-13 12:36:23,44.525266,57.434655,0.22848193811292283
2023-02-13 12:51:24,44.535694,58.162234,0.19414845679265463
2023-02-13 12:59:23,44.541238,58.627167,0.19546657188903532
2023-02-13 13:06:22,44.546088,59.076995,0.18832304615865894
2023-02-13 13:21:23,44.556516,60.175909,0.1781524830870471
2023-02-13 13:36:23,44.566933,61.444453,0.18926125248263703
2023-02-13 13:51:25,44.577373,62.876106,0.1790398903562292
2023-02-13 13:59:46,44.583171,63.736403,0.18634216482931026
2023-02-13 14:06:23,44.587766,64.449448,0.18199634108000665
2023-02-13 14:21:26,44.598218,66.168952,0.20344201083520339
2023-02-13 14:36:23,44.6086,68.002109,0.21150016843787922
2023-02-13 14:51:25,44.619039,69.960057,0.21008870753599987
2023-02-13 15:00:55,44.625637,71.251783,0.18499058674506555
2023-02-13 15:07:27,44.630174,72.162978,0.19402945909140867
2023-02-13 15:16:58,44.636782,73.52146,0.17734238629249874
2023-02-13 15:23:51,44.641562,74.525812,0.18104301641006995
2023-02-13 15:25:42,44.642847,74.798717,0.1774335977295695
2023-02-13 15:27:36,44.644167,75.08027,0.17413427089735944
2023-02-13 15:29:31,44.645498,75.365578,0.17486576634393639
2023-02-13 15:31:15,44.646701,75.62469,0.1874043282746961
2023-02-13 15:41:51,44.654063,77.230938,0.1994416361893543
2023-02-13 15:55:49,44.663762,79.399541,0.21046267602648178
2023-02-13 16:01:21,44.667604,80.273294,0.2154086534666469
2023-02-13 16:05:58,44.67081,81.007917,0.22415390228918247
2023-02-14 07:31:34,45.313588,81.284297,0.08689253064790667
2023-02-14 07:35:34,45.316366,80.642645,0.08762662282202571
2023-02-14 07:40:05,45.319502,79.922429,0.09661748436249726
2023-02-14 07:45:41,45.323391,79.03639,0.1046537014867752
2023-02-14 07:52:14,45.32794,78.010599,0.11080094095805636
2023-02-14 08:00:44,45.333843,76.6979,0.10742938131243146
2023-02-14 08:11:25,45.341262,75.080404,0.1132890222729691
2023-02-14 08:21:44,45.348426,73.555878,0.10978003149045094
2023-02-14 08:23:38,45.349745,73.279385,0.10725244410000713
2023-02-14 08:29:31,45.353831,72.432074,0.10046158463285693
2023-02-14 08:37:06,45.359097,71.360443,0.10101032341791275
2023-02-14 09:21:23,45.38985,65.63307,0.10047409852101587
2023-02-14 09:36:22,45.400255,63.931884,0.1125081116129913
2023-02-14 09:51:23,45.410683,62.365739,0.11857972585008025
2023-02-14 09:59:31,45.416331,61.579623,0.11500744955627097
2023-02-14 10:06:46,45.421366,60.91763,0.11640229186778009
2023-02-14 10:21:22,45.431505,59.700709,0.11886615231453533
2023-02-14 10:36:22,45.441921,58.621026,0.1160790917523084
2023-02-14 10:51:23,45.45235,57.723491,0.12594197070547783
2023-02-14 10:59:24,45.457917,57.322659,0.13174293324287734
2023-02-14 11:06:21,45.462743,57.020535,0.11437496658830287
2023-02-14 11:21:21,45.47316,56.515438,0.12772981931280153
2023-02-14 11:36:22,45.483588,56.215386,0.12150036333509372
2023-02-14 11:51:23,45.494016,56.124488,0.12643969783758224
2023-02-14 11:59:25,45.499595,56.162197,0.1427803692959035
2023-02-14 12:06:22,45.504421,56.243297,0.13449350599571985
2023-02-14 12:21:21,45.514826,56.57,0.13696955903668437
2023-02-14 12:36:23,45.525266,57.102977,0.12969488247389785
2023-02-14 12:51:23,45.535683,57.833704,0.18121070294491243
2023-02-14 12:59:23,45.541238,58.302056,0.18381997662798333
2023-02-14 13:06:22,45.546088,58.754242,0.19594077914822938
2023-02-14 13:21:22,45.556505,59.857376,0.17182842835668713
2023-02-14 13:36:23,45.566933,61.133306,0.18684210961968326
2023-02-14 13:51:24,45.577361,62.569741,0.18490917454285463
2023-02-14 13:59:34,45.583032,63.414202,0.18419685562920515
2023-02-14 14:06:23,45.587766,64.151447,0.18357088243653116
2023-02-14 14:21:26,45.598218,65.877804,0.18953958854489567
2023-02-14 14:36:23,45.6086,67.717795,0.17710479795568596
2023-02-14 14:51:23,45.619016,69.678081,0.1849102371442337
2023-02-14 15:00:04,45.625046,70.860884,0.17503770243668373
2023-02-14 15:06:17,45.629363,71.728011,0.17508967353740895
2023-02-14 15:15:39,45.635868,73.064522,0.1590091149544187
2023-02-14 15:22:17,45.640475,74.031658,0.15488354868726784
2023-02-14 15:24:08,45.641759,74.3043,0.1642395947961298
2023-02-14 15:26:04,45.643102,74.590543,0.16526932977647527
2023-02-14 15:27:54,45.644375,74.863207,0.16978994133504408
2023-02-14 15:31:22,45.646782,75.381989,0.17721876997521677
2023-02-14 15:42:16,45.654352,77.039156,0.16346969602496078
2023-02-14 16:07:38,45.671968,81.029091,0.1798950059607369
2023-02-14 16:11:32,45.674676,81.6563,0.1791690906347977
2023-02-15 07:29:51,46.312396,81.303592,0.08249394211372743
2023-02-15 07:33:46,46.315116,80.672248,0.08494022931413461
2023-02-15 07:38:22,46.31831,79.935032,0.08571264971614588
2023-02-15 07:43:52,46.32213,79.060197,0.08181870201049761
2023-02-15 07:50:33,46.326771,78.007706,0.08308337908120784
2023-02-15 07:59:04,46.332685,76.68483,0.08237248971122502
2023-02-15 08:09:55,46.34022,75.032161,0.07968021537321199
2023-02-15 08:20:10,46.347338,73.5077,0.08312576469855497
2023-02-15 08:22:15,46.348785,73.202519,0.08249135241170252
2023-02-15 08:27:32,46.352454,72.43599,0.07876045609562794
2023-02-15 08:35:07,46.35772,71.355073,0.07977593345934464
2023-02-15 08:44:09,46.363993,70.098946,0.0803070170654071
2023-02-15 09:08:12,46.380694,66.937874,0.08845161440513859
2023-02-15 09:13:58,46.384699,66.223011,0.1001505735570109
2023-02-15 09:36:20,46.400231,63.626273,0.08221268191318133
2023-02-15 09:51:21,46.41066,62.053682,0.09054159758169245
2023-02-15 09:59:26,46.416273,61.268905,0.0932546493592311
2023-02-15 10:08:08,46.422315,60.475217,0.10120701686803439
2023-02-15 10:21:20,46.431481,59.376809,0.0789669661484212
2023-02-15 10:36:19,46.441887,58.2931,0.0797849921975242
2023-02-15 10:51:22,46.452338,57.38915,0.08632160622993743
2023-02-15 10:59:22,46.457894,56.987199,0.07815046765047146
2023-02-15 11:06:20,46.462731,56.682866,0.09773719936363225
2023-02-15 11:21:20,46.473148,56.175415,0.08010624047761371
2023-02-15 11:36:19,46.483553,55.874513,0.0947888919706118
2023-02-16 07:36:48,47.317222,79.921159,0.08874742878748612
2023-02-16 16:10:30,47.673958,81.00019,0.11162920195173949
2023-02-16 16:14:24,47.676667,81.632941,0.11221391715283664
2023-02-17 07:26:56,48.31037,81.2505,0.1148308359960274
2023-02-17 07:30:36,48.312917,80.654218,0.11424965097341974
2023-02-17 07:35:18,48.316181,79.893988,0.11563991963785518
2023-02-17 07:40:33,48.319826,79.050743,0.11589479954030946
2023-02-17 07:47:12,48.324444,77.992475,0.12299138145559528
2023-02-17 07:55:25,48.33015,76.701488,0.124183231420458
2023-02-17 08:06:08,48.337593,75.048014,0.1253308508836184
2023-02-17 08:16:17,48.344641,73.516701,0.12448478023227129
2023-02-17 08:18:15,48.346007,73.224169,0.12514745573965771
2023-02-17 09:36:15,48.400174,63.004461,0.11370903191231044
2023-02-17 09:51:16,48.410602,61.418913,0.11273965874155484
2023-02-17 09:59:31,48.416331,60.61155,0.12131346551176062
2023-02-17 10:07:29,48.421863,59.877188,0.12819641599782094
2023-02-17 10:21:15,48.431424,58.718259,0.12730729178489786
2023-02-17 10:36:15,48.44184,57.623172,0.14290395139431017
2023-02-17 10:51:16,48.452269,56.712422,0.1284610987891464
2023-02-17 11:36:15,48.483507,55.181778,0.12274480352103431
2023-02-17 11:51:16,48.493935,55.089952,0.11230363068229055
2023-02-17 11:59:22,48.49956,55.129172,0.11705308463045214
2023-02-17 12:06:15,48.50434,55.211305,0.11935749220735957
2023-02-17 12:21:15,48.514757,55.544423,0.12883478488250272
2023-02-17 12:36:16,48.525185,56.086064,0.11500259144248291
2023-02-17 12:51:16,48.535602,56.828813,0.11018946627324534
2023-02-17 13:06:16,48.546019,57.765009,0.12151616185869446
2023-02-17 13:21:15,48.556424,58.883608,0.11308880013630844
2023-02-17 13:36:16,48.566852,60.177798,0.11535405128745364
2023-02-17 13:51:17,48.57728,61.633681,0.13139033772903175
2023-02-17 14:21:18,48.598125,64.980587,0.12099850584731273
2023-02-17 14:51:16,48.618935,68.82394,0.12614713254173307
2023-02-17 15:05:39,48.628924,70.820273,0.12307249491365814
2023-02-17 15:07:35,48.630266,71.095378,0.11794425393293102
2023-02-17 15:15:44,48.635926,72.271576,0.12375569833114054
2023-02-17 15:21:58,48.640255,73.188415,0.12908737683022295
2023-02-17 15:23:49,48.641539,73.463281,0.11845755950710762
2023-02-17 15:25:40,48.642824,73.739376,0.1217740172656997
2023-02-17 15:31:26,48.646829,74.607673,0.12971075327045242
2023-02-17 15:36:37,48.650428,75.397697,0.13040197489644603
2023-02-17 16:07:32,48.671898,80.274155,0.13964621913770076
2023-02-17 16:12:04,48.675046,81.009195,0.14351455733977217
2023-02-17 16:15:58,48.677755,81.644777,0.13677427939059209
2023-02-18 07:33:26,49.314884,79.923657,0.15238962980629198
2023-02-18 07:39:00,49.31875,79.025175,0.13948659046549988
2023-02-18 07:45:27,49.323229,77.993537,0.15846163742028563
2023-02-18 08:04:11,49.336238,75.062655,0.13117697885735194
2023-02-18 08:14:37,49.343484,73.478068,0.14021667480687763
2023-02-18 08:16:38,49.344884,73.176108,0.13977678576969738
2023-02-18 08:21:36,49.348333,72.438711,0.16669653999898695
2023-02-18 08:29:08,49.353565,71.337953,0.13420235839207156
2023-02-18 08:38:03,49.359757,70.064347,0.13627854584352536
2023-02-18 09:06:15,49.37934,66.268985,0.13199860677825406
2023-02-18 09:21:11,49.389711,64.420239,0.1745327101086604
2023-02-18 09:36:11,49.400127,62.690361,0.1543172879856733
2023-02-18 09:51:12,49.410556,61.098139,0.15159883445530575
2023-02-18 09:59:19,49.416192,60.299955,0.1428354482764639
2023-02-18 10:06:55,49.42147,59.594491,0.1435744344107822
2023-02-18 10:21:14,49.431412,58.381215,0.16249088196085038
2023-02-18 10:36:11,49.441794,57.284748,0.1476748422993807
2023-02-18 10:51:12,49.452222,56.369396,0.17772163353674278
2023-02-18 13:36:11,49.566794,59.851719,0.16649652412662652
2023-02-18 13:51:13,49.577234,61.315754,0.18585472036822423
2023-02-18 13:59:30,49.582986,62.187446,0.16762992161206777
2023-02-18 14:06:12,49.587639,62.924499,0.16578288001343025
2023-02-18 14:21:18,49.598125,64.684578,0.15046568235747862
2023-02-18 14:36:17,49.60853,66.556837,0.13549281843973104
2023-02-18 14:51:12,49.618889,68.533773,0.1484288069322495
2023-02-18 14:59:18,49.624514,69.650621,0.13103913211377619
2023-02-18 15:05:15,49.628646,70.489164,0.1340668235971514
2023-02-18 15:07:07,49.629942,70.755286,0.1371729242259551
2023-02-18 15:15:34,49.63581,71.977652,0.13940262818202528
2023-02-18 15:21:56,49.640231,72.916773,0.13824717663176692
2023-02-18 15:23:41,49.641447,73.17752,0.1384498311247935
2023-02-18 15:27:34,49.644144,73.760024,0.14091714973519576
2023-02-18 15:33:11,49.648044,74.611731,0.13564932029169988
2023-02-18 15:38:15,49.651562,75.388983,0.14365228687965795
2023-02-18 15:48:58,49.659005,77.059135,0.1554210009872617
2023-02-18 16:09:03,49.672951,80.273143,0.1456515012071722
2023-02-18 16:13:40,49.676157,81.025113,0.14684253306381326
2023-02-19 07:23:23,50.307905,81.290684,0.046982025641820226
2023-02-19 07:27:14,50.310579,80.658962,0.04639567841450455
2023-02-19 07:31:52,50.313796,79.902571,0.04464034973216402
2023-02-19 07:37:09,50.317465,79.045734,0.04403106083391806
2023-02-19 07:43:46,50.32206,77.982005,0.04681465776226067
2023-02-19 07:51:53,50.327697,76.692693,0.045931525851785844
2023-02-19 08:02:20,50.334954,75.060562,0.04498982610576632
2023-02-19 08:11:22,50.341227,73.67737,0.046261623078216685
2023-02-19 08:13:14,50.342523,73.394957,0.047202851386955146
2023-02-19 08:19:35,50.346933,72.443444,0.046377990719954465
2023-02-19 08:35:48,50.358194,70.082506,0.04664527193332273
2023-02-19 08:44:13,50.364039,68.899588,0.04826036292379501
2023-02-19 08:49:56,50.368009,68.113886,0.04941153696518745
2023-02-19 08:51:42,50.369236,67.874089,0.048366470594804506
2023-02-19 08:59:43,50.374803,66.804505,0.049012160866794795
2023-02-19 09:21:05,50.389641,64.113155,0.05300361647287265
2023-02-19 09:36:06,50.400069,62.374325,0.054840710008705926
2023-02-19 09:51:08,50.410509,60.773603,0.048707728820439215
2023-02-19 09:59:04,50.416019,59.989546,0.04755662177967563
2023-02-19 10:07:40,50.421991,59.189665,0.04937089119842732
2023-02-19 10:21:06,50.431319,58.04975,0.05024984487263746
2023-02-19 10:36:06,50.441736,56.943829,0.05146068720490194
2023-02-19 10:51:07,50.452164,56.023735,0.05881977469878714
2023-02-19 10:59:02,50.457662,55.617404,0.05720860939680984
2023-02-19 11:06:06,50.462569,55.302003,0.05900788540673435
2023-02-19 11:21:05,50.472975,54.7845,0.060657884834685455
2023-02-19 11:36:05,50.483391,54.47708,0.07034094413626973
2023-02-19 11:51:08,50.493843,54.384207,0.08046611275709134
2023-02-19 11:59:03,50.49934,54.422512,0.08311220520850084
2023-02-19 12:06:06,50.504236,54.507119,0.08372763289863543
2023-02-19 12:21:06,50.514653,54.844177,0.08256225407240948
2023-02-19 12:36:06,50.525069,55.391266,0.08383613164249584
2023-02-19 12:51:07,50.535498,56.142908,0.07985804316501033
2023-02-19 12:59:09,50.541076,56.625929,0.08066866758573
2023-02-19 13:06:07,50.545914,57.08901,0.08135742245961428
2023-02-19 13:21:07,50.556331,58.220287,0.08842027249802922
2023-02-19 13:36:09,50.566771,59.528671,0.08586886283450329
2023-02-19 13:51:08,50.577176,60.994734,0.0900735803569093
2023-02-19 13:59:05,50.582697,61.834125,0.08808501334765359
2023-02-19 14:06:07,50.587581,62.610367,0.08779902450902743
2023-02-19 14:21:07,50.597998,64.365377,0.08888269460588809
2023-02-19 14:36:07,50.608414,66.246012,0.08651765962364025
2023-02-19 14:51:08,50.618843,68.242901,0.09254572157798784
2023-02-19 14:59:14,50.624468,69.363493,0.09071296423969234
2023-02-19 15:04:58,50.628449,70.173854,0.08790611642101212
2023-02-19 15:06:49,50.629734,70.438262,0.08837815259892655
2023-02-19 15:15:04,50.635463,71.634245,0.09166503688574935
2023-02-19 15:21:00,50.639583,72.510615,0.08846962560269263
2023-02-19 15:22:49,50.640845,72.781538,0.0869630587338885
2023-02-19 15:29:14,50.645301,73.747839,0.09041942227164744
2023-02-19 15:35:02,50.649329,74.633354,0.08490520064063509
2023-02-19 15:39:59,50.652766,75.39772,0.0878429113014629
2023-02-19 16:05:11,50.670266,79.398431,0.08972554121435826
2023-02-19 16:10:39,50.674062,80.287222,0.08923346103287354
2023-02-19 16:15:05,50.677141,81.012531,0.08782693335059219
2023-02-19 16:18:54,50.679792,81.639864,0.08832125586309958
2023-02-21 09:00:27,52.375312,66.076236,0.21210915943516404
2023-02-21 09:06:50,52.379745,65.244143,0.23064794853017348
2023-02-21 09:20:54,52.389514,63.486102,0.24172614546312515
2023-02-21 11:50:55,52.493692,53.666645,0.16124026913176012
2023-02-21 12:20:54,52.514514,54.132195,0.3405703620249963
2023-02-21 12:35:55,52.524942,54.686312,0.2014131076705498
2023-02-21 12:59:35,52.541377,55.974706,0.23333664858374573
2023-02-21 13:35:54,52.566597,58.861211,0.30032178901264595
2023-02-21 15:53:38,52.662245,77.036673,0.4264585248402065
2023-02-21 16:01:50,52.66794,78.357092,0.4354362964981884
2023-02-21 16:08:14,52.672384,79.398884,0.43623373932431364
2023-02-21 16:13:37,52.676123,80.282046,0.4384772291817136
2023-03-02 13:19:28,61.555185,54.395242,0.08430211066444812
2023-03-02 13:34:29,61.565613,55.775802,0.06926760539772107
2023-03-02 13:49:30,61.576042,57.323194,0.07374541117868143
2023-03-02 13:57:28,61.581574,58.207018,0.06929490354282267
2023-03-02 14:04:32,61.586481,59.025284,0.074413874710371
2023-03-02 14:49:30,61.617708,64.893985,0.07932291439697627
2023-03-02 14:57:39,61.623368,66.063739,0.09503694706132869
2023-03-02 15:16:57,61.636771,68.941355,0.09535365174778232
2023-03-02 15:26:25,61.643345,70.402753,0.08764967759995039
2023-03-02 15:34:51,61.649201,71.729651,0.09372390942447241
2023-03-02 15:40:54,61.653403,72.695,0.08419192091429045
2023-03-02 15:43:02,61.654884,73.03793,0.09733298560584612
2023-03-02 15:52:46,61.661644,74.618315,0.10056030897186852
2023-03-02 16:07:23,61.671794,77.035711,0.11762966608597178
2023-03-02 16:15:13,61.677234,78.350266,0.11279304411591456
2023-03-03 07:02:42,62.293542,81.273018,0.06776794864608776
2023-03-03 07:06:30,62.296181,80.620703,0.0701469636980382
2023-03-03 07:10:50,62.29919,79.879086,0.07033196772241532
2023-03-03 07:22:03,62.306979,77.972961,0.06087855710176085
2023-03-03 07:29:45,62.312326,76.677772,0.059945794061174736
2023-03-03 07:39:36,62.319167,75.039377,0.0610235802428172
2023-03-03 07:48:51,62.32559,73.521927,0.06300502549039853
2023-03-03 07:50:43,62.326887,73.218393,0.06469191323328648
2023-03-03 07:55:44,62.33037,72.40738,0.06678015205408007
2023-03-03 08:02:31,62.335081,71.322258,0.06869557519025266
2023-03-03 08:10:34,62.340671,70.052914,0.06479163352045486
2023-03-03 08:18:52,62.346435,68.766548,0.06531600232738134
2023-03-03 08:24:35,62.350405,67.894601,0.0684636350808417
2023-03-03 08:31:05,62.354919,66.917932,0.06681032452275566
2023-03-03 08:44:46,62.364421,64.917069,0.06596739531930856
2023-03-03 08:49:17,62.367558,64.274154,0.0650377449466809
2023-03-03 08:57:30,62.373264,63.128481,0.06376221126316156
2023-03-03 09:04:16,62.377963,62.209337,0.06356259594776273
2023-03-03 09:19:15,62.388368,60.258397,0.06704041870976558
2023-03-03 09:34:16,62.398796,58.430353,0.07076845806674896
2023-03-03 09:49:18,62.409236,56.741553,0.13280498942759955
2023-03-03 09:57:26,62.414884,55.891789,0.1326796946425606
2023-03-03 10:34:17,62.440475,52.67365,0.17802036703984073
2023-03-03 13:19:16,62.555046,54.037415,0.3384083506808707
2023-03-03 13:34:23,62.565544,55.435045,0.2132273537678701
2023-03-03 13:57:45,62.581771,57.923404,0.22644144999770116
2023-03-03 14:57:59,62.6236,65.833355,0.1682224416441599
2023-03-03 15:04:09,62.627882,66.741252,0.22482078723049667
2023-03-03 15:49:01,62.659039,73.753218,0.3338214042624657
2023-03-04 07:00:56,63.292315,81.269587,0.07670545285120056
2023-03-04 07:04:33,63.294826,80.64675,0.07590944070315567
2023-03-04 07:08:50,63.297801,79.911159,0.07653007407338334
2023-03-04 07:13:57,63.301354,79.035837,0.07528361074104647
2023-03-04 07:20:10,63.305671,77.977998,0.07571107004309587
2023-03-04 07:28:00,63.311111,76.655115,0.07755769873079542
2023-03-04 07:37:38,63.317801,75.045679,0.07843252417924824
2023-03-04 07:46:53,63.324225,73.520638,0.07752114177218004
2023-03-04 07:48:44,63.325509,73.218223,0.07705313287251526
2023-03-04 07:53:36,63.328889,72.427052,0.07627984698687715
2023-03-04 08:00:32,63.333704,71.31137,0.07609059915914623
2023-03-04 08:08:22,63.339144,70.068273,0.0761286693926215
2023-03-04 08:16:46,63.344977,68.757257,0.07618013296794929
2023-03-04 08:22:29,63.348947,67.878874,0.07696363737946682
2023-03-04 08:28:52,63.35338,66.912111,0.07850501514584472
2023-03-04 08:42:22,63.362755,64.920022,0.07894742981360059
2023-03-04 08:49:03,63.367396,63.962179,0.07841497566837478
2023-03-04 08:57:16,63.373102,62.812323,0.07947889202250907
2023-03-04 09:04:02,63.377801,61.889673,0.07919976821168054
2023-03-04 09:19:02,63.388218,59.92871,0.07876580379056383
2023-03-04 09:34:02,63.398634,58.094735,0.08303547860532402
2023-03-04 09:49:03,63.409062,56.399706,0.08889769966971744
2023-03-04 09:57:09,63.414687,55.548977,0.0879001652068248
2023-03-04 10:05:54,63.420764,54.683383,0.0890565674111027
2023-03-04 10:19:02,63.429884,53.494396,0.08882521738608447
2023-03-04 10:34:02,63.440301,52.309134,0.09441046109316426
2023-03-04 10:49:03,63.450729,51.319956,0.08664500451586214
2023-03-04 10:57:06,63.456319,50.875324,0.08340563584266787
2023-03-04 11:04:02,63.461134,50.541982,0.08413939073681193
2023-03-04 11:19:01,63.471539,49.983006,0.08326790816901296
2023-03-04 11:34:02,63.481968,49.650267,0.0796194987175458
2023-03-04 11:49:03,63.492396,49.55003,0.07987631833030914
2023-03-04 11:57:01,63.497928,49.591881,0.07968398319292552
2023-03-04 12:04:02,63.502801,49.683194,0.07953767068263021
2023-03-04 12:19:02,63.513218,50.047863,0.0961543080719373
2023-03-04 12:34:02,63.523634,50.638794,0.0837841766630205
2023-03-04 12:49:04,63.534074,51.449864,0.08556110681133969
2023-03-04 12:57:00,63.539583,51.962656,0.0868984378090848
2023-03-04 13:04:02,63.544468,52.464404,0.08615239920608234
2023-03-04 13:19:02,63.554884,53.676105,0.09378305191843625
2023-03-04 13:34:03,63.565312,55.070954,0.10078732234566888
2023-03-04 13:49:04,63.575741,56.633394,0.11030612027991255
2023-03-04 13:57:02,63.581273,57.525379,0.11106569928201217
2023-03-04 14:04:03,63.586146,58.344984,0.11758450099261608
2023-03-04 14:19:04,63.596574,60.199128,0.13008348976698259
2023-03-04 14:34:03,63.606979,62.173936,0.1463497390065403
2023-03-04 14:49:07,63.617442,64.272328,0.14480422722698433
2023-03-04 14:57:09,63.623021,65.433023,0.13573372368605166
2023-03-04 15:02:56,63.627037,66.28532,0.1167522300065347
2023-03-04 15:09:21,63.631493,67.246428,0.10973560587538357
2023-03-04 15:20:26,63.63919,68.942452,0.09707552006104284
2023-03-04 15:29:50,63.645718,70.413878,0.09943678580612517
2023-03-04 15:38:06,63.651458,71.731026,0.09690219408623287
2023-03-04 15:55:48,63.66375,74.615812,0.10271578709858625
2023-03-04 16:10:17,63.673808,77.032857,0.10394711534575468
2023-03-04 16:17:57,63.679132,78.329633,0.10908693115277529
2023-03-04 16:24:15,63.683507,79.402909,0.11464703180277207
2023-03-04 16:29:27,63.687118,80.293314,0.11517531425391178
2023-03-04 16:33:36,63.69,81.006447,0.11572597932068208
2023-03-04 16:37:20,63.692593,81.649589,0.12152856949189547
2023-03-05 06:59:11,64.2911,81.262299,0.11145772534646826
2023-03-05 07:02:44,64.293565,80.649076,0.11279432261859648
2023-03-05 07:07:02,64.296551,79.908248,0.1121765521642704
2023-03-05 07:12:10,64.300116,79.027113,0.11467337114740704
2023-03-05 07:18:22,64.304421,77.968327,0.1147412039527864
2023-03-05 07:26:04,64.309769,76.662836,0.11550366086845759
2023-03-05 07:35:42,64.316458,75.046336,0.11428871684305238
2023-03-05 07:45:54,64.323542,73.357756,0.11112264635480275
2023-03-05 07:47:36,64.324722,73.078831,0.11070334869699222
2023-03-05 07:51:44,64.327593,72.403826,0.1095506911339437
2023-03-05 07:58:30,64.332292,71.308893,0.1107850389869043
2023-03-05 08:06:24,64.337778,70.047617,0.11335687117390296
2023-03-05 08:15:19,64.34397,68.647727,0.11462211707648384
2023-03-05 08:21:10,64.348032,67.743849,0.12049115014424663
2023-03-05 08:26:34,64.351782,66.920361,0.12343633218780165
2023-03-05 08:40:01,64.361123,64.917914,0.12587666881207066
2023-03-05 08:48:50,64.367245,63.645945,0.12419953428585342
2023-03-05 08:57:11,64.373044,62.473519,0.13156110630291176
2023-03-05 09:03:49,64.37765,61.565892,0.12559109774009097
2023-03-05 09:18:49,64.388067,59.597158,0.13192952811162298
2023-03-05 09:33:49,64.398484,57.755309,0.13433742591718073
2023-03-05 09:48:50,64.408912,56.052436,0.1321393350955851
2023-03-05 09:56:53,64.414502,55.202684,0.13621529169874455
2023-03-05 10:05:42,64.420625,54.325964,0.13880946967693092
2023-03-05 10:18:49,64.429734,53.132278,0.140983526000357
2023-03-05 10:33:49,64.44015,51.940402,0.1351161967239557
2023-03-05 10:48:50,64.450579,50.945439,0.13028059110599027
2023-03-05 10:56:53,64.456169,50.498127,0.13160646960676237
2023-03-05 11:03:49,64.460984,50.162744,0.13893998432739968
2023-03-05 11:18:49,64.4714,49.59979,0.1314387750745763
2023-03-05 11:33:49,64.481817,49.265467,0.14479118650842177
2023-03-05 11:48:50,64.492245,49.164644,0.16733482397009983
2023-03-05 11:56:49,64.497789,49.206964,0.1656858909006034
2023-03-05 12:03:49,64.50265,49.298748,0.16826095243686945
2023-03-05 12:18:50,64.513079,49.666376,0.16816468442178828
2023-03-05 12:33:49,64.523484,50.260569,0.155119936543333
2023-03-05 12:48:50,64.533912,51.07564,0.17241195086345254
2023-03-05 12:56:45,64.53941,51.590242,0.18065757446525416
2023-03-05 13:03:49,64.544317,52.097214,0.1873104143723704
2023-03-05 13:18:49,64.554734,53.315733,0.20833704772181372
2023-03-05 13:33:50,64.565162,54.717979,0.21460889257553123
2023-03-05 13:48:51,64.57559,56.288177,0.1904733638326072
2023-03-05 13:56:55,64.581192,57.195873,0.1887746809940697
2023-03-05 14:03:51,64.586007,58.00967,0.18881091262751265
2023-03-05 14:18:51,64.596424,59.869754,0.1939618130064752
2023-03-05 14:33:53,64.606863,61.859154,0.188682444463697
2023-03-05 14:48:52,64.617269,63.953546,0.18175366074982227
2023-03-05 14:57:22,64.623171,65.186526,0.17626408157579573
2023-03-05 15:03:43,64.627581,66.127185,0.17145925052418579
2023-03-05 15:11:14,64.632801,67.260985,0.1723418961018255
2023-03-05 15:22:09,64.640382,68.944197,0.1794199137725177
2023-03-05 15:31:24,64.646806,70.401673,0.1738445759827374
2023-03-05 15:40:44,64.653287,71.899025,0.16416224013923514
2023-03-05 15:52:04,64.661157,73.749822,0.15828271062047053
2023-03-05 16:02:01,64.668067,75.401076,0.14878279291935442
2023-03-05 16:11:49,64.674873,77.048706,0.14853811504257197
2023-03-05 16:19:25,64.68015,78.339222,0.1486848346997897
2023-03-05 16:30:40,64.687963,80.266702,0.15969851755381284
2023-03-06 06:57:27,65.289896,81.251221,0.1964227208017844
2023-03-06 07:00:58,65.292338,80.641973,0.19212613968720338
2023-03-06 07:05:15,65.295312,79.90174,0.19156940247681242
2023-03-06 07:10:21,65.298854,79.023459,0.1863407105646723
2023-03-06 07:16:34,65.303171,77.95812,0.18201473825318495
2023-03-06 07:24:06,65.308403,76.67598,0.18329799051751375
2023-03-06 07:33:53,65.315197,75.0274,0.17063269685255744
2023-03-06 07:43:27,65.32184,73.435751,0.1735799758377905
2023-03-06 07:45:13,65.323067,73.144229,0.17507411604568363
2023-03-06 07:49:35,65.3261,72.427086,0.17230888576882705
2023-03-06 07:56:22,65.33081,71.323141,0.1767639649877032
2023-03-06 08:04:19,65.336331,70.046129,0.17579418983083053
2023-03-06 08:13:54,65.342986,68.532744,0.17185465817257406
2023-03-06 08:20:21,65.347465,67.531306,0.16490056452164012
2023-03-06 08:24:25,65.350289,66.907433,0.15531652568392582
2023-03-06 08:37:40,65.359491,64.917981,0.13999858724368924
2023-03-06 08:48:36,65.367083,63.330324,0.14304649951441886
2023-03-06 08:57:01,65.372928,62.14441,0.14663805808151703
2023-03-06 09:03:36,65.3775,61.240365,0.15059008147098024
2023-03-06 09:18:36,65.387917,59.263874,0.14822712340908492
2023-03-06 09:33:35,65.398322,57.416141,0.19002598573323015
2023-03-06 09:48:36,65.40875,55.705266,0.20005178582252928
2023-03-06 09:56:54,65.414514,54.825511,0.1857959731927679
2023-03-06 10:05:38,65.420579,53.953947,0.19467717971149695
2023-03-06 10:18:36,65.429583,52.768458,0.18166688038321618
2023-03-06 10:33:35,65.439988,51.571205,0.14726267834467915
2023-03-06 10:48:36,65.450417,50.570255,0.14397695134351077
2023-03-06 10:56:34,65.455949,50.124495,0.13803712530747947
2023-03-06 11:03:35,65.460822,49.782638,0.1305034620893786
2023-03-06 11:18:35,65.471238,49.216011,0.13665101470942537
2023-03-06 11:33:35,65.481655,48.879429,0.14361826586435578
2023-03-06 11:48:37,65.492095,48.777883,0.14336960050509676
2023-03-06 11:56:36,65.497639,48.820581,0.14039659870498272
2023-03-06 12:03:35,65.502488,48.912774,0.14086043659913106
2023-03-06 12:18:35,65.512905,49.282179,0.1367321166608146
2023-03-06 12:33:36,65.523333,49.881409,0.13224226708691314
2023-03-06 12:48:37,65.533762,50.701671,0.1335467404740395
2023-03-06 12:56:34,65.539282,51.221735,0.14378676998223672
2023-03-06 13:03:35,65.544155,51.728185,0.13545111362247034
2023-03-06 13:18:35,65.554572,52.953483,0.13634086614274224
2023-03-06 13:33:37,65.565012,54.364756,0.13137977177484716
2023-03-06 13:48:37,65.575428,55.941024,0.1403710876524679
2023-03-06 13:56:40,65.581019,56.851025,0.142857225766147
2023-03-06 14:03:36,65.585833,57.668407,0.1447125537457167
2023-03-06 14:18:36,65.59625,59.536239,0.1436754676608982
2023-03-06 14:33:37,65.606678,61.531006,0.14432429201709407
2023-03-06 14:48:37,65.617095,63.635064,0.14888163898423212
2023-03-06 14:56:54,65.622847,64.84019,0.13836726573519012
2023-03-06 15:02:34,65.626782,65.681,0.12326064613107499
2023-03-06 15:12:58,65.634005,67.256484,0.1248524600477538
2023-03-06 15:23:51,65.641563,68.946705,0.1178439102651292
2023-03-06 15:33:02,65.64794,70.403064,0.11048669426873536
2023-03-06 15:41:42,65.653958,71.800821,0.09591487046000323
2023-03-06 15:53:35,65.662211,73.750553,0.09408738404160691
2023-03-06 15:58:49,65.665845,74.620271,0.09288142390814733
2023-03-06 16:03:31,65.669109,75.406653,0.08998884096485363
2023-03-06 16:20:46,65.681088,78.330894,0.08449177522847293
2023-03-06 16:27:08,65.685509,79.42312,0.07606230975307797
2023-03-06 16:36:17,65.691863,81.002325,0.09455519349776412
2023-03-06 16:39:56,65.694398,81.634749,0.0926803991408743
2023-03-07 06:55:35,66.2886,81.262506,0.08042639567194913
2023-03-07 06:59:09,66.291076,80.642814,0.0789402871460484
2023-03-07 07:03:26,66.294051,79.900353,0.08070329726849458
2023-03-07 07:08:28,66.297546,79.030772,0.08006109883167603
2023-03-07 07:14:34,66.301782,77.981763,0.08470974914686291
2023-03-07 07:22:11,66.307072,76.680517,0.08240689680782304
2023-03-07 07:31:53,66.313808,75.039167,0.09469081671055951
2023-03-07 07:41:25,66.320428,73.445642,0.09348131008709329
2023-03-07 07:43:11,66.321655,73.152669,0.09329592486025738
2023-03-07 07:47:34,66.324699,72.429108,0.09273981782506086
2023-03-07 07:54:23,66.329433,71.313795,0.08706285212949454
2023-03-07 08:02:06,66.334792,70.066914,0.09085552224786127
2023-03-07 08:10:35,66.340683,68.716828,0.1007977247662083
2023-03-07 08:16:28,66.344769,67.794076,0.13412811407141045
2023-03-07 08:48:21,66.36691,63.015477,0.11074208791717083
2023-03-07 08:56:36,66.372639,61.848499,0.10910827110727789
2023-03-07 09:03:20,66.377315,60.920038,0.12298141231565346
2023-03-09 16:18:00,68.679167,77.14317,0.11264916492326711
2023-03-09 16:24:53,68.683947,78.328874,0.1131013137446123
2023-03-09 16:31:05,68.688252,79.402676,0.10608763797870675
2023-03-09 16:43:52,68.69713,81.630107,0.10271942261350417
2023-03-10 09:32:34,69.397616,56.055186,0.059080149193751375
2023-03-10 09:47:35,69.408044,54.311503,0.05707550715302689
2023-03-10 09:55:38,69.413634,53.440158,0.058878640200047655
2023-03-10 10:04:29,69.41978,52.536954,0.06111079420308663
2023-03-10 10:47:35,69.449711,49.060516,0.0673751275098524
2023-03-10 11:47:35,69.491377,47.21903,0.06834430633010878
2023-03-10 11:55:32,69.496898,47.262107,0.0656605759258952
2023-03-10 12:32:34,69.522616,48.349313,0.081735534407704
2023-03-10 12:47:35,69.533044,49.189571,0.06323125795452665
2023-03-10 15:47:48,69.658194,71.796681,0.05713355724860871
2023-03-10 16:04:36,69.669861,74.616177,0.05204047503021339
2023-03-10 16:18:51,69.679757,77.052554,0.04170483585342655
2023-03-11 07:01:01,70.292373,79.042713,0.03481015711326625
2023-03-11 07:07:14,70.29669,77.960159,0.04048304055093932
2023-03-11 07:24:04,70.30838,75.057896,0.03540333978107342
2023-03-11 08:47:18,70.366181,61.75012,0.050019796180365776
2023-03-11 08:55:24,70.371806,60.587421,0.04517904476181624
2023-03-11 09:02:17,70.376586,59.623566,0.0506083564932122
2023-03-11 09:17:17,70.387002,57.606635,0.03598944956514426
2023-03-11 09:32:17,70.397419,55.715629,0.035411636858492954
2023-03-11 09:55:21,70.413438,53.08759,0.04480312915145179
2023-03-11 10:32:17,70.439086,49.714537,0.03693441106140186
2023-03-11 11:47:18,70.491181,46.826914,0.03874721644066707
2023-03-11 12:17:17,70.512002,47.346394,0.04144321129800518
2023-03-11 12:32:18,70.522431,47.964464,0.04406864099439177
2023-03-11 12:47:19,70.532859,48.809986,0.036620765564010456
2023-03-11 12:55:16,70.53838,49.345647,0.043431118271570285
2023-03-11 13:17:18,70.553681,51.128391,0.03712816192208225
2023-03-11 13:32:17,70.564086,52.572359,0.03341971193673109
2023-03-11 13:47:19,70.574525,54.191319,0.030895313028480687
2023-03-11 13:55:13,70.580012,55.105022,0.028518465716277315
2023-03-11 14:02:19,70.584942,55.960732,0.02969950904789034
2023-03-11 14:17:19,70.595359,57.868618,0.031762332501712606
2023-03-11 14:32:19,70.605775,59.900314,0.03290065889553448
2023-03-11 14:55:22,70.621782,63.232347,0.03630260303096987
2023-03-11 15:00:57,70.62566,64.073368,0.03497375564043054
2023-03-11 15:08:32,70.630926,65.234718,0.03422618203180567
2023-03-11 16:27:33,70.685799,78.323648,0.03357861942380431
2023-03-11 16:42:56,70.696481,81.010879,0.037822370670479194
2023-03-11 16:46:26,70.698912,81.625101,0.04934589009822255
2023-03-12 06:46:33,71.282326,81.258773,0.01625671743252431
2023-03-12 06:49:58,71.284699,80.657497,0.015696263827890758
2023-03-12 06:54:10,71.287616,79.919559,0.01541621140639316
2023-03-12 06:59:09,71.291076,79.046123,0.015572546427516333
2023-03-12 07:05:12,71.295278,77.989498,0.015118955591156393
2023-03-12 07:12:41,71.300475,76.689321,0.01501761582387247
2023-03-12 07:22:09,71.307049,75.057162,0.015296567542148741
2023-03-12 07:30:56,71.313148,73.557348,0.0152482939841277
2023-03-12 07:32:48,71.314444,73.240585,0.01526288134708595
2023-03-12 07:37:33,71.317743,72.437887,0.015208409986829131
2023-03-12 07:44:08,71.322315,71.333771,0.014487209621302458
2023-03-12 07:51:43,71.327581,70.075065,0.015275434262048432
2023-03-12 07:59:49,71.333206,68.747375,0.015162068642180762
2023-03-12 08:05:25,71.337095,67.840293,0.015596877810035591
2023-03-12 08:11:06,71.341042,66.929366,0.015146317806001923
2023-03-12 08:23:50,71.349884,64.926601,0.014942807669992118
2023-03-12 08:39:42,71.360903,62.513082,0.015522777821735898
2023-03-12 08:47:02,71.365995,61.4318,0.015524238603748443
2023-03-12 08:55:09,71.371632,60.262581,0.016336613525128642
2023-03-12 09:02:01,71.3764,59.297487,0.016452987586359345
2023-03-12 09:17:00,71.386806,57.274659,0.016317936863164004
2023-03-12 09:32:01,71.397234,55.373193,0.017633270761683053
2023-03-12 09:55:07,71.413275,52.728847,0.017791379663895716
2023-03-12 10:47:02,71.449329,48.30155,0.020215920886706273
2023-03-12 11:02:00,71.459722,47.483286,0.02213168677857817
2023-03-12 11:17:01,71.47015,46.892217,0.02289344613444888
2023-03-12 12:47:03,71.532674,48.430167,0.024808156815786537
2023-03-12 16:07:25,71.671817,74.615508,0.01710486370757144
2023-03-12 16:35:00,71.690972,79.39233,0.01727133108853679
2023-03-12 16:47:52,71.699907,81.651281,0.018727786606142518
2023-03-14 06:42:43,73.279664,81.294084,0.0372912817913975
2023-03-14 06:46:31,73.282303,80.622399,0.03632354898416736
2023-03-14 06:50:32,73.285093,79.913405,0.035817822409531214
2023-03-14 06:55:34,73.288588,79.026823,0.03586598011250956
2023-03-14 07:01:27,73.292674,77.993772,0.03402438597725248
2023-03-14 07:18:20,73.304398,75.054497,0.05091303508665258
2023-03-14 12:31:28,73.521852,46.806342,0.0390704412814931
2023-03-14 13:01:27,73.542674,48.744369,0.03556658652741724
2023-03-14 13:16:27,73.55309,50.026173,0.03423347096757826
2023-03-14 13:31:28,73.563519,51.496943,0.034481370855860366
2023-03-14 13:46:29,73.573947,53.138747,0.03455793616826746
2023-03-14 13:54:27,73.579479,54.073521,0.035309297036633
2023-03-14 14:01:28,73.584352,54.930916,0.035434986211885476
2023-03-14 14:16:28,73.594769,56.863252,0.039229377024057564
2023-03-14 15:13:38,73.634468,65.239752,0.031186393500743332
2023-03-14 15:26:11,73.643183,67.247009,0.030495718522463147
2023-03-14 15:36:35,73.650405,68.94586,0.02866739203398942
2023-03-14 16:37:31,73.69272,79.37749,0.033388651201680754
2023-03-14 16:42:37,73.696262,80.275608,0.0351916470926225
2023-03-14 16:50:23,73.701655,81.646613,0.03523872639193761
2023-03-15 13:31:10,74.56331,51.136325,0.03709833507562314
2023-03-15 13:46:12,74.57375,52.788217,0.04385014576163042
2023-03-15 14:01:10,74.584144,54.58671,0.050070806447064665
2023-03-15 14:16:11,74.594572,56.529438,0.03469580612052582
2023-03-15 14:46:12,74.615417,60.767707,0.041851188249929575
2023-03-15 14:54:18,74.621042,61.981314,0.029833412782426332
2023-03-15 15:15:16,74.635602,65.238585,0.029085121041572536
2023-03-15 15:27:44,74.644259,67.245015,0.028825220740542806
2023-03-15 16:11:35,74.674711,74.621659,0.026108315920594045
2023-03-15 16:25:25,74.684317,77.02662,0.031115755270676643
2023-03-15 16:48:00,74.7,81.00198,0.030323972827176172
2023-03-16 09:00:52,75.375602,57.998942,0.055406974391777074
2023-03-16 09:15:51,75.386007,55.943264,0.04814109941865721
2023-03-16 09:30:51,75.396424,54.009983,0.049474744087874334
2023-03-16 09:45:52,75.406852,52.215051,0.0486314572647208
2023-03-16 10:02:42,75.418542,50.390437,0.04402073082691667
2023-03-16 10:15:51,75.427674,49.117788,0.07895342041090028
2023-03-16 10:45:53,75.44853,46.778463,0.04519310038498568
2023-03-16 10:53:57,75.454132,46.297006,0.09116816480002181
2023-03-16 11:00:51,75.458924,45.93784,0.08569950436445319
2023-03-16 11:15:51,75.46934,45.330373,0.054612641880427366
2023-03-16 11:30:51,75.479757,44.968131,0.06338305963527836
2023-03-16 11:45:53,75.490197,44.857326,0.05893107628163787
2023-03-16 12:30:53,75.521447,46.032155,0.0433394789514048
2023-03-16 12:45:53,75.531863,46.903783,0.04203953445879123
2023-03-16 12:53:52,75.537407,47.45847,0.045157936949996265
2023-03-16 13:00:54,75.542292,47.997091,0.043379342224770655
2023-03-16 13:15:52,75.552685,49.291134,0.04301546129396792
2023-03-16 13:30:52,75.563102,50.776179,0.03577771597847717
2023-03-16 13:45:53,75.57353,52.434425,0.03354285480039008
2023-03-16 13:53:57,75.579132,53.390128,0.03152416845041575
2023-03-16 14:00:52,75.583935,54.243171,0.03297989800050334
2023-03-16 15:16:53,75.636725,65.238474,0.035971845179843726
2023-03-16 15:29:17,75.645336,67.246326,0.037314247728847325
2023-03-16 15:39:34,75.652477,68.944265,0.03832521000361192
2023-03-16 15:48:14,75.658495,70.395927,0.04098513484864757
2023-03-16 15:56:25,75.664178,71.782475,0.04255398073484075
2023-03-16 16:07:50,75.672106,73.73958,0.044218770684380154
2023-03-16 16:12:51,75.67559,74.607017,0.04837443312948759
2023-03-16 16:17:20,75.678704,75.385697,0.04859431716369724
2023-03-16 16:26:43,75.68522,77.024898,0.04907506024263698
2023-03-16 16:34:13,75.690428,78.343037,0.04856152273320186
2023-03-16 16:40:03,75.694479,79.372225,0.05044802908601756
2023-03-16 16:45:11,75.698044,80.280175,0.04963807667896339
2023-03-16 16:49:15,75.700868,81.000581,0.05384240652765642
2023-03-17 06:37:16,76.27588,81.294268,0.04864576851183009
2023-03-17 06:49:53,76.284641,79.054029,0.08349793315450418
2023-03-17 07:12:32,76.30037,75.06903,0.06119308876268297
2023-03-17 07:21:41,76.306725,73.479225,0.06328922619861836
2023-03-17 07:23:33,76.308021,73.15662,0.06248214491784397
2023-03-17 07:27:41,76.310891,72.444525,0.06883246106037877
2023-03-17 07:34:11,76.315405,71.331326,0.06754244628867404
2023-03-17 07:41:32,76.320509,70.083229,0.05871314743712653
2023-03-17 07:49:49,76.326262,68.691441,0.0664603597822004
2023-03-17 08:45:37,76.365012,59.844023,0.0719730315841251
2023-03-17 08:53:39,76.37059,58.665942,0.06891619000665275
2023-03-17 09:00:33,76.375382,57.677688,0.09276747482230183
2023-03-17 09:15:33,76.385799,55.611358,0.053656738460678276
2023-03-18 06:35:22,77.27456,81.309549,0.055229816989490116
2023-03-18 06:38:59,77.277072,80.665378,0.05514091516761215
2023-03-18 06:43:22,77.280116,79.885351,0.053996697503923524
2023-03-18 06:48:00,77.283333,79.062059,0.0539252599564261
2023-03-18 06:53:59,77.287488,78.001357,0.05347789585775429
2023-03-18 07:01:27,77.292674,76.682616,0.05497194094355228
2023-03-18 07:10:41,77.299086,75.061144,0.060742189920975034
2023-03-18 07:19:48,77.305417,73.472207,0.06572769862510448
2023-03-18 07:21:47,77.306794,73.128314,0.0653349123852591
2023-03-18 07:25:42,77.309514,72.451215,0.06454353995666762
2023-03-18 07:32:06,77.313958,71.35092,0.0676892174236293
2023-03-18 07:39:29,77.319086,70.091883,0.06707823995836448
2023-03-18 07:47:44,77.324815,68.699332,0.066625298044743
2023-03-18 07:53:23,77.328738,67.755007,0.06927986379444906
2023-03-18 07:58:18,77.332153,66.939893,0.06493111246758938
2023-03-18 08:10:32,77.340648,64.940899,0.07604015817776986
2023-03-18 10:02:54,77.418681,49.590284,0.08182876169923041
2023-03-18 10:45:16,77.448102,46.017436,0.09165151580569907
2023-03-18 10:53:14,77.453634,45.534896,0.08573187010822153
2023-03-18 11:00:15,77.458507,45.164098,0.07542130687672903
2023-03-19 15:21:36,78.64,65.238421,0.09833146124736651
2023-03-19 16:48:47,78.700544,80.254078,0.11155865860518353
2023-03-19 16:53:01,78.703484,81.008004,0.11597382499920288
2023-03-19 16:56:28,78.70588,81.622725,0.12753265391600463
2023-03-20 06:31:42,79.272014,81.317521,0.0330998148695226
2023-03-20 06:35:20,79.274537,80.668315,0.031984195214461025
2023-03-20 06:39:24,79.277361,79.942116,0.0324975439870575
2023-03-20 06:44:22,79.28081,79.056249,0.034217134246871304
2023-03-20 06:50:16,79.284907,78.006022,0.03282039933801421
2023-03-20 06:57:33,79.289965,76.71369,0.02847987291123715
2023-03-20 07:06:52,79.296435,75.068945,0.028541734195208255
2023-03-20 07:16:13,79.302928,73.429808,0.03490600236954226
2023-03-20 07:21:55,79.306887,72.437094,0.036175452116632145
2023-03-20 07:28:11,79.311238,71.352087,0.04818202213513283
2023-03-20 07:35:29,79.316308,70.09754,0.04296905720857521
2023-03-20 07:43:45,79.322049,68.69021,0.037693923493065266
2023-03-20 07:49:19,79.325914,67.751154,0.030348249729084956
2023-03-20 07:54:11,79.329294,66.936298,0.0343730039884628
2023-03-20 08:06:13,79.33765,64.948121,0.036974503503030234
2023-03-20 08:21:10,79.348032,62.537241,0.04548148405987769
2023-03-20 09:14:38,79.385162,54.61844,0.06328487945525016
2023-03-20 09:29:38,79.395579,52.650654,0.05042845710489614
2023-03-20 09:44:39,79.406007,50.820572,0.05186320155711077
2023-03-20 10:52:46,79.45331,44.758484,0.05972317230449962
2023-03-20 11:14:38,79.468495,43.765498,0.08339708219863293
2023-03-20 11:29:38,79.478912,43.391883,0.08916365240498235
2023-03-20 11:44:40,79.489352,43.27693,0.06770390277275137
2023-03-20 11:52:40,79.494907,43.32259,0.07477975709893397
2023-03-20 11:59:39,79.499757,43.422961,0.07311007701734955
2023-03-20 12:14:39,79.510174,43.827029,0.0751655326635419
2023-03-20 12:29:40,79.520602,44.482645,0.08017904336697597
2023-03-20 12:44:42,79.531042,45.379255,0.09377260421875264
2023-03-20 12:52:45,79.536632,45.953239,0.08050975398863984
2023-03-20 13:14:39,79.55184,47.822184,0.10221495188661377
2023-03-20 13:29:39,79.562257,49.339975,0.09377119351532091
2023-03-20 13:44:40,79.572685,51.032091,0.11248562384457282
2023-03-20 13:52:40,79.578241,51.997883,0.12032155003753474
2023-03-20 13:59:40,79.583102,52.876928,0.1268728433343199
2023-03-20 16:39:12,79.693889,78.328466,0.1641678798271795
2023-03-22 06:28:12,81.269583,81.297716,0.05607793480481437
2023-03-22 06:31:35,81.271933,80.691491,0.051422104150613934
2023-03-22 06:40:38,81.278218,79.071255,0.051015151229500705
2023-03-22 06:46:31,81.282303,78.020102,0.05102351800086676
2023-03-22 06:53:48,81.287361,76.72238,0.05435002516213783
2023-03-22 07:03:01,81.293762,75.0875,0.05198958027630705
2023-03-22 07:12:07,81.300081,73.48324,0.05313183826022936
2023-03-22 07:13:57,81.301354,73.161403,0.053108981546855775
2023-03-22 07:17:55,81.304109,72.466774,0.05400273005468671
2023-03-22 07:24:15,81.308507,71.362881,0.05484407778860676
2023-03-22 07:31:31,81.313553,70.104988,0.05686439212435609
2023-03-22 07:39:47,81.319294,68.686417,0.05743322175972644
2023-03-22 07:45:36,81.323333,67.696867,0.05591415963904982
2023-03-22 07:49:58,81.326366,66.959026,0.0558893856006592
2023-03-22 08:01:58,81.334699,64.955599,0.05699656273850795
2023-03-22 08:16:45,81.344965,62.542307,0.06197424839671888
2023-03-22 08:35:32,81.358009,59.578381,0.06236498385835191
2023-03-22 08:44:08,81.363981,58.265241,0.06644402050626147
2023-03-22 08:52:17,81.369641,57.049271,0.06946903545268646
2023-03-22 08:59:00,81.374306,56.069529,0.07944508434325695
2023-03-22 09:14:00,81.384722,53.961392,0.0936573423956126
2023-03-22 09:29:00,81.395139,51.976088,0.11344946933479803
2023-03-22 10:52:03,81.452812,43.997135,0.08845845424793285
2023-03-22 10:59:00,81.457639,43.619408,0.09455345980782427
2023-03-22 11:14:00,81.468056,42.984413,0.07689261657624798
2023-03-22 11:29:00,81.478472,42.604697,0.07524712049241632
2023-03-22 11:44:02,81.488912,42.487402,0.061260848071007325
2023-03-22 11:51:58,81.494421,42.532709,0.0616878563760472
2023-03-22 11:59:01,81.499317,42.63497,0.06684951276083374
2023-03-22 12:14:01,81.509734,43.044329,0.05805795946476217
2023-03-22 12:29:01,81.52015,43.707793,0.052879950280010767
2023-03-22 12:44:03,81.53059,44.6158,0.050828846352194985
2023-03-22 12:51:57,81.536076,45.185479,0.0500411346639631
2023-03-22 12:59:02,81.540995,45.747849,0.048735583728666786
2023-03-22 13:14:02,81.551412,47.090973,0.05629327076168279
2023-03-22 13:29:01,81.561817,48.623821,0.05215984060619881
2023-03-22 13:44:02,81.572245,50.333105,0.05565914289741816
2023-03-22 13:51:58,81.577755,51.299777,0.05649732924659866
2023-03-22 13:59:02,81.582662,52.195105,0.056263256892741934
2023-03-22 14:29:03,81.603507,56.316489,0.059637949038711995
2023-03-22 15:26:07,81.643137,65.237071,0.07411300773668777
2023-03-22 15:38:07,81.65147,67.243876,0.07625331446171557
2023-03-22 15:48:06,81.658403,68.939257,0.07923840229736294
2023-03-22 15:56:33,81.664271,70.390447,0.08383927673580432
2023-03-22 16:15:51,81.677674,73.752666,0.08923638372178364
2023-03-22 16:20:41,81.68103,74.60337,0.07955211979534638
2023-03-23 09:43:43,82.405359,49.780769,0.12021519193248936
2023-03-23 09:59:16,82.416157,48.023807,0.10274632339205518
2023-03-23 10:13:41,82.426169,46.563518,0.10139141398309405
2023-03-23 12:28:43,82.519942,43.322484,0.12357294999723469
2023-03-23 12:51:47,82.535961,44.820372,0.12199140496982998
2023-03-23 12:58:43,82.540775,45.374745,0.15836129667102294
2023-03-23 13:43:43,82.572025,49.985093,0.1056743412063689
2023-03-23 13:51:49,82.57765,50.977212,0.15741183986530402
2023-03-23 13:58:42,82.582431,51.8536,0.09612154264147568
2023-03-23 14:13:43,82.592859,53.863293,0.08645387352090249
2023-03-23 14:28:43,82.603275,55.991272,0.0712079385915744
2023-03-23 14:43:46,82.613727,58.232209,0.06833117783016802
2023-03-23 14:51:47,82.619294,59.464347,0.06572995974218368
2023-03-23 14:57:24,82.623194,60.342137,0.06608833218049531
2023-03-23 15:12:54,82.633958,62.820963,0.06737225945215486
2023-03-23 15:27:34,82.644144,65.234087,0.06926179922197793
2023-03-25 06:41:00,84.278472,78.029899,0.03584620588485371
2023-03-25 06:48:15,84.283507,76.731107,0.03626077190507836
2023-03-25 06:57:23,84.28985,75.100805,0.035887247095591164
2023-03-25 07:06:28,84.296157,73.487782,0.03578820227937415
2023-03-25 07:08:18,84.297431,73.163396,0.04008076401098017
2023-03-25 07:12:16,84.300185,72.463035,0.0398602961007211
2023-03-25 07:18:27,84.304479,71.375674,0.037374459644380194
2023-03-25 07:25:41,84.309502,70.111233,0.050352264620331356
2023-03-25 08:10:16,84.340463,62.552553,0.03960553180159077
2023-03-25 08:43:04,84.363241,57.35179,0.03208150842591742
2023-03-25 08:51:07,84.368831,56.137642,0.03260851731379273
2023-03-25 08:58:04,84.373657,55.112366,0.03533546965716159
2023-03-25 09:13:03,84.384062,52.981474,0.03239788342223934
2023-03-25 09:28:03,84.394479,50.969811,0.030842629851961872
2023-03-25 09:43:04,84.404907,49.094677,0.031545346344609496
2023-03-25 09:51:04,84.410463,48.158629,0.033703491579879806
2023-03-25 10:28:03,84.436146,44.494185,0.03960695468367648
2023-03-25 10:43:04,84.446574,43.362373,0.04572597879758217
2023-03-25 10:51:00,84.452083,42.857528,0.041673786282671946
2023-03-25 10:58:04,84.456991,42.464667,0.037593637053113416
2023-03-25 16:07:49,84.672095,71.665315,0.07080523368580786
2023-03-25 16:19:31,84.68022,73.727388,0.04758812207127995
2023-03-25 16:24:28,84.683657,74.604918,0.04794080280637687
2023-03-25 16:37:56,84.693009,77.004559,0.05445533903723518
2023-03-25 16:45:21,84.69816,78.332049,0.05541371992213565
2023-03-25 16:53:21,84.703715,79.766885,0.05662574510025104
2023-03-25 17:00:04,84.70838,80.972589,0.057096170560697115
2023-03-25 17:03:33,84.710799,81.59778,0.05783998852938636
2023-03-26 10:12:44,85.425509,45.478917,0.08151406663512767
2023-03-26 10:27:44,85.435926,44.125094,0.07963215528726925
2023-03-26 10:42:45,85.446354,42.98561,0.07088652464996575
2023-03-26 10:50:44,85.451898,42.474175,0.06895435748440497
2023-03-26 10:57:44,85.456759,42.082292,0.07700249926561105
2023-03-26 11:12:44,85.467176,41.427761,0.06833966684420602
2023-03-26 11:27:45,85.477604,41.035331,0.07125021434981726
2023-03-26 11:42:46,85.488032,40.913723,0.0509520031140997
2023-03-26 11:50:42,85.493542,40.959879,0.05578380961457659
2023-03-26 16:20:56,85.681204,73.757305,0.03886800836937246
2023-03-26 16:25:39,85.684479,74.595327,0.0412362009324827
2023-03-26 16:39:09,85.693854,77.005349,0.05030533345884049
2023-03-26 16:46:27,85.698924,78.313908,0.04964829816039463
2023-03-26 16:52:21,85.703021,79.373246,0.04864442287274704
2023-03-26 16:57:10,85.706366,80.238692,0.049486428601686346
2023-03-26 17:01:14,85.70919,80.969456,0.05308539723197792
2023-03-26 17:04:55,85.711748,81.631114,0.0483885257880018
2023-03-28 09:27:05,87.393808,49.975699,0.05147791706769785
2023-03-28 09:50:06,87.409792,47.122157,0.05249525763668907
2023-03-28 10:12:06,87.425069,44.761168,0.0850985471132445
2023-03-28 11:27:06,87.477153,40.255404,0.035182045573042504
2023-03-28 11:42:07,87.487581,40.131143,0.03670401561474184
2023-03-28 11:50:04,87.493102,40.177782,0.03524576575534754
2023-03-28 11:57:07,87.497998,40.28408,0.037677992707257864
2023-03-28 12:12:06,87.508403,40.710039,0.03719121132712304
2023-03-28 12:27:07,87.518831,41.402082,0.03862267968306562
2023-03-28 12:42:08,87.529259,42.345992,0.04108741786471588
2023-03-28 12:50:04,87.534769,42.940616,0.03827137930426767
2023-03-28 12:57:06,87.539653,43.520338,0.03679667886563276
2023-03-28 13:12:06,87.550069,44.911942,0.03880443675872413
2023-03-28 13:27:06,87.560486,46.498027,0.040624803102295
2023-03-28 13:42:07,87.570914,48.260159,0.03868561397984566
2023-03-28 13:50:06,87.576458,49.261098,0.03961186903157512
2023-03-28 14:42:08,87.612593,56.666958,0.05496279977524528
2023-03-28 14:57:08,87.623009,59.027043,0.04295177342209389
2023-03-28 15:02:12,87.626528,59.842006,0.05607468394722569
2023-03-28 15:20:18,87.639097,62.817445,0.04532969671588214
2023-03-28 15:34:38,87.649051,65.235569,0.04642944196485383
2023-03-28 16:28:05,87.686169,74.593288,0.0392216179067201
2023-03-28 16:54:41,87.704641,79.367412,0.05778470807570259
2023-03-30 10:56:27,89.455868,40.560292,0.10219042045949911
2023-03-30 11:11:28,89.466296,39.884383,0.09724140113922676
2023-03-30 11:26:28,89.476713,39.479188,0.10041664340108077
2023-03-30 11:41:29,89.487141,39.352477,0.11837224759126903
2023-03-30 13:41:30,89.570486,47.582092,0.11578785393897419
2023-03-30 13:49:25,89.575984,48.584029,0.10747243035892869
2023-03-30 13:56:28,89.58088,49.510041,0.10442884337118112
2023-03-30 14:11:29,89.591308,51.579446,0.10047980734132092
2023-03-30 14:26:29,89.601725,53.764117,0.09274047183015693
2023-03-30 14:56:29,89.622558,58.424304,0.09871235568076892
2023-03-30 15:05:14,89.628634,59.844325,0.09588899271785145
2023-03-30 15:23:06,89.641042,62.813309,0.09931614553202615
2023-03-30 15:37:18,89.650903,65.229863,0.10118807036448339
2023-03-30 15:48:53,89.658947,67.232248,0.10761352497241763
2023-03-30 15:58:44,89.665787,68.953723,0.11480864814814215
2023-03-30 16:06:59,89.671516,70.406981,0.10609064341120661
2023-03-30 16:15:25,89.677373,71.902026,0.1121337953115636
2023-03-30 16:21:48,89.681806,73.039092,0.10833340055947069
2023-03-30 16:23:41,89.683113,73.375358,0.10512932964295378
2023-03-30 16:25:37,89.684456,73.720896,0.10371345944008264
2023-03-30 16:30:31,89.687859,74.5981,0.10441886847272105
2023-03-30 16:34:47,89.690822,75.363439,0.10520742542450136
2023-03-30 16:43:55,89.697164,77.00556,0.10743432695261763
2023-03-30 16:51:55,89.70272,78.446896,0.10779362904503492
2023-03-30 16:56:57,89.706215,79.354453,0.12479271892525022
2023-03-30 17:09:19,89.714803,81.583338,0.14879527183680247
2023-03-31 15:38:40,90.651852,65.236977,0.17986143575464533
2023-03-31 15:50:17,90.659919,67.252205,0.1860547611490667
2023-03-31 16:00:01,90.666678,68.958414,0.19810718713078945
2023-03-31 16:08:11,90.67235,70.400679,0.21690591867608008
2023-03-31 16:16:57,90.678438,71.958435,0.2305894793546589
2023-03-31 16:27:31,90.685775,73.846761,0.25207640290534905
2023-04-01 12:40:53,91.528391,40.856201,0.04969920033878931
2023-04-01 12:48:48,91.533889,41.465392,0.04263472604371681
2023-04-01 12:55:56,91.538843,42.068833,0.04132146572320998
2023-04-01 13:10:51,91.549201,43.487281,0.038568552032968065
2023-04-01 13:25:51,91.559618,45.109258,0.037705098786611775
2023-04-01 14:55:54,91.622153,57.837776,0.0699110477628361
2023-04-01 15:08:12,91.630694,59.851019,0.07746519535292598
2023-04-01 15:25:53,91.642975,62.819191,0.08672446486988418
2023-04-01 15:39:57,91.652743,65.232477,0.07352420049085953
2023-04-01 16:01:06,91.667431,68.930067,0.06621185930795415
2023-04-01 16:09:18,91.673125,70.381611,0.06629794172464468
2023-04-01 16:17:35,91.678877,71.856286,0.06856833587365002
2023-04-01 16:28:02,91.686134,73.726493,0.06405295437642261
2023-04-02 11:10:32,92.465648,38.739199,0.04286466677809472
2023-04-02 11:25:32,92.476065,38.323873,0.04155043656050951
2023-04-02 11:40:33,92.486493,38.193501,0.04159978047378418
2023-04-02 11:55:32,92.496898,38.351031,0.041796803352569446
2023-04-02 12:10:33,92.507326,38.793493,0.03963946005689242
2023-04-03 06:06:38,93.254606,81.362432,0.08755863499186875
2023-04-03 06:14:15,93.259896,79.985068,0.060140642112512153
2023-04-03 06:19:02,93.263218,79.119023,0.06099222250319988
2023-04-03 06:24:52,93.267269,78.062507,0.06111556352701561
2023-04-03 06:32:02,93.272245,76.764847,0.06353021450402586
2023-04-03 06:41:02,93.278495,75.137261,0.06824000133569665
2023-04-03 07:08:49,93.297789,70.145411,0.07303919563061201
2023-04-03 07:17:08,93.303565,68.666056,0.07121315840618787
2023-04-03 07:22:47,93.307488,67.666137,0.07239938269609604
2023-04-03 07:26:34,93.310116,66.999127,0.071953597492365
2023-04-03 07:38:00,93.318056,64.997306,0.07064492324809363
2023-04-03 07:52:01,93.327789,62.576081,0.09758330418032887
2023-04-03 08:09:30,93.339931,59.617556,0.07233837114085091
2023-04-03 08:18:10,93.345949,58.180817,0.07150896107244195
2023-04-03 08:25:14,93.350856,57.025955,0.06484981137795945
2023-04-03 08:40:15,93.361285,54.627537,0.06284075221311299
2023-04-03 08:48:15,93.36684,53.384257,0.06292599493572218
2023-04-03 08:55:13,93.371678,52.323233,0.06015268772239439
2023-04-03 09:10:13,93.382095,50.114629,0.054827279729255905
2023-04-03 09:25:13,93.392512,48.023301,0.05605539276021843
2023-04-03 09:40:14,93.40294,46.065331,0.05684495811895439
2023-04-03 09:48:13,93.408484,45.086488,0.05674758380593761
2023-04-03 09:57:41,93.415058,43.987187,0.05645876083938639
2023-04-03 10:10:13,93.423762,42.643266,0.06051795256956797
2023-04-03 10:25:15,93.434201,41.215951,0.06720822402119764
2023-04-03 10:40:14,93.444606,40.015152,0.06932443004490563
2023-04-03 10:48:11,93.450127,39.475376,0.06734854045983243
2023-04-03 10:55:13,93.455012,39.057278,0.06820197399783957
2023-04-03 11:10:14,93.46544,38.360109,0.06439944739710222
2023-04-03 13:10:15,93.548785,42.786307,0.07860801249793962
2023-04-03 13:40:16,93.56963,46.243845,0.06718199637800618
2023-04-03 13:48:13,93.57515,47.2693,0.06173604771185359
2023-04-03 13:55:16,93.580046,48.21222,0.056688327514780444
2023-04-03 15:28:33,93.644826,62.817528,0.046643560373479394
2023-04-03 15:53:58,93.662477,67.236434,0.04705776962663329
2023-04-03 16:25:00,93.684028,72.759087,0.0494450284077899
2023-04-03 16:30:20,93.687731,73.717718,0.04906994128364875
2023-04-03 16:35:14,93.691134,74.600115,0.05011132274324218
2023-04-03 17:06:24,93.712778,80.230527,0.04898352531600897
2023-04-03 17:10:32,93.715648,80.976685,0.047739934823208735
2023-04-03 17:14:04,93.718102,81.613755,0.04631850519421088
2023-04-05 07:34:15,95.315451,65.008321,0.06584515799125333
2023-04-05 07:48:11,95.325127,62.584589,0.06538809065778423
2023-04-05 08:05:31,95.337164,59.625759,0.06642509034758524
2023-04-05 08:14:08,95.343148,58.182427,0.06775714984476526
2023-04-05 08:24:38,95.35044,56.452235,0.06961936591659551
2023-04-05 08:39:38,95.360856,54.042699,0.07104457577273039
2023-04-05 08:47:38,95.366412,52.791455,0.07227942975455927
2023-04-05 08:54:36,95.37125,51.723172,0.07303821742862973
2023-04-05 09:09:37,95.381678,49.495563,0.07779706587008467
2023-04-05 09:24:37,95.392095,47.386618,0.08778822897900472
2023-04-05 09:39:38,95.402523,45.410141,0.10343950670468703
2023-04-05 15:45:02,95.656273,65.231892,0.14880246507738593
2023-04-05 16:05:57,95.670799,68.928849,0.1330978846528606
2023-04-05 16:41:47,95.695683,75.367617,0.12425583894709909
2023-04-05 16:53:31,95.703831,77.490408,0.11745444482128853
2023-04-05 16:57:54,95.706875,78.283778,0.11735742730261091
2023-04-05 17:08:34,95.714282,80.213056,0.11426518917198085
2023-04-05 17:12:39,95.717118,80.950407,0.1214003273791179
2023-04-05 17:16:12,95.719583,81.590548,0.11510661883326813
2023-04-06 06:01:31,96.251053,81.361923,0.08578907532094175
2023-04-06 06:04:56,96.253426,80.744331,0.08798673221573326
2023-04-06 06:09:01,96.256262,80.005258,0.08854215383451085
2023-04-06 06:13:58,96.259699,79.108305,0.08940165774694786
2023-04-06 06:19:47,96.263738,78.053465,0.08733653001921106
2023-04-06 06:35:49,96.274873,75.1459,0.09717076640082636
2023-04-06 06:45:39,96.281701,73.366181,0.17164390936426743
2023-04-06 06:50:22,96.284977,72.514283,0.14699200757822908
2023-04-06 06:56:35,96.289294,71.39373,0.12010892200561876
2023-04-06 07:03:26,96.294051,70.162688,0.11621368697743573
2023-04-06 07:21:07,96.306331,67.007168,0.15010586787036953
2023-04-06 07:32:25,96.314178,65.011857,0.07376553659250236
2023-04-06 07:46:16,96.323796,62.59471,0.06968792293547549
2023-04-06 08:03:33,96.335799,59.632246,0.06735830196594347
2023-04-06 08:12:17,96.341863,58.162366,0.08133854954353473
2023-04-06 08:24:18,96.350208,56.174553,0.07006458099678874
2023-04-06 08:39:19,96.360637,53.755391,0.07450984308112606
2023-04-06 08:47:20,96.366204,52.497571,0.07219798255071856
2023-04-06 08:54:18,96.371042,51.425696,0.08141304897475189
2023-04-06 09:09:18,96.381458,49.19227,0.08481719902266692
2023-04-06 09:24:18,96.391875,47.074356,0.09814273844592343
2023-04-06 10:09:18,96.423125,41.608985,0.09626057523706658
2023-04-06 10:39:20,96.443981,38.926619,0.12198654908304267
2023-04-06 12:09:20,96.506481,37.286448,0.12722417169298086
2023-04-06 15:32:25,96.647512,62.813886,0.10092520428833908
2023-04-06 16:52:02,96.702801,77.017495,0.08041692693348552
2023-04-06 16:59:07,96.70772,78.300125,0.08214607572277272
2023-04-06 17:09:41,96.715058,80.211704,0.0785554875265896
2023-04-07 05:59:53,97.249919,81.352534,0.043554771790227376
2023-04-07 06:03:14,97.252245,80.74706,0.04174770735061713
2023-04-07 06:07:25,97.25515,79.989895,0.04253652123992988
2023-04-07 06:12:08,97.258426,79.135139,0.041278284522814665
2023-04-07 06:17:57,97.262465,78.080055,0.04301450745719239
2023-04-07 06:25:06,97.267431,76.782496,0.04375118667407141
2023-04-07 06:34:06,97.273681,75.149699,0.04315524309920184
2023-04-07 06:43:06,97.279931,73.519119,0.04436441735731492
2023-04-07 06:44:52,97.281157,73.199446,0.04454067632779269
2023-04-07 06:48:36,97.28375,72.524459,0.04525828267340331
2023-04-07 06:54:45,97.288021,71.414412,0.04491481013815534
2023-04-07 07:01:42,97.292847,70.163434,0.045830415099666635
2023-04-07 07:09:58,97.298588,68.681208,0.043685596262326896
2023-04-07 07:15:43,97.302581,67.654429,0.04363958364109683
2023-04-07 07:19:22,97.305116,67.004663,0.043662475272960855
2023-04-07 07:30:41,97.312975,65.001393,0.058823911477992055
2023-04-07 08:01:40,97.334491,59.629014,0.055652700327533625
2023-04-07 08:46:56,97.365926,52.221978,0.04950197265620931
2023-04-07 08:54:54,97.371458,50.993511,0.04680346205068723
2023-04-07 09:00:23,97.375266,50.164063,0.049522400500030546
2023-04-07 09:09:01,97.381262,48.886858,0.054369883797747924
2023-04-07 09:57:00,97.414583,42.583239,0.04562217988437425
2023-04-07 10:09:02,97.42294,41.265054,0.05351599837676296
2023-04-07 10:24:01,97.433345,39.805669,0.0549952290803357
2023-04-07 10:39:03,97.443785,38.566954,0.04992026187428158
2023-04-07 11:24:02,97.475023,36.428989,0.06052499974610889
2023-04-07 11:39:04,97.485463,36.292387,0.061443363816291265
2023-04-07 11:54:03,97.495868,36.455772,0.0678978942430465
2023-04-07 12:09:03,97.506285,36.914725,0.07501025568005121
2023-04-07 12:24:05,97.516725,37.659964,0.09371474964037488
2023-04-07 12:39:04,97.52713,38.669826,0.09013930420238109
2023-04-07 12:54:03,97.537535,39.925206,0.0694400700398398
2023-04-07 13:09:03,97.547951,41.404421,0.06379711004200493
2023-04-07 13:24:03,97.558368,43.081964,0.06257113933335332
2023-04-07 13:39:05,97.568808,44.938395,0.06619346264377814
2023-04-07 13:47:07,97.574387,45.994434,0.062644848347385
2023-04-07 15:16:30,97.636458,59.855912,0.06693871515479212
2023-04-07 15:33:43,97.648414,62.820172,0.05636665857919278
2023-04-08 05:58:04,98.248657,81.378302,0.07252841254429362
2023-04-08 06:01:33,98.251076,80.748879,0.07672383799985456
2023-04-08 06:05:47,98.254016,79.982737,0.07565349502487581
2023-04-08 06:10:31,98.257303,79.124935,0.07971954345017586
2023-04-08 06:16:21,98.261354,78.066646,0.07664312278764392
2023-04-08 06:32:36,98.272639,75.116782,0.08015573458904289
2023-04-08 06:41:50,98.279051,73.442639,0.08238070076519066
2023-04-08 06:43:48,98.280417,73.086472,0.07745362073528758
2023-04-08 06:46:58,98.282616,72.513378,0.08060703505404705
2023-04-08 06:52:59,98.286794,71.426064,0.08190442041467177
2023-04-08 06:59:59,98.291655,70.164256,0.07564953043025917
2023-04-08 07:08:15,98.297396,68.679519,0.07848277024579516
2023-04-08 07:13:59,98.301377,67.65373,0.08148541567454376
2023-04-08 07:17:32,98.303843,67.020409,0.07584166142753829
2023-04-08 07:28:49,98.311678,65.018082,0.07170877448543243
2023-04-08 07:42:38,98.321273,62.59214,0.07804341543057108
2023-04-08 07:59:45,98.33316,59.635884,0.08288390877101912
2023-04-08 08:36:06,98.358403,53.602038,0.08747750360484932
2023-04-08 08:44:44,98.364398,52.231484,0.07845872676271046
2023-04-08 08:58:44,98.37412,50.072408,0.0838337292704743
2023-04-08 09:08:43,98.381053,48.586718,0.08627167573597308
2023-04-08 09:23:44,98.391481,46.448937,0.07573487488994873
2023-04-08 09:38:45,98.40191,44.444583,0.0705540446087962
2023-04-08 09:46:45,98.407465,43.43841,0.07017513926160433
2023-04-08 09:56:43,98.414387,42.251312,0.07181390958072097
2023-04-08 10:08:44,98.422731,40.927233,0.06903137818386378
2023-04-08 10:23:44,98.433148,39.456893,0.07015720014956081
2023-04-08 10:38:45,98.443576,38.210933,0.07081024445585885
2023-04-08 10:53:45,98.453993,37.215957,0.06979039596858937
2023-04-08 11:08:44,98.464398,36.492427,0.07090090857139829
2023-04-08 11:23:44,98.474815,36.055685,0.06639027991957988
2023-04-08 11:38:53,98.485336,35.917705,0.07194409437424522
2023-04-08 11:53:45,98.49566,36.081928,0.06980976034217125
2023-04-08 12:08:45,98.506076,36.54418,0.0687918056179731
2023-04-08 12:23:45,98.516493,37.292828,0.06960542009176775
2023-04-08 12:38:47,98.526933,38.312955,0.07437886000975359
2023-04-08 12:53:45,98.537326,39.575277,0.07434715217428566
2023-04-08 13:08:45,98.547743,41.063451,0.0717906810674178
2023-04-08 15:17:47,98.63735,59.851237,0.09308454705651309
2023-04-08 15:34:57,98.649271,62.817547,0.09106197005124347
2023-04-08 15:48:42,98.658819,65.231857,0.09313708262290187
2023-04-08 15:59:59,98.666655,67.233532,0.0853126191116844
2023-04-08 16:36:02,98.69169,73.713384,0.06854784678728754
2023-04-08 17:01:15,98.709201,78.281592,0.0656532217373152
2023-04-08 17:19:37,98.721956,81.600577,0.06712046732149883
2023-04-09 05:56:26,99.247523,81.373099,0.055771256670805486
2023-04-09 06:00:03,99.250035,80.719739,0.056407278633961284
2023-04-09 06:03:57,99.252743,80.014051,0.05672172650909349
2023-04-09 06:08:58,99.256227,79.104967,0.056800210031106184
2023-04-09 06:14:36,99.260139,78.082877,0.05906249502612065
2023-04-09 06:21:50,99.265162,76.769414,0.05953651485454504
2023-04-09 06:30:45,99.271354,75.150044,0.057554744017990336
2023-04-09 06:39:47,99.277627,73.510873,0.059267776595337926
2023-04-09 06:41:32,99.278843,73.193622,0.05906317900723451
2023-04-09 06:45:12,99.281389,72.52933,0.059539598696680684
2023-04-09 06:51:17,99.285613,71.428711,0.06215742662300875
2023-04-09 06:58:15,99.290451,70.171223,0.06453945188388148
2023-04-09 07:06:21,99.296076,68.714031,0.06474346451004932
2023-04-09 07:12:04,99.300046,67.689239,0.06578377870330501
2023-04-09 07:15:47,99.302627,67.024815,0.06974174972841399
2023-04-09 08:34:03,99.356979,53.603723,0.09399834128846245
2023-04-09 15:19:07,99.638275,59.858189,0.11675166525984347
2023-04-09 15:49:54,99.659653,65.232575,0.12275667943229777
2023-04-09 16:01:10,99.667477,67.235741,0.10134469844627336
2023-04-09 16:10:37,99.674039,68.926851,0.10257260198020886
2023-04-09 16:18:55,99.679803,70.418822,0.10766008435403955
2023-04-09 16:27:22,99.685671,71.943051,0.10305398190877023
2023-04-09 16:33:23,99.68985,73.030817,0.09738022355787801
2023-04-09 16:35:13,99.691123,73.362587,0.09706396287894221
2023-04-09 16:37:14,99.692523,73.727677,0.09681446818422064
2023-04-09 16:41:56,99.695787,74.579036,0.09396768020168814
2023-04-09 16:48:35,99.700405,75.784404,0.0922525583833777
2023-04-09 16:57:45,99.706771,77.446284,0.09153476363048879
2023-04-09 17:02:29,99.710058,78.304001,0.0937916259820315
2023-04-09 17:08:17,99.714086,79.354046,0.09864830017139263
2023-04-09 17:13:03,99.717396,80.215797,0.0951654959784694
2023-04-09 17:17:13,99.720289,80.967823,0.09465798040882742
2023-04-09 17:20:49,99.722789,81.616367,0.09277442256121962
2023-04-10 05:58:12,100.24875,80.756146,0.08207288781827861
2023-04-10 06:02:17,100.251586,80.017511,0.0769454425648446
2023-04-10 06:07:18,100.255069,79.108563,0.07581697140152681
2023-04-10 06:12:57,100.258993,78.083453,0.08279616012099886
2023-04-10 06:20:06,100.263958,76.784904,0.10249965815843125
2023-04-10 06:29:03,100.270174,75.158842,0.06938058837784432
2023-04-10 06:37:58,100.276366,73.539773,0.0711472946673048
2023-04-10 06:39:53,100.277697,73.192025,0.07602895988344462
2023-04-10 06:43:40,100.280324,72.506002,0.08627815481757012
2023-04-10 06:49:35,100.284433,71.43445,0.08024999477730446
2023-04-10 06:56:34,100.289282,70.172391,0.07993502149585119
2023-04-10 07:04:58,100.295116,68.659101,0.08852813330114728
2023-04-10 07:10:44,100.29912,67.623761,0.0963637421525696
2023-04-10 07:14:11,100.301516,67.005934,0.10564504959196105
2023-04-10 08:40:55,100.361748,52.176303,0.18119422217726686
2023-04-10 09:08:12,100.380694,47.98322,0.11829422655186043
2023-04-10 09:23:11,100.3911,45.832993,0.1502914823703123
2023-04-10 09:38:11,100.401516,43.812405,0.1040139725461344
2023-04-10 09:46:18,100.407153,42.781559,0.14546345151329138
2023-04-10 09:56:35,100.414294,41.545686,0.11546736815040251
2023-04-10 10:08:11,100.42235,40.254757,0.12344878500898995
2023-04-10 11:23:11,100.474433,35.314594,0.1615659205438659
2023-04-10 11:38:13,100.484873,35.174226,0.18890070624002997
2023-04-10 12:08:12,100.505694,35.810995,0.18309381250733298
2023-04-12 12:52:39,102.536563,38.204661,0.10371423428499962
2023-04-12 13:22:39,102.557396,41.455014,0.11854859223803728
2023-04-12 13:37:40,102.567824,43.356408,0.11051725676826585
2023-04-12 13:45:38,102.573356,44.427786,0.10254850251781245
2023-04-12 13:52:39,102.578229,45.403897,0.10055905488727918
2023-04-12 14:07:40,102.588657,47.585073,0.10515666655068028
2023-04-13 06:15:10,103.260532,76.799348,0.044754066776646076
2023-04-13 06:24:10,103.266782,75.16311,0.04351261551873512
2023-04-13 06:33:10,103.273032,73.526614,0.04241878533753603
2023-04-13 06:34:55,103.274248,73.208513,0.04072023292747568
2023-04-13 06:38:38,103.276829,72.533147,0.04180510781437731
2023-04-13 06:44:38,103.280995,71.443731,0.041329231585325275
2023-04-13 06:51:42,103.285903,70.162637,0.04214859636842038
2023-04-13 06:59:52,103.291574,68.685715,0.04170140805415161
2023-04-13 07:05:29,103.295475,67.672645,0.043147794683009714
2023-04-13 07:09:06,103.297986,67.021676,0.04618406141972325
2023-04-13 07:20:13,103.305706,65.028653,0.04646622183027777
2023-04-13 07:33:46,103.315116,62.618974,0.04480183991253441
2023-04-13 07:50:42,103.326875,59.646401,0.044179939738894225
2023-04-13 08:26:10,103.351505,53.615787,0.043296897882290505
2023-04-13 08:37:22,103.359282,51.783997,0.04972016289486981
2023-04-13 08:45:23,103.36485,50.499466,0.05073713421992417
2023-04-13 08:52:21,103.369687,49.403152,0.04861676149842594
2023-04-13 09:07:21,103.380104,47.113399,0.04451805713426498
2023-04-13 09:22:21,103.390521,44.934548,0.048342906146569775
2023-04-13 09:37:23,103.400961,42.88166,0.04516273142834032
2023-04-13 09:45:23,103.406516,41.850069,0.046770625654490264
2023-04-13 09:55:19,103.413414,40.634811,0.04589670639978385
2023-04-13 10:07:21,103.421771,39.269822,0.046972103432842825
2023-04-13 10:22:22,103.432199,37.750588,0.0451943496785698
2023-04-13 10:37:23,103.442627,36.460984,0.046333035597868305
2023-04-13 10:52:22,103.453032,35.429383,0.04111307576333265
2023-04-13 11:07:22,103.463449,34.675737,0.04210352647894781
2023-04-13 11:22:22,103.473866,34.220501,0.04274239841126431
2023-04-13 11:37:25,103.484317,34.076089,0.04171299739100685
2023-04-13 11:52:24,103.494722,34.247137,0.03832752373028936
2023-04-13 12:07:24,103.505139,34.728185,0.03926322971766827
2023-04-13 12:22:24,103.515556,35.506156,0.04111209310085175
2023-04-13 12:37:25,103.525984,36.562682,0.04220262970007611
2023-04-13 12:52:24,103.536389,37.869655,0.041024093718052594
2023-04-13 13:45:27,103.573229,44.135908,0.055998375173579355
2023-04-13 15:24:09,103.641771,59.863848,0.05455268758538812
2023-04-13 15:54:36,103.662917,65.239629,0.055516323340722075
2023-04-13 16:15:11,103.677211,68.936062,0.05996619724153954
2023-04-13 16:30:12,103.687639,71.651862,0.05228799512597111
2023-04-13 16:36:12,103.691806,72.739764,0.053747905581732786
2023-04-13 16:59:43,103.708137,77.0076,0.05384920221424997
2023-04-13 17:06:44,103.713009,78.27923,0.052756387669339
2023-04-13 17:12:34,103.71706,79.334608,0.05201551772962982
2023-04-13 17:25:11,103.725822,81.608272,0.05584430181466703
2023-04-14 05:48:13,104.241817,81.391014,0.032994846515048214
2023-04-14 05:51:53,104.244363,80.730338,0.032552813351742364
2023-04-14 06:58:38,104.290718,68.617404,0.031531792388853945
2023-04-14 07:04:26,104.294745,67.570112,0.03387900256479689
2023-04-14 07:07:24,104.296806,67.035424,0.03034506570153858
2023-04-14 07:18:35,104.304572,65.027014,0.03488972912764199
2023-04-14 11:22:07,104.473692,33.860483,0.04534879962801184
2023-04-14 12:07:08,104.504954,34.371814,0.04724571482477683
2023-04-14 12:37:10,104.52581,36.220987,0.06733383967135755
2023-04-14 12:52:08,104.536204,37.535304,0.06708525025000685
2023-04-15 05:46:38,105.240718,81.39134,0.02315403227129907
2023-04-15 05:50:12,105.243194,80.749172,0.023102480906280778
2023-04-15 05:54:15,105.246007,80.01835,0.023113469707727596
2023-04-15 05:59:13,105.249456,79.120147,0.023595901655271756
2023-04-15 06:04:51,105.253368,78.099286,0.02364233717190352
2023-04-15 06:12:00,105.258333,76.801207,0.024286735600400903
2023-04-15 06:21:00,105.264583,75.164896,0.026173206287841578
2023-04-15 06:29:53,105.270752,73.54877,0.026708459388281914
2023-04-15 06:31:44,105.272037,73.212218,0.02686490688653703
2023-04-15 06:35:23,105.274572,72.548325,0.02865359265608204
2023-04-15 06:41:27,105.278785,71.445437,0.02901938465879212
2023-04-15 06:48:25,105.283623,70.180423,0.03065442456093623
2023-04-15 06:56:36,105.289306,68.6974,0.0322013984019365
2023-04-15 07:02:12,105.293194,67.684796,0.03420709676302309
2023-04-15 07:05:48,105.295694,67.035001,0.0364867567826202
2023-04-15 07:16:55,105.303414,65.035372,0.04127047571699395
2023-04-15 07:30:26,105.312801,62.621519,0.0395326188748602
2023-04-15 07:47:16,105.324491,59.65036,0.03462736081680611
2023-04-15 09:21:51,105.390174,44.345365,0.04660685120146272
2023-04-15 10:36:53,105.44228,35.778301,0.040557952150109586
2023-04-15 10:51:52,105.452685,34.731404,0.04265745005104989
2023-04-15 11:21:53,105.47353,33.502853,0.03793497557438145
2023-04-15 12:06:53,105.50478,34.018567,0.04299523205733774
2023-04-15 12:21:53,105.515197,34.808452,0.03916870743311836
2023-04-15 12:36:55,105.525637,35.881629,0.0394774196522436
2023-04-15 12:51:54,105.536042,37.206447,0.04354371830108189
2023-04-16 05:45:01,106.239595,81.400363,0.03372641508208229
2023-04-16 05:48:35,106.242072,80.75873,0.034127278087063444
2023-04-16 05:52:37,106.244873,80.031453,0.0340588721588559
2023-04-16 05:57:34,106.24831,79.136826,0.0343136171852216
2023-04-16 06:03:17,106.25228,78.101358,0.03285877604419356
2023-04-16 06:10:26,106.257245,76.803668,0.03286999552535097
2023-04-16 06:19:26,106.263495,75.167509,0.03276537108954633
2023-04-16 06:28:17,106.269641,73.557224,0.0316446449587605
2023-04-16 06:30:08,106.270926,73.220576,0.031220696486935068
2023-04-16 06:33:49,106.273484,72.550381,0.030940287028599266
2023-04-16 06:39:53,106.277697,71.446954,0.03168480114317015
2023-04-16 06:46:51,106.282535,70.181091,0.03150632230059237
2023-04-16 06:54:55,106.288137,68.717888,0.03173417780599234
2023-04-16 07:00:32,106.292037,67.701123,0.031808148590592965
2023-04-16 07:04:11,106.294572,67.04147,0.03259138157232782
2023-04-16 07:15:18,106.302292,65.038856,0.03214560789957905
2023-04-16 07:28:48,106.311667,62.623347,0.032490847209493016
2023-04-16 07:45:33,106.323299,59.659386,0.03296665059456029
2023-04-16 08:20:37,106.34765,53.624429,0.031198820834253408
2023-04-16 08:36:37,106.358762,50.975788,0.03286550468298011
2023-04-16 08:44:42,106.364375,49.669648,0.03323684395089925
2023-04-16 08:51:36,106.369167,48.573949,0.03233177474187475
2023-04-16 09:06:36,106.379583,46.260817,0.031850622430240456
2023-04-16 09:21:36,106.39,44.0564,0.03240730042686251
2023-04-16 09:36:37,106.400428,41.978251,0.03518915028030392
2023-04-16 09:44:37,106.405984,40.931356,0.035030628943253005
2023-04-16 09:54:32,106.41287,39.698734,0.03724969261443209
2023-04-16 10:06:37,106.421262,38.304413,0.03877330489232394
2023-04-16 10:21:36,106.431667,36.759878,0.040074915321943114
2023-04-16 10:36:37,106.442095,35.443222,0.04152120902745829
2023-04-16 10:51:37,106.452512,34.387104,0.043634306147274676
2023-04-16 11:06:37,106.462928,33.615402,0.0443859331198202
2023-04-16 11:21:38,106.473356,33.148388,0.04354019661034119
2023-04-16 11:36:39,106.483785,33.000497,0.04374184664055236
2023-04-16 11:51:38,106.49419,33.175366,0.045917273365953984
2023-04-16 12:06:39,106.504618,33.668538,0.045219024950597625
2023-04-16 12:21:40,106.515046,34.465831,0.0433782295273831
2023-04-16 12:36:39,106.525451,35.543321,0.04242617483219327
2023-04-16 12:51:38,106.535856,36.876734,0.04313017382193779
2023-04-16 13:06:38,106.546273,38.44002,0.044892737891742536
2023-04-16 13:21:39,106.556701,40.205727,0.045621001702657205
2023-04-16 15:58:01,106.665289,65.24732,0.05819059409371412
2023-04-16 16:09:08,106.673009,67.248319,0.05843507395036107
2023-04-16 16:44:55,106.697859,73.734247,0.05911606236915253
2023-04-16 16:49:36,106.701111,74.584954,0.0596726853202189
2023-04-16 17:02:50,106.710301,76.986504,0.06239579847889033
2023-04-16 17:10:02,106.715301,78.290315,0.06106591830853773
2023-04-16 17:20:40,106.722685,80.209522,0.06150571058874183
2023-04-16 17:24:52,106.725602,80.96472,0.06093726935786105
2023-04-16 17:28:20,106.728009,81.586496,0.061432216604039
2023-04-17 07:02:38,107.293495,67.039842,0.0735318684668246
2023-04-17 07:13:45,107.301215,65.034487,0.0687076014953486
2023-04-17 08:18:50,107.346412,53.627447,0.06598241136700222
2023-04-17 08:36:23,107.3586,50.711232,0.06067687480023768
2023-04-17 08:44:31,107.364248,49.393476,0.06063416352382403
2023-04-17 08:51:22,107.369005,48.302555,0.06302615671834402
2023-04-17 09:06:22,107.379421,45.981773,0.06262296152959745
2023-04-17 09:21:22,107.389838,43.768955,0.06280414111335479
2023-04-17 09:36:23,107.400266,41.681749,0.06813931068318443
2023-04-17 09:44:24,107.405833,40.627677,0.06176939023895059
2023-04-17 10:02:48,107.418611,38.391403,0.06178804115602603
2023-04-17 10:06:22,107.421088,37.990509,0.060883177545877736
2023-04-17 10:21:23,107.431516,36.432961,0.054614291836546806
2023-04-17 10:36:24,107.441944,35.107621,0.05439324025550421
2023-04-17 10:51:23,107.45235,34.045058,0.055504385814689326
2023-04-17 11:06:23,107.462766,33.267317,0.05727665387766229
2023-04-17 11:21:23,107.473183,32.796854,0.05909306168135796
2023-04-17 11:36:25,107.483623,32.647425,0.05611986430032454
2023-04-17 11:51:25,107.494039,32.824194,0.053746360208199825
2023-04-17 12:06:25,107.504456,33.321094,0.05267405998987579
2023-04-17 12:21:29,107.514919,34.127861,0.055395444828244225
2023-04-17 12:36:26,107.525301,35.211518,0.05576140713292942
2023-04-17 12:51:27,107.535729,36.55754,0.05655111706199979
2023-04-17 13:36:26,107.566968,41.850199,0.061343062461051936
2023-04-17 13:51:24,107.577361,43.9406,0.0672791162436826
2023-04-17 14:36:28,107.608657,50.915341,0.08527685717026018
2023-04-18 09:44:33,108.405937,40.280578,0.09990721976217769
2023-04-18 10:21:09,108.431354,36.111347,0.10625339544319833
2023-04-18 10:51:10,108.452199,33.705356,0.10148696654533565
2023-04-18 11:06:10,108.462616,32.921728,0.10045089521232141
2023-04-18 11:21:11,108.473044,32.447305,0.09424673238498125
2023-04-18 11:36:12,108.483472,32.297243,0.10317987400448397
2023-04-18 11:51:12,108.493889,32.475782,0.09535215847547504
2023-04-18 12:06:12,108.504306,32.977041,0.09232160263242085
2023-04-18 12:21:12,108.514722,33.786153,0.09487657678925877
2023-04-18 12:36:13,108.52515,34.882268,0.09457147854966212
2023-04-18 13:06:12,108.545972,37.81738,0.08408316133769801
2023-04-18 13:36:14,108.566829,41.561925,0.07529991550503683
2023-04-18 14:44:18,108.614097,51.988251,0.08188517010898708
2023-04-18 16:20:48,108.681111,68.968498,0.10603383719128463
2023-04-18 16:35:41,108.691447,71.670229,0.09378769345699162
2023-04-18 16:44:13,108.697373,73.220932,0.09378652717057984
2023-04-18 16:47:04,108.699352,73.738803,0.09684618843471296
2023-04-18 16:51:49,108.70265,74.601683,0.09556618766870265
2023-04-18 17:05:07,108.711887,77.014358,0.10327351284860656
2023-04-18 17:12:10,108.716782,78.28984,0.10786340055111689
2023-04-18 17:18:13,108.720984,79.381594,0.11525957181094104
2023-04-18 17:22:52,108.724213,80.218484,0.11533666698696497
2023-04-18 17:27:00,108.727083,80.960427,0.11331872789741965
2023-04-18 17:30:28,108.729491,81.581041,0.11330361821769418
2023-04-19 05:40:28,109.236435,81.390613,0.14471603251427415
2023-04-19 05:43:58,109.238866,80.762721,0.14404167225973782
2023-04-19 05:47:59,109.241655,80.04028,0.14205700873205643
2023-04-19 05:52:56,109.245093,79.147627,0.13459252481432177
2023-04-19 05:58:45,109.249132,78.095932,0.1326706500548802
2023-04-19 06:05:51,109.254063,76.809003,0.13101317928718978
2023-04-19 06:14:50,109.260301,75.177045,0.12399797988362468
2023-04-19 06:24:17,109.266863,73.457603,0.11850746781711724
2023-04-19 06:26:18,109.268264,73.090476,0.11876529079136752
2023-04-19 06:29:16,109.270324,72.550354,0.11782309869605809
2023-04-19 06:35:18,109.274514,71.451914,0.11588853613845726
2023-04-19 06:42:13,109.279317,70.193236,0.11440113565825076
2023-04-19 06:50:33,109.285104,68.678458,0.11827591058147154
2023-04-19 06:56:13,109.289039,67.649907,0.11828181369354103
2023-04-19 06:59:36,109.291389,67.036554,0.11847699706020744
2023-04-19 07:10:37,109.299039,65.044341,0.10841214773546583
2023-04-19 07:24:03,109.308368,62.628531,0.10735298759869845
2023-04-19 07:40:41,109.319919,59.665194,0.10667298690366027
2023-04-19 08:15:23,109.344016,53.630699,0.10705767297503768
2023-04-19 08:23:56,109.349954,52.185094,0.09976176331203576
2023-04-19 08:35:56,109.358287,50.191372,0.0990546398365188
2023-04-19 08:43:55,109.363831,48.890728,0.09701035027643237
2023-04-19 08:50:55,109.368692,47.769215,0.09808411582308468
2023-04-19 09:05:55,109.379109,45.433303,0.10038373553445874
2023-04-19 09:20:56,109.389537,43.201398,0.09571452223135166
2023-04-19 09:35:57,109.399965,41.0963,0.09545059451278258
2023-04-19 09:44:03,109.40559,40.02142,0.10053117220348537
2023-04-19 09:54:05,109.412558,38.756293,0.10373411825620478
2023-04-19 10:05:56,109.420787,37.366915,0.10717593607866152
2023-04-19 10:20:57,109.431215,35.790312,0.1027893579633506
2023-04-19 10:35:57,109.441632,34.448496,0.09346932428818208
2023-04-19 10:50:56,109.452037,33.370177,0.08954500146823269
2023-04-19 11:05:56,109.462454,32.580144,0.08280707074182002
2023-04-19 11:20:58,109.472894,32.101222,0.07828033396800918
2023-04-19 11:35:59,109.483322,31.950029,0.08235610832086637
2023-04-19 11:50:57,109.493715,32.129447,0.08503900830510343
2023-04-19 12:05:57,109.504132,32.634261,0.08084536867740431
2023-04-19 12:20:58,109.51456,33.450266,0.07995631361306242
2023-04-19 12:35:59,109.524988,34.554255,0.07434952663395139
2023-04-19 12:50:57,109.535382,35.913652,0.07434535412880046
2023-04-19 13:36:00,109.566667,41.271453,0.07705641723078141
2023-04-19 16:36:42,109.692153,71.663342,0.07985669651034322
2023-04-19 16:52:54,109.703403,74.607124,0.07553814090812377
2023-04-19 17:19:03,109.721563,79.339798,0.07503316497056493
2023-04-19 17:28:07,109.727859,80.968203,0.0702215184605682
2023-04-19 17:31:33,109.730243,81.582201,0.0685930784975129
2023-04-20 05:38:56,110.23537,81.396307,0.09903513752008265
2023-04-20 05:42:30,110.237847,80.757129,0.09628468048517423
2023-04-20 05:46:35,110.240683,80.023376,0.09578129780317923
2023-04-20 05:51:28,110.244074,79.143468,0.1037839431050793
2023-04-20 05:57:20,110.248148,78.08348,0.10247413209361224
2023-04-20 06:04:21,110.253021,76.812367,0.10590352317319243
2023-04-20 06:13:22,110.259282,75.174969,0.10472706635140028
2023-04-20 06:22:47,110.265822,73.461847,0.10159922268574421
2023-04-20 06:24:46,110.267199,73.100791,0.1027068738393874
2023-04-20 06:27:44,110.269259,72.56064,0.10647200690015653
2023-04-20 06:33:49,110.273484,71.452908,0.1057350939622214
2023-04-20 06:40:43,110.278275,70.196833,0.10478051237503243
2023-04-20 06:49:09,110.284132,68.663051,0.10626526158722613
2023-04-20 06:55:02,110.288218,67.594431,0.11131239846714634
2023-04-20 06:58:02,110.290301,67.050115,0.11565571142514916
2023-04-20 07:09:07,110.297998,65.043652,0.11237595604803484
2023-04-20 07:22:30,110.307292,62.633273,0.11133971510707998
2023-04-20 07:39:07,110.318831,59.666923,0.11111024240339644
2023-04-20 08:13:42,110.342847,53.633716,0.10677882455850032
2023-04-20 08:22:19,110.348831,52.170581,0.09674850736713246
2023-04-20 08:35:43,110.358137,49.936272,0.08958916069704437
2023-04-20 08:43:47,110.363738,48.6187,0.0912083797408394
2023-04-20 08:50:42,110.368542,47.507477,0.0866710200737681
2023-04-20 09:05:42,110.378958,45.164086,0.08770688323451224
2023-04-20 09:20:42,110.389375,42.92632,0.08817388004438205
2023-04-20 09:35:44,110.399815,40.809817,0.08519936331336174
2023-04-20 09:43:47,110.405405,39.736384,0.08345937382046192
2023-04-20 09:53:50,110.412384,38.462361,0.08719727594481931
2023-04-20 10:05:43,110.420637,37.06114,0.0882171126040774
2023-04-20 10:20:43,110.431053,35.476459,0.0799388268881961
2023-04-20 10:35:44,110.441481,34.123868,0.08536824752412137
2023-04-20 10:50:43,110.451887,33.037557,0.0809272021981348
2023-04-20 11:05:43,110.462303,32.241261,0.07825167437944464
2023-04-20 11:20:43,110.47272,31.75907,0.07746474242879414
2023-04-20 11:35:45,110.48316,31.605856,0.07534466914474247
2023-04-20 11:50:44,110.493565,31.786796,0.07634004559284932
2023-04-20 12:05:45,110.503993,32.296507,0.07014104518760554
2023-04-20 12:20:45,110.51441,33.118181,0.0644885524946017
2023-04-20 12:35:46,110.524838,34.230277,0.05995275720312635
2023-04-20 12:50:45,110.535243,35.600496,0.05684580911760359
2023-04-20 13:05:46,110.545671,37.204681,0.05676830602671412
2023-04-20 14:05:46,110.587338,45.351194,0.06071270687637618
2023-04-20 16:22:49,110.682512,68.950597,0.07747578951875454
2023-04-20 16:58:10,110.70706,75.372823,0.0969013000018517
2023-04-20 17:20:13,110.722373,79.358789,0.09333878208099465
2023-04-21 14:43:35,111.6136,51.222265,0.11178658169762652
2023-04-21 15:33:33,111.648299,59.886626,0.10483733691971367
2023-04-21 15:50:08,111.659815,62.851443,0.1084258863056164
2023-04-21 17:30:13,111.729317,80.961806,0.10791031663622132
2023-04-21 17:33:46,111.731782,81.595228,0.1127905370261462
2023-04-23 05:34:28,113.232269,81.408463,0.15631472675787844
2023-04-23 05:38:07,113.234803,80.756661,0.14206467598594066
2023-04-23 07:18:04,113.304213,62.636122,0.137966420240975
2023-04-23 07:34:36,113.315694,59.668841,0.1326515424537597
2023-04-23 09:35:09,113.39941,39.967531,0.1743632616387614
2023-04-23 09:43:14,113.405023,38.87475,0.1606005253380516
2023-04-23 09:53:19,113.412025,37.577657,0.15764215686603414
2023-04-24 05:33:01,114.231262,81.412144,0.04147821328660042
2023-04-24 05:36:41,114.233808,80.75821,0.04152239833216329
2023-04-24 05:40:40,114.236574,80.045619,0.038974208829511324
2023-04-24 05:45:34,114.239977,79.166304,0.039315045144364874
2023-04-24 05:51:26,114.244051,78.110091,0.03946976478109483
2023-04-24 05:58:37,114.249039,76.812581,0.037309695670193425
2023-04-24 06:07:36,114.255278,75.184724,0.03601231667258293
2023-04-24 06:16:36,114.261528,73.54956,0.03598453499062256
2023-04-24 06:18:25,114.262789,73.219112,0.036423281383246346
2023-04-24 06:22:03,114.265312,72.557921,0.035156804508669134
2023-04-24 06:28:07,114.269525,71.453252,0.037285950066066054
2023-04-24 06:34:59,114.274294,70.20247,0.034601950586903824
2023-04-24 06:43:07,114.279942,68.721156,0.0353886630493149
2023-04-24 06:48:52,114.283935,67.67445,0.034867428899342585
2023-04-24 06:52:20,114.286343,67.043779,0.03901177885318117
2023-04-24 07:03:20,114.293981,65.04555,0.038211120577587035
2023-04-24 07:16:38,114.303218,62.638389,0.03867482024012185
2023-04-24 08:07:20,114.338426,53.639509,0.04566455804641307
2023-04-24 08:19:56,114.347176,51.472595,0.04450434536322516
2023-04-24 08:34:58,114.357616,48.940184,0.0389166204485805
2023-04-24 08:42:58,114.363171,47.620199,0.04264056572330179
2023-04-24 08:49:57,114.368021,46.485864,0.04105531295196926
2023-04-24 09:04:57,114.378438,44.113557,0.039953482636791916
2023-04-24 09:19:57,114.388854,41.843642,0.04177579568646015
2023-04-24 09:34:58,114.399282,39.694331,0.039468461286560966
2023-04-24 09:42:58,114.404838,38.607658,0.04233961086462701
2023-04-24 09:53:29,114.412141,37.24923,0.041630117563657996
2023-04-24 10:04:56,114.420093,35.871347,0.042232452877605166
2023-04-24 10:19:57,114.430521,34.246142,0.04040362281354779
2023-04-24 10:34:58,114.440949,32.85704,0.039873063863225026
2023-04-24 10:49:57,114.451354,31.738778,0.03657344212273717
2023-04-24 11:04:58,114.461782,30.916772,0.041531139918599094
2023-04-24 16:34:57,114.690938,70.405126,0.04903318362993895
2023-04-24 16:43:15,114.696701,71.914384,0.05314170455246308
2023-04-24 16:53:14,114.703634,73.727953,0.05677793112751689
2023-04-24 16:54:59,114.70485,74.045517,0.05735996191545121
2023-04-24 16:56:53,114.706169,74.390156,0.05789022926311916
2023-04-24 17:02:20,114.709954,75.377762,0.05971904516374528
2023-04-24 17:11:20,114.716204,77.004783,0.060081102288423324
2023-04-24 17:18:31,114.721192,78.298946,0.05717527963870443
2023-04-25 09:42:55,115.404803,38.316411,0.029072236656277693
2023-04-25 09:53:32,115.412176,36.939754,0.025487836990895706
2023-04-25 10:19:47,115.430405,33.946952,0.02858496302528325
2023-04-25 10:49:47,115.451238,31.422499,0.036727461126837946
2023-04-25 11:04:47,115.461655,30.594998,0.04063761175475902
2023-04-25 11:19:48,115.472083,30.092926,0.03800503648433544
2023-04-25 11:34:51,115.482535,29.934354,0.037100125255467464
2023-04-25 11:49:49,115.492928,30.124331,0.0406194323231643
2023-04-25 13:34:49,115.565845,39.608931,0.052988981461308426
2023-04-25 13:49:49,115.576262,41.775009,0.04912838786978815
2023-04-25 14:04:49,115.586678,44.061039,0.05267733767822453
2023-04-25 14:49:51,115.617951,51.455614,0.05364242232128907
2023-04-25 17:34:32,115.732315,80.977686,0.05353434941960688
2023-04-25 17:38:00,115.734722,81.593035,0.04426436574975204
2023-04-26 07:13:54,116.301319,62.633076,0.07393318540952273
2023-04-26 07:30:18,116.312708,59.676782,0.04375150920457613
2023-04-26 08:19:36,116.346944,51.005678,0.09605301297590235
2023-04-26 09:04:37,116.378206,43.609726,0.0891084478762138
2023-04-26 09:19:36,116.388611,41.326594,0.06826739577105316
2023-04-26 09:42:38,116.404606,38.061136,0.06051349125881717
2023-04-27 05:29:02,117.228495,81.378881,0.0596979887204041
2023-04-27 05:32:38,117.230995,80.739398,0.052264764088457795
2023-04-27 05:36:35,117.233738,80.03545,0.05019706426484773
2023-04-27 05:47:18,117.241181,78.115353,0.046044027846711647
2023-04-27 05:54:38,117.246273,76.794365,0.04762642583970685
2023-04-27 06:03:40,117.252546,75.160974,0.04672984594170548
2023-04-27 09:53:18,117.412014,36.376649,0.1029384310541564
2023-04-27 10:04:28,117.419769,35.012832,0.09106659447207226
2023-04-27 10:19:28,117.430185,33.360669,0.08526365326290773
2023-04-27 10:49:28,117.451019,30.801597,0.07872866755653972
2023-04-27 11:04:29,117.461447,29.960603,0.08204288451241586
2023-04-27 11:19:29,117.471863,29.451299,0.09889360344391303
2023-04-29 05:34:04,119.231991,80.01063,0.1739436713983498
2023-04-29 10:04:10,119.41956,34.463428,0.1392118215791309
2023-04-29 10:34:12,119.440417,31.354963,0.1216587172966492
2023-04-29 10:49:11,119.450822,30.196159,0.13123863438286928
2023-04-29 11:04:15,119.461285,29.339978,0.12995363935679066
2023-04-29 11:19:12,119.471667,28.824886,0.13534760636007334
2023-05-01 08:48:56,121.367315,44.833497,0.07523617115757752
2023-05-01 12:18:58,121.513171,29.706374,0.11952461429151359
2023-05-01 13:04:01,121.544456,34.10359,0.12206230071773562
2023-05-01 17:40:56,121.736759,81.009175,0.10386835511124165
2023-05-02 05:25:57,122.226354,80.770972,0.04762220740478536
2023-05-02 05:48:08,122.241759,76.818533,0.03797460887179871
2023-05-02 05:57:12,122.248056,75.186803,0.032330543180781726
2023-05-02 06:06:05,122.254225,73.581381,0.03372651721108376
2023-05-02 06:07:59,122.255544,73.237283,0.03397577689597527
2023-05-02 06:11:41,122.258113,72.566558,0.034461923252648116
2023-05-02 06:17:45,122.262326,71.465193,0.03622181415943432
2023-05-02 06:24:40,122.26713,70.207604,0.03497446305923178
2023-05-02 06:32:54,122.272847,68.708744,0.038154227449288064
2023-05-02 06:38:34,122.276782,67.676324,0.037170096263232484
2023-05-02 06:41:57,122.279132,67.059745,0.03668895123310168
2023-05-02 06:52:57,122.286771,65.055178,0.03561500234132788
2023-05-02 07:06:11,122.295961,62.6464,0.038022456718850836
2023-05-02 07:22:31,122.307303,59.683591,0.03910834702559232
2023-05-02 07:56:10,122.330671,53.651852,0.04071744033196448
2023-05-02 08:04:48,122.336667,52.128402,0.04064729811242397
2023-05-02 08:18:49,122.3464,49.68412,0.04087637431796518
2023-05-02 08:33:50,122.356829,47.114372,0.040941205377431185
2023-05-02 08:41:50,122.362384,45.770203,0.04303131031528938
2023-05-02 08:48:49,122.367234,44.613143,0.04383216386889865
2023-05-02 09:03:49,122.37765,42.186902,0.045387133645476106
2023-05-02 09:18:49,122.388067,39.856145,0.045874704347427825
2023-05-02 09:33:50,122.398495,37.639468,0.04769199504078828
2023-05-02 09:48:49,122.4089,35.56877,0.04730173257014172
2023-05-02 10:03:49,122.419317,33.665697,0.051841627554293127
2023-05-02 10:18:50,122.429745,31.963671,0.054072594706989816
2023-05-02 10:33:51,122.440174,30.501062,0.054058421916747326
2023-05-02 10:48:51,122.45059,29.316637,0.052141506623233164
2023-05-02 11:03:49,122.460984,28.446131,0.050722923353512285
2023-05-02 11:18:51,122.471424,27.915111,0.04719119149322639
2023-05-02 11:33:52,122.481852,27.748488,0.05132254890228459
2023-05-02 11:48:51,122.492257,27.951278,0.05630073053385417
2023-05-02 12:03:52,122.502685,28.516232,0.060878025171323374
2023-05-02 12:18:51,122.51309,29.419457,0.06730725683956974
2023-05-02 12:33:53,122.52353,30.635364,0.06074153805835424
2023-05-02 12:48:52,122.533935,32.119602,0.06685574741087734
2023-05-02 13:03:52,122.544352,33.840392,0.06688672133766319
2023-05-02 13:33:53,122.565197,37.849706,0.06459834923356596
2023-05-02 16:01:34,122.667755,62.896279,0.07523481198696201
2023-05-02 16:14:51,122.676979,65.311403,0.0779838248657682
2023-05-02 16:35:02,122.690995,68.983701,0.07854269792616311
2023-05-02 16:43:01,122.696539,70.434396,0.07929179366477844
2023-05-02 16:51:07,122.702164,71.904079,0.08010468044332138
2023-05-02 16:59:00,122.707639,73.331279,0.08100612741236643
2023-05-02 17:01:29,122.709363,73.780061,0.08113428071584057
2023-05-02 17:10:31,122.715637,75.408673,0.08557728567089626
2023-05-02 17:19:41,122.722002,77.053962,0.08770516456074909
2023-05-02 17:26:48,122.726944,78.325113,0.08920843056200703
2023-05-02 17:32:43,122.731053,79.377082,0.09022829189652098
2023-05-02 17:37:48,122.734583,80.276869,0.08954198559169647
2023-05-02 17:41:52,122.737407,80.993694,0.09191812624247638
2023-05-02 17:45:24,122.739861,81.614104,0.0931066682080178
2023-05-03 05:21:03,123.222951,81.415961,0.07696698212531869
2023-05-03 05:24:50,123.225579,80.75027,0.08378597771608175
2023-05-03 05:28:48,123.228333,80.049632,0.08340688360789551
2023-05-03 05:39:51,123.236007,78.085319,0.07477963760088856
2023-05-03 05:46:55,123.240914,76.820887,0.07295508170565472
2023-05-03 05:56:04,123.247269,75.175872,0.07435640250229157
2023-05-03 06:05:07,123.253553,73.541653,0.06768728843327487
2023-05-03 06:07:08,123.254954,73.176666,0.06781287666517335
2023-05-03 06:10:33,123.257326,72.557696,0.06767758948637112
2023-05-03 06:16:34,123.261505,71.466058,0.06910575830642389
2023-05-03 06:23:35,123.266377,70.190872,0.06943389929331538
2023-05-03 06:31:39,123.271979,68.722803,0.07148719640681259
2023-05-03 06:37:16,123.27588,67.699668,0.06999779220249974
2023-05-03 06:40:46,123.27831,67.06187,0.07538497933956698
2023-05-03 06:51:46,123.285949,65.057105,0.07054603414163141
2023-05-03 07:05:01,123.29515,62.644375,0.07350473460403663
2023-05-03 07:21:23,123.306516,59.673309,0.08171997908840777
2023-05-03 07:54:56,123.329815,53.650566,0.07622196807268336
2023-05-03 08:03:42,123.335903,52.100205,0.06735624884801142
2023-05-03 08:18:46,123.346366,49.467666,0.06780779245200697
2023-05-03 08:33:44,123.356759,46.901998,0.07005996941167177
2023-05-03 08:41:46,123.362338,45.549474,0.06971766360184013
2023-05-03 08:48:43,123.367164,44.395355,0.07429815281518921
2023-05-03 09:03:44,123.377593,41.960161,0.07501162631296455
2023-05-03 09:18:43,123.387998,39.624873,0.07827078346939433
2023-05-03 09:33:44,123.398426,37.400156,0.08112133701958221
2023-05-03 09:48:43,123.408831,35.320698,0.08770524027449447
2023-05-03 10:03:43,123.419248,33.408325,0.08775658947333807
2023-05-03 10:18:44,123.429676,31.696801,0.08225530464796395
2023-05-03 10:33:44,123.440093,30.226493,0.0845516521343919
2023-05-03 10:48:43,123.450498,29.034683,0.08157155604811504
2023-05-03 11:03:44,123.460926,28.154578,0.07887976233913492
2023-05-03 11:18:45,123.471354,27.62025,0.0829374156683665
2023-05-03 11:33:46,123.481782,27.452476,0.08380779566199152
2023-05-03 11:48:45,123.492188,27.657218,0.08994864407146577
2023-05-03 12:03:46,123.502616,28.227008,0.09577254506965296
2023-05-03 12:18:46,123.513032,29.138567,0.10505190645504055
2023-05-03 12:33:47,123.523461,30.362036,0.09761568786197962
2023-05-03 12:48:45,123.533854,31.854042,0.10460888868563992
2023-05-03 13:03:47,123.544294,33.588454,0.10023246663637816
2023-05-03 13:18:46,123.554699,35.51597,0.10953283453434678
2023-05-03 13:48:45,123.575521,39.842607,0.10402550871841276
2023-05-03 14:03:45,123.585938,42.189069,0.10995335441005026
2023-05-03 14:48:47,123.617211,49.722569,0.1007184012345207
2023-05-03 15:46:13,123.657095,59.938477,0.09068503465339692
2023-05-03 16:02:33,123.668437,62.901034,0.09134132123241144
2023-05-03 16:15:45,123.677604,65.301843,0.08795294253150802
2023-05-03 16:44:06,123.697292,70.457533,0.07810647048512981
2023-05-03 16:52:05,123.702836,71.905297,0.07786192399698103
2023-05-03 17:00:00,123.708333,73.337565,0.07834746615679333
2023-05-03 17:07:19,123.713414,74.657443,0.07992113466596802
2023-05-03 17:11:35,123.716377,75.425117,0.07902374846524436
2023-05-03 17:20:34,123.722616,77.035773,0.0777250146774979
2023-05-03 17:27:49,123.72765,78.329163,0.07804898979233159
2023-05-03 17:33:44,123.731759,79.379666,0.08002940804540809
2023-05-03 17:38:41,123.735197,80.254587,0.08490340460410599
2023-05-03 17:43:04,123.738241,81.025977,0.08457417759091519
2023-05-03 17:46:28,123.740602,81.621901,0.08412595693552319
2023-05-04 05:20:03,124.222257,81.377931,0.0647436114000146
2023-05-04 05:23:27,124.224618,80.780677,0.062365238386925884
2023-05-04 05:27:45,124.227604,80.022382,0.06320509990100702
2023-05-04 05:32:33,124.230937,79.172393,0.06095719558721391
2023-05-04 05:38:32,124.235093,78.108202,0.06194103965477218
2023-05-04 05:45:45,124.240104,76.818598,0.06842492350081564
2023-05-04 06:03:43,124.252581,73.584801,0.06890465826258095
2023-05-04 06:05:39,124.253924,73.235212,0.06481372115709913
2023-05-04 06:09:21,124.256493,72.565453,0.07470365809960197
2023-05-04 06:15:30,124.260764,71.450335,0.09696414701874813
2023-05-04 06:22:21,124.265521,70.206074,0.07435644417799504
2023-05-04 06:30:35,124.271238,68.708209,0.07732372126116333
2023-05-04 06:36:17,124.275197,67.670101,0.07553183049299828
2023-05-04 06:39:39,124.277535,67.056667,0.06930623536545043
2023-05-04 06:50:40,124.285185,65.048781,0.12681564162687842
2023-05-04 10:48:38,124.45044,28.754262,0.10185757582159996
2023-05-04 11:18:39,124.471285,27.329934,0.11052303991178589
2023-05-04 11:33:41,124.481725,27.160799,0.10916978770464161
2023-05-04 12:33:42,124.523403,30.09378,0.053629991393598773
2023-05-04 12:48:42,124.533819,31.599071,0.05362215576484179
2023-05-04 13:03:40,124.544213,33.335632,0.048696208442757155
2023-05-04 13:18:42,124.554653,35.279026,0.04862606325730596
2023-05-05 05:18:41,125.221308,81.408348,0.06451132527015062
2023-05-05 05:22:16,125.223796,80.780021,0.06351939099853694
2023-05-05 05:31:23,125.230127,79.171319,0.06189447204862648
2023-05-05 05:37:26,125.234329,78.096766,0.06605692917369724
2023-05-05 05:53:42,125.245625,75.185309,0.06858174793152835
2023-05-05 06:08:12,125.255694,72.568734,0.0793727953453681
2023-05-05 06:14:23,125.259988,71.44834,0.07049565412890775
2023-05-05 06:21:13,125.264734,70.207793,0.07200577075625962
2023-05-05 06:29:42,125.270625,68.665033,0.08514513841620205
2023-05-05 06:35:25,125.274595,67.624124,0.08166320944221643
2023-05-05 06:38:31,125.276748,67.059365,0.07982565995036495
2023-05-05 06:49:30,125.284375,65.057579,0.08631112119323217
2023-05-05 08:41:35,125.362211,45.132437,0.06381917824271045
2023-05-05 09:03:33,125.377465,41.525646,0.06327467387549703
2023-05-05 09:33:34,125.39831,36.933219,0.0916262584786387
2023-05-05 09:48:33,125.408715,34.836548,0.09763241697873111
2023-05-05 10:18:34,125.42956,31.175535,0.154847203923288
2023-05-05 10:33:34,125.439977,29.687031,0.16760260987053066
2023-05-05 16:37:57,125.693021,68.998323,0.09898195964747038
2023-05-05 17:48:31,125.742025,81.625622,0.10853913823064493
2023-05-06 05:17:33,126.220521,81.402103,0.08836264668548362
2023-05-06 05:21:04,126.222963,80.786533,0.09040869636670613
2023-05-06 05:25:15,126.225868,80.051296,0.098163653076626
2023-05-06 05:30:27,126.229479,79.133288,0.08522438870441006
2023-05-06 05:36:10,126.233449,78.119367,0.08335015736647068
2023-05-06 05:43:42,126.238681,76.77659,0.08247097407662056
2023-05-06 05:52:34,126.244838,75.187771,0.08141119067393676
2023-05-06 06:01:37,126.251123,73.558216,0.08637580777124013
2023-05-06 06:03:30,126.252431,73.218231,0.08698483263908917
2023-05-06 06:07:06,126.254931,72.567603,0.08710881214200826
2023-05-06 06:13:11,126.259155,71.46614,0.08572966777352689
2023-05-06 06:20:09,126.263993,70.202151,0.08479929388827548
2023-05-06 06:28:23,126.269711,68.705549,0.08951097027807248
2023-05-06 06:33:59,126.2736,67.686235,0.08578106442998672
2023-05-06 06:37:25,126.275984,67.060894,0.08701365436546409
2023-05-06 06:48:25,126.283623,65.056199,0.10999349925230001
2023-05-06 07:01:38,126.292801,62.647676,0.08456864060843598
2023-05-06 08:33:30,126.356597,46.285633,0.08971768650856171
2023-05-06 08:41:35,126.362211,44.916675,0.11727101667967481
2023-05-06 09:03:29,126.377419,41.312674,0.09102717329719967
2023-05-06 09:18:29,126.387836,38.953876,0.09799421242515222
2023-05-06 09:33:30,126.398264,36.705714,0.11332953368654865
2023-05-06 10:18:29,126.429502,30.923089,0.09275947352529113
2023-05-06 11:03:30,126.460764,27.308106,0.09122274322035401
2023-05-06 11:33:33,126.481632,26.590778,0.12968281677747748
2023-05-06 11:48:32,126.492037,26.802159,0.09146102168276102
2023-05-06 15:49:06,126.659097,59.945973,0.11522783000697145
2023-05-06 17:36:47,126.733877,79.393394,0.08600933082900854
2023-05-06 17:41:46,126.737338,80.270054,0.08834889594993009
2023-05-06 17:46:07,126.740359,81.031757,0.09330856826756137
2023-05-06 17:49:34,126.742755,81.633281,0.09072459464097837
2023-05-07 05:16:27,127.219757,81.394341,0.12975451565240032
2023-05-07 07:50:17,127.326586,53.652684,0.22622372048216355
2023-05-07 11:33:29,127.481586,26.312581,0.12589507071791753
2023-05-07 11:48:27,127.491979,26.525419,0.12802506612842243
2023-05-07 13:18:27,127.554479,34.579974,0.17894902618155745
2023-05-07 13:33:29,127.564919,36.715328,0.14923169902269137
2023-05-08 05:15:12,128.218889,81.417057,0.04626782758489011
2023-05-08 05:18:51,128.221424,80.780415,0.04599861209827156
2023-05-08 05:23:10,128.224421,80.02422,0.047231145296340406
2023-05-08 05:28:01,128.227789,79.170737,0.04682360267649768
2023-05-08 05:34:00,128.231944,78.112734,0.046257095652744815
2023-05-08 05:41:16,128.236991,76.821077,0.04891620361660724
2023-05-08 05:50:26,128.243356,75.182526,0.05242860799298638
2023-05-08 05:59:31,128.249664,73.550271,0.05919109192827958
2023-05-08 06:01:29,128.25103,73.195879,0.05933809242574612
2023-05-08 06:04:57,128.253438,72.570417,0.06093118486191904
2023-05-08 06:11:03,128.257674,71.467648,0.06075868849762467
2023-05-08 06:18:01,128.262512,70.205305,0.06051747367480999
2023-05-08 06:26:05,128.268113,68.740515,0.0640317549260196
2023-05-08 06:31:41,128.272002,67.721994,0.06158140296458372
2023-05-08 06:35:21,128.274549,67.054539,0.05728939767089564
2023-05-08 06:46:18,128.282153,65.059495,0.05531848106334604
2023-05-08 06:59:32,128.291343,62.647371,0.0519882992976155
2023-05-08 07:15:48,128.302639,59.686349,0.05738983761511802
2023-05-08 07:49:12,128.325833,53.653535,0.060965082896595836
2023-05-08 08:03:21,128.33566,51.132352,0.05957260618378728
2023-05-08 08:18:22,128.346088,48.491042,0.06076230515508745
2023-05-08 08:33:23,128.356516,45.895374,0.06314497548711243
2023-05-08 08:41:26,128.362106,44.526918,0.06520998635999739
2023-05-08 08:48:22,128.366921,43.363276,0.06726129837360889
2023-05-08 09:03:22,128.377338,40.900894,0.07396817798251944
2023-05-08 09:18:22,128.387755,38.528684,0.07665208057777936
2023-05-08 09:33:23,128.398183,36.265347,0.0843490143661625
2023-05-08 09:48:22,128.408588,34.143515,0.10350505487365354
2023-05-08 10:03:22,128.419005,32.18584,0.10392772495006175
2023-05-08 10:18:22,128.429421,30.429548,0.10122404281724477
2023-05-08 10:33:23,128.43985,28.912103,0.1020858086859034
2023-05-08 10:48:22,128.450255,27.67955,0.09998287721759175
2023-05-08 11:03:23,128.460683,26.76698,0.10427820686369203
2023-05-08 11:18:24,128.471111,26.212307,0.112810305596628
2023-05-08 11:33:26,128.481551,26.039063,0.10661478170340863
2023-05-08 11:48:26,128.491968,26.2549,0.10638522527698185
2023-05-08 12:03:25,128.502373,26.848507,0.11134665355501915
2023-05-08 12:18:25,128.512789,27.796266,0.10292161443005243
2023-05-08 12:33:27,128.523229,29.065209,0.10929357496957302
2023-05-08 12:48:25,128.533623,30.605076,0.09788748545125973
2023-05-08 13:03:25,128.544039,32.383955,0.10641710498920959
2023-05-08 13:33:28,128.564907,36.506562,0.11631195363402688
2023-05-08 13:48:29,128.575336,38.782161,0.1157187648540259
2023-05-08 14:18:25,128.596123,43.62228,0.1394359729055608
2023-05-08 14:33:27,128.606562,46.167858,0.11697402378970709
2023-05-08 14:41:37,128.612234,47.575204,0.1333981537673662
2023-05-10 05:13:09,130.217465,81.397443,0.043199593529873695
2023-05-10 05:16:43,130.219942,80.777518,0.04320046770360059
2023-05-10 05:20:53,130.222836,80.05015,0.04312822181453116
2023-05-10 05:25:56,130.226343,79.164404,0.04312989255616098
2023-05-10 05:31:51,130.230451,78.121368,0.042233562461934264
2023-05-10 05:39:13,130.235567,76.815589,0.041764557374887025
2023-05-10 05:48:21,130.24191,75.187034,0.04281114912556689
2023-05-10 05:57:08,130.248009,73.612226,0.044271675041830265
2023-05-10 05:59:07,130.249387,73.255585,0.0433066547814457
2023-05-10 06:02:56,130.252037,72.568294,0.04278002439570008
2023-05-10 06:09:04,130.256296,71.461336,0.04383238670250217
2023-05-10 06:15:59,130.2611,70.209839,0.04496486107237066
2023-05-10 06:24:03,130.266701,68.74675,0.04571706551587924
2023-05-10 06:29:43,130.270637,67.717032,0.04575312937137387
2023-05-10 06:33:22,130.273171,67.05309,0.04432386264073815
2023-05-10 06:44:18,130.280764,65.06197,0.04390182799219998
2023-05-10 06:57:32,130.289954,62.649762,0.043526978489122216
2023-05-10 07:13:47,130.301238,59.689816,0.047299446007471796
2023-05-10 07:47:08,130.324398,53.65469,0.053095741088168516
2023-05-10 08:03:17,130.335613,50.769877,0.05543013469957836
2023-05-10 08:18:17,130.34603,48.125194,0.0558963396645
2023-05-10 08:33:18,130.356458,45.521673,0.0541402084372237
2023-05-10 08:41:19,130.362025,44.153992,0.05146947188815037
2023-05-10 08:48:17,130.366863,42.980112,0.049549783270864435
2023-05-10 09:03:17,130.37728,40.506532,0.0550956803596038
2023-05-10 10:18:20,130.429398,29.949655,0.05459036460645629
2023-05-10 10:48:18,130.450208,27.169615,0.05939401986382737
2023-05-10 11:03:18,130.460625,26.245084,0.05695686117918844
2023-05-10 11:18:19,130.471053,25.682023,0.05971306185397948
2023-05-10 11:33:21,130.481493,25.50635,0.055774657176064446
2023-05-10 11:48:20,130.491898,25.725642,0.056923033595326
2023-05-10 12:03:20,130.502315,26.329423,0.059384864887868365
2023-05-10 12:18:20,130.512731,27.291459,0.052840344908621786
2023-05-10 12:33:22,130.523171,28.577671,0.05568657452183918
2023-05-10 12:48:20,130.533565,30.136107,0.051724676913357005
2023-05-10 13:03:21,130.543993,31.93581,0.051066538613192027
2023-05-10 13:18:21,130.55441,33.930039,0.04599257495651066
2023-05-10 13:48:20,130.575231,38.370771,0.04602981271820341
2023-05-10 16:09:08,130.673009,62.92908,0.052740118765148336
2023-05-10 16:22:21,130.682187,65.335004,0.04902943397212052
2023-05-10 16:33:20,130.689815,67.332005,0.049423900140480384
2023-05-10 16:57:42,130.706736,71.743462,0.047856504100301886
2023-05-10 17:09:09,130.714687,73.802399,0.05195974158613408
2023-05-10 17:13:57,130.718021,74.661913,0.05197584113390959
2023-05-10 17:18:23,130.7211,75.45361,0.04914170880586408
2023-05-10 17:27:29,130.727419,77.07143,0.05078923933613132
2023-05-10 17:34:47,130.732488,78.361298,0.052979682786963356
2023-05-10 17:40:53,130.736725,79.432951,0.05228577718810755
2023-05-10 17:45:53,130.740197,80.306664,0.05118232488927505
2023-05-10 17:50:00,130.743056,81.022519,0.052012721065879404
2023-05-10 17:53:37,130.745567,81.648578,0.05550808483024507
2023-05-11 05:12:08,131.216759,81.392996,0.05943320763648413
2023-05-11 05:15:36,131.219167,80.791562,0.06199492534477918
2023-05-11 05:19:51,131.222118,80.050967,0.06003044715832583
2023-05-11 05:24:50,131.225579,79.178387,0.05348922973678802
2023-05-11 05:30:52,131.229769,78.116448,0.05337845024010666
2023-05-11 05:38:09,131.234826,76.827287,0.05487873195457323
2023-05-11 05:47:20,131.241204,75.191944,0.05434376107741307
2023-05-11 05:56:23,131.247488,73.571027,0.056990106901387214
2023-05-11 05:58:21,131.248854,73.217699,0.05520396831508909
2023-05-11 06:01:57,131.251354,72.570015,0.05307885558184127
2023-05-11 06:08:07,131.255637,71.458008,0.04979162357289525
2023-05-11 06:15:00,131.260417,70.213485,0.049173941679067475
2023-05-11 06:23:22,131.266227,68.69687,0.05437399316459087
2023-05-11 06:29:01,131.27015,67.670624,0.05545017540972972
2023-05-11 06:32:21,131.272465,67.064524,0.05408019619694044
2023-05-11 06:43:21,131.280104,65.061837,0.05456387306686627
2023-05-11 06:56:34,131.289282,62.65279,0.056567941581404046
2023-05-11 07:12:50,131.300579,59.689069,0.05588928594836812
2023-05-11 07:46:08,131.323704,53.657975,0.051081571451927196
2023-05-11 08:03:15,131.33559,50.596877,0.05141312724737744
2023-05-11 08:18:15,131.346007,47.949157,0.05480991124593839
2023-05-11 08:33:16,131.356435,45.341846,0.05117344232003096
2023-05-11 08:41:18,131.362014,43.968984,0.051653788907670264
2023-05-11 08:48:15,131.36684,42.795697,0.05418119552624099
2023-05-11 09:03:15,131.377257,40.316665,0.05341205184695266
2023-05-11 09:18:15,131.387674,37.925133,0.05680760980280406
2023-05-11 09:33:17,131.398113,35.63733,0.052295451163626445
2023-05-11 09:48:15,131.408507,33.493571,0.05349067544073731
2023-05-11 10:03:15,131.418924,31.50953,0.05906663680642935
2023-05-11 10:18:15,131.42934,29.725835,0.06059229849097664
2023-05-11 10:33:16,131.439769,28.181357,0.056882868508902354
2023-05-11 10:48:16,131.450185,26.922987,0.05513238122819237
2023-05-11 11:03:16,131.460602,25.991761,0.05886394586777106
2023-05-11 11:18:18,131.471042,25.423946,0.05963827071882459
2023-05-11 11:48:18,131.491875,25.468413,0.06009548743370137
2023-05-11 12:03:19,131.502303,26.077788,0.058031972027803504
2023-05-11 12:18:19,131.51272,27.047187,0.056065220574128403
2023-05-11 12:33:20,131.523148,28.340594,0.05560568662975784
2023-05-11 12:48:18,131.533542,29.908121,0.05506104555300293
2023-05-11 13:03:18,131.543958,31.714851,0.056168424712439914
2023-05-11 13:18:21,131.55441,33.724565,0.05664064943096602
2023-05-11 13:48:18,131.575208,38.175849,0.06719730518221519
2023-05-11 14:03:17,131.585613,40.573704,0.06992867089201453
2023-05-11 14:48:19,131.616887,48.226687,0.07302349843650668
2023-05-11 15:53:45,131.662326,59.9692,0.06984998997235765
2023-05-11 16:51:42,131.702569,70.498953,0.05541002950037224
2023-05-11 16:59:51,131.708229,71.968852,0.05766516417095054
2023-05-11 17:35:55,131.733275,78.395025,0.0494693512093744
2023-05-11 17:41:45,131.737326,79.418192,0.049140610009436224
2023-05-12 05:10:56,132.215926,81.424824,0.04354637706049181
2023-05-12 05:14:52,132.218657,80.743631,0.06309242124966756
2023-05-12 06:22:13,132.265428,68.736747,0.06368618993779715
2023-05-12 06:27:52,132.269352,67.711103,0.05356224760416318
2023-05-12 06:31:25,132.271817,67.065912,0.052363120373508334
2023-05-12 07:45:10,132.323032,53.661064,0.05574831641846437
2023-05-12 08:03:14,132.335579,50.426451,0.054757976874693366
2023-05-12 08:18:14,132.345995,47.775816,0.0639153499157502
2023-05-12 08:33:15,132.356424,45.164836,0.059728823047213865
2023-05-12 08:41:17,132.362002,43.789691,0.05872611351753986
2023-05-12 08:48:14,132.366829,42.61424,0.06014719165749806
2023-05-12 09:03:14,132.377245,40.129914,0.057953788865949776
2023-05-12 09:18:14,132.387662,37.732209,0.0620718009451746
2023-05-12 09:33:15,132.39809,35.439812,0.05919871845356802
2023-05-12 09:48:14,132.408495,33.285723,0.05841655584310049
2023-05-12 10:03:14,132.418912,31.293144,0.0601477247288213
2023-05-12 10:18:14,132.429329,29.500537,0.06388094508187811
2023-05-12 10:33:15,132.439757,27.947233,0.0627512272004303
2023-05-12 10:48:14,132.450162,26.682032,0.06652929850590808
2023-05-12 11:03:15,132.46059,25.743066,0.0633109909592421
2023-05-12 11:18:16,132.471019,25.171518,0.06848536518368914
2023-05-12 11:33:17,132.481447,24.993272,0.07120799451225503
2023-05-12 11:48:17,132.491863,25.216382,0.080933586118439
2023-05-12 12:03:18,132.502292,25.830647,0.06402001264753349
2023-05-12 12:18:18,132.512708,26.80717,0.0675612484356225
2023-05-12 12:33:19,132.523137,28.109126,0.07813562147995
2023-05-12 13:03:18,132.543958,31.503804,0.07878488031802815
2023-05-12 13:18:19,132.554387,33.517775,0.0693342198659249
2023-05-12 13:33:21,132.564826,35.694684,0.06835188248673349
2023-05-12 16:44:29,132.697558,69.034545,0.0725171176470357
2023-05-12 17:05:38,132.712245,72.847861,0.13032441805718445
2023-05-12 17:11:07,132.716053,73.83041,0.11822607736181819
2023-05-12 17:29:23,132.728738,77.079504,0.17253937178447326
2023-05-13 06:30:37,133.271262,67.048212,0.11711789585713546
2023-05-13 06:41:31,133.278831,65.065042,0.09330593557428951
2023-05-13 06:54:45,133.288021,62.653501,0.08655342109760585
2023-05-13 07:11:00,133.299306,59.691777,0.08661218047443836
2023-05-13 08:18:14,133.345995,47.605178,0.06558691774296448
2023-05-13 10:03:14,133.418912,31.080653,0.08476807179461965
2023-05-13 11:03:15,133.46059,25.499068,0.09239332245285871
2023-05-14 05:08:59,134.214572,81.424603,0.08624743951888926
2023-05-14 05:12:41,134.217141,80.78625,0.08391796504848084
2023-05-14 06:20:29,134.264225,68.728968,0.05977904599471411
2023-05-14 06:26:15,134.268229,67.683309,0.05855572245982878
2023-05-14 06:29:41,134.270613,67.059919,0.05904337595939128
2023-05-14 06:40:39,134.278229,65.065394,0.05707044613547868
2023-05-14 06:53:52,134.287407,62.657297,0.054893561291432975
2023-05-14 07:10:07,134.298692,59.695256,0.05761894923247685
2023-05-14 08:03:14,134.335579,50.09639,0.06156761787085588
2023-05-14 08:18:14,134.345995,47.4402,0.057005324211900396
2023-05-14 08:33:15,134.356424,44.822224,0.0600176600056092
2023-05-14 08:41:24,134.362083,43.422793,0.06325254283108006
2023-05-14 09:03:14,134.377245,39.768575,0.08922782905736613
2023-05-14 09:33:15,134.39809,35.05285,0.09498744486333896
2023-05-14 09:48:14,134.408495,32.883463,0.0570110967062848
2023-05-14 10:03:14,134.418912,30.874219,0.07001581602747134
2023-05-14 10:33:15,134.439757,27.493528,0.08003676060694134
2023-05-15 05:08:15,135.214063,81.390051,0.06162409448532959
2023-05-15 05:11:42,135.216458,80.795861,0.06350222473917613
2023-05-15 05:16:12,135.219583,80.017097,0.0639154146182698
2023-05-15 05:21:00,135.222917,79.182116,0.06695540115536174
2023-05-15 05:27:03,135.227118,78.123913,0.06835699495939561
2023-05-15 05:34:25,135.232234,76.827538,0.06658571603806215
2023-05-15 05:43:44,135.238704,75.177006,0.06923675757885377
2023-05-15 05:52:45,135.244965,73.569382,0.07418830160916405
2023-05-15 05:54:47,135.246377,73.205601,0.07039269569133118
2023-05-15 05:58:26,135.248912,72.551521,0.07025871423912942
2023-05-15 06:04:32,135.253148,71.455551,0.06739796906802432
2023-05-15 06:11:25,135.257928,70.215064,0.06513905832781101
2023-05-15 06:19:52,135.263796,68.687518,0.0662515878885503
2023-05-15 06:25:33,135.267743,67.657531,0.06949115117193014
2023-05-15 06:28:47,135.269988,67.070759,0.07099458833555138
2023-05-15 06:39:49,135.27765,65.064944,0.07175216862500215
2023-05-15 06:53:02,135.286829,62.657333,0.06733496456709401
2023-05-15 07:09:17,135.298113,59.695101,0.07449899656429121
2023-05-15 07:42:30,135.321181,53.663014,0.07512665380088032
2023-05-15 07:51:08,135.327176,52.107116,0.07569897177752564
2023-05-15 08:03:15,135.33559,49.936797,0.07829645639466627
2023-05-15 08:18:15,135.346007,47.277974,0.07644485968691232
2023-05-15 08:33:17,135.356447,44.653781,0.07508184306319088
2023-05-15 08:41:23,135.362072,43.260807,0.07582263277730375
2023-05-15 08:48:15,135.36684,42.093454,0.0753906537839724
2023-05-15 09:03:15,135.377257,39.594031,0.08555787853002558
2023-05-15 09:18:15,135.387674,37.178642,0.08985954767116619
2023-05-15 09:33:17,135.398113,34.863431,0.09262415057898112
2023-05-15 09:48:15,135.408507,32.689117,0.09567689274147852
2023-05-15 10:03:15,135.418924,30.671761,0.0982562770587035
2023-05-15 10:18:16,135.429352,28.851288,0.09883748125623683
2023-05-15 10:33:16,135.439769,27.274059,0.10054747793777886
2023-05-15 10:48:15,135.450174,25.985232,0.10943868693618738
2023-05-15 11:03:16,135.460602,25.027144,0.1160407804857531
2023-05-15 11:18:17,135.47103,24.443494,0.1228685214384711
2023-05-15 11:33:20,135.481481,24.262068,0.11570300570738151
2023-05-15 11:48:19,135.491887,24.491833,0.12318315464575404
2023-05-15 12:03:19,135.502303,25.120459,0.12410398279580363
2023-05-15 12:18:18,135.512708,26.117089,0.1222480003926962
2023-05-15 12:33:21,135.52316,27.447479,0.12291987045435582
2023-05-15 12:48:19,135.533553,29.051516,0.12053909985564097
2023-05-15 13:03:20,135.543981,30.896734,0.12036253558984755
2023-05-15 13:18:22,135.554421,32.938734,0.12368386425325645
2023-05-15 14:03:19,135.585637,39.873858,0.1241877777437356
2023-05-16 05:07:16,136.21338,81.403299,0.09002492221056914
2023-05-16 05:11:06,136.216042,80.744198,0.09504109648937109
2023-05-16 05:15:05,136.218808,80.056019,0.09899683892613327
2023-05-16 05:20:07,136.222303,79.182014,0.10180828967966152
2023-05-16 05:26:09,136.226493,78.128397,0.1044226088194112
2023-05-16 05:33:31,136.231609,76.833944,0.10742660326935156
2023-05-16 05:42:47,136.238044,75.194517,0.11279207333718344
2023-05-16 05:51:46,136.244282,73.594835,0.12036450757558889
2023-05-16 05:53:43,136.245637,73.246379,0.12218013630082221
2023-05-16 05:57:27,136.248229,72.57813,0.12627742724149685
2023-05-16 06:03:36,136.2525,71.474309,0.12297584815808614
2023-05-16 06:10:35,136.25735,70.21691,0.12203086161236669
2023-05-16 06:18:55,136.263137,68.711602,0.12389242169316551
2023-05-16 06:24:32,136.267037,67.694387,0.12461705615974844
2023-05-16 06:27:59,136.269433,67.068659,0.1281966280981962
2023-05-16 06:38:59,136.277072,65.069776,0.12746546658115918
2023-05-16 06:52:13,136.286262,62.659698,0.12608483444935847
2023-05-16 07:08:28,136.297546,59.697391,0.13146476391473824
2023-05-16 07:41:39,136.32059,53.668204,0.13662450462721656
2023-05-16 07:50:06,136.326458,52.143731,0.14127409338055366
2023-05-16 08:03:16,136.335602,49.782843,0.1386427371782144
2023-05-16 08:18:17,136.34603,47.118512,0.13208245918851633
2023-05-16 08:33:17,136.356447,44.49688,0.13535709992021736
2023-05-16 08:41:19,136.362025,43.11322,0.1395364551052838
2023-05-16 08:48:17,136.366863,41.926843,0.1325566919658068
2023-05-16 09:03:16,136.377269,39.425421,0.1308424577480537
2023-05-16 09:18:16,136.387685,37.004355,0.13110768024680344
2023-05-16 09:33:17,136.398113,34.685086,0.12958017959633322
2023-05-16 09:48:16,136.408519,32.500897,0.12929470272451776
2023-05-16 10:03:16,136.418935,30.475449,0.13282951748291186
2023-05-16 10:18:17,136.429363,28.646428,0.14121265946656608
2023-05-16 10:33:17,136.43978,27.060654,0.13557387574583502
2023-05-16 10:48:16,136.450185,25.763928,0.14578301357425114
2023-05-16 11:03:17,136.460613,24.799368,0.14819034073030973
2023-05-16 11:18:17,136.47103,24.211958,0.149627800531643
2023-05-16 11:33:21,136.481493,24.028828,0.15942980116401595
2023-05-16 11:48:20,136.491898,24.260453,0.13803733199520532
2023-05-16 12:03:20,136.502315,24.893784,0.12594936538341597
2023-05-16 12:18:19,136.51272,25.897274,0.1328999675213318
2023-05-16 13:18:19,136.554387,32.743155,0.13499180700246483
2023-05-16 16:27:37,136.685845,65.358959,0.13729688620998698
2023-05-16 17:19:27,136.72184,74.687235,0.13119951196268392
2023-05-16 17:33:13,136.7314,77.119363,0.11135278223188665
2023-05-16 17:40:30,136.736458,78.394897,0.10783884600021777
2023-05-16 17:46:28,136.740602,79.433222,0.1114452336422098
2023-05-16 17:51:31,136.744109,80.306885,0.11785637577461024
2023-05-16 17:55:57,136.747187,81.06961,0.12589700136490825
2023-05-16 17:59:30,136.749653,81.677252,0.13812290005452962
2023-05-17 07:40:52,137.320046,53.667107,0.06786961588885504
2023-05-17 07:49:27,137.326007,52.117199,0.065173031518473
2023-05-17 08:03:18,137.335625,49.631551,0.0628685947323697
2023-05-17 11:18:20,137.471065,23.984751,0.07239610544040949
2023-05-17 11:33:22,137.481505,23.800962,0.07168841734847357
2023-05-17 11:48:23,137.491933,24.035158,0.07296729920789818
2023-05-17 12:03:21,137.502326,24.671941,0.07032514135222964
2023-05-17 12:18:23,137.512766,25.685965,0.07231037840704999
2023-05-17 12:33:24,137.523194,27.030223,0.07530106308984143
2023-05-22 05:38:11,142.23485,75.210915,0.32101932260632116
2023-05-22 07:37:20,142.317593,53.678192,0.24473578108980368
2023-05-22 07:48:34,142.325394,51.643218,0.23185936048346906
2023-05-22 08:03:34,142.33581,48.942153,0.22217310129360296
2023-05-22 08:33:35,142.356655,43.625354,0.21173859211993
2023-05-22 08:41:43,142.362303,42.21342,0.2176818243498315
2023-05-22 08:48:35,142.367072,41.033738,0.2338457616793458
2023-05-22 09:18:34,142.387894,36.054047,0.25864944572332393
2023-05-22 09:33:36,142.398333,33.696076,0.22702335919680253
2023-05-22 09:48:34,142.408727,31.473458,0.22899574955643365
2023-05-22 10:03:35,142.419155,29.4005,0.2515543739573843
2023-05-22 10:18:34,142.42956,27.527385,0.21292422552381937
2023-05-22 10:33:38,142.440023,25.886041,0.21021194564080825
2023-05-22 10:48:34,142.450394,24.549023,0.21074808240375714
2023-05-22 11:03:35,142.460822,23.547147,0.22344042866495256
2023-05-22 11:18:36,142.47125,22.935092,0.23359998686611333
2023-05-22 11:33:39,142.481701,22.745173,0.23333691096296266
2023-05-22 11:48:37,142.492095,22.98738,0.2161305961837958
2023-05-22 12:03:38,142.502523,23.648814,0.2073804668252467
2023-05-22 12:18:39,142.512951,24.69492,0.20916190123767825
2023-05-22 12:33:40,142.52338,26.078197,0.22846068080156653
2023-05-22 12:48:38,142.533773,27.74065,0.24687057778445895
2023-05-22 13:03:38,142.54419,29.641216,0.2713470992729367
2023-05-22 13:33:39,142.565035,33.97812,0.28690771699016526
2023-05-22 13:48:40,142.575463,36.345993,0.32487747665126615
2023-05-22 14:18:38,142.596273,41.339311,0.34698150986842174
2023-05-22 14:33:41,142.606725,43.944615,0.35717195173520405
2023-05-22 16:03:01,142.668762,60.02297,0.29074481474175506
2023-05-22 16:19:26,142.680162,63.010472,0.29117328447437507
2023-05-22 16:32:31,142.689248,65.385034,0.29083178112696906
2023-05-22 16:52:56,142.703426,69.070688,0.32108703563701135
2023-05-22 17:01:04,142.709074,70.529761,0.29433081050856413
2023-05-22 17:09:43,142.715081,72.07467,0.3000668364130822
2023-05-22 17:17:10,142.720255,73.398665,0.31009564363950615
2023-05-22 17:19:15,142.721701,73.767715,0.29605923839013115
2023-05-22 17:20:58,142.722894,74.071398,0.2859837708810529
2023-05-22 17:24:37,142.725428,74.71581,0.3065400729166046
2023-05-22 17:38:21,142.734965,77.12338,0.2778832385912979
2023-05-22 17:45:49,142.74015,78.419698,0.2775899856031489
2023-05-22 17:51:51,142.74434,79.459795,0.26714172533847624
2023-05-23 05:05:14,143.211968,80.80887,0.21857176417472798
2023-05-23 05:09:38,143.215023,80.05792,0.21742792754686394
2023-05-23 05:14:39,143.218507,79.196747,0.22025027082094623
2023-05-23 05:20:52,143.222824,78.122797,0.21669762756623767
2023-05-23 05:28:14,143.22794,76.841295,0.21413004444744382
2023-05-23 05:37:51,143.234618,75.155334,0.21719314813221788
2023-05-23 05:47:02,143.240995,73.533056,0.21049377195221372
2023-05-23 05:49:00,143.242361,73.184214,0.20913353053557465
2023-05-23 05:52:20,143.244676,72.591883,0.2078243915435263
2023-05-23 05:58:43,143.249109,71.454004,0.20731956147195
2023-05-23 06:05:36,143.253889,70.222245,0.206440715450007
2023-05-23 06:13:57,143.259688,68.722139,0.20924294647641534
2023-05-23 06:19:45,143.263715,67.67668,0.21885862424866098
2023-05-23 06:23:02,143.265995,67.083724,0.22350657352564426
2023-05-23 06:34:06,143.273681,65.079907,0.2301766630083652
2023-05-23 06:47:22,143.282894,62.669336,0.23457381770167274
2023-05-23 07:03:37,143.294178,59.709119,0.23175434414545823
2023-05-23 07:36:44,143.317176,53.678139,0.22005053262379662
2023-05-23 07:48:39,143.325451,51.518354,0.22422085552783388
2023-05-23 08:03:39,143.335868,48.815887,0.22253642521476635
2023-05-23 08:18:39,143.346285,46.139083,0.2242693788299398
2023-05-23 08:33:41,143.356725,43.49171,0.21899972444298127
2023-05-23 08:41:46,143.362338,42.086811,0.2223420417963451
2023-05-23 08:48:40,143.36713,40.899826,0.21903300815448756
2023-05-23 09:03:40,143.377546,38.3656,0.2070194081955618
2023-05-23 09:18:40,143.387963,35.908915,0.20997470535876697
2023-05-23 09:33:41,143.398391,33.54816,0.20672851554055344
2023-05-23 09:48:39,143.408785,31.319314,0.20894062991803003
2023-05-23 10:03:39,143.419201,29.24161,0.22931482206334583
2023-05-23 10:18:39,143.429618,27.35885,0.22333358877937726
2023-05-23 10:33:43,143.440081,25.709905,0.20921603601730468
2023-05-23 10:48:39,143.450451,24.365816,0.21401940080593182
2023-05-23 11:03:41,143.460891,23.357157,0.2068433932342573
2023-05-23 11:18:41,143.471308,22.742206,0.21443656854453433
2023-05-23 11:33:43,143.481748,22.551167,0.21993480333502832
2023-05-23 11:48:42,143.492153,22.795248,0.23478542813028452
2023-05-23 12:03:44,143.502593,23.462121,0.24591559236161506
2023-05-23 12:18:43,143.512998,24.512311,0.26541741087473525
2023-05-23 12:33:44,143.523426,25.902744,0.2482439522506507
2023-05-23 12:48:46,143.533866,27.58072,0.2538276989887787
2023-05-23 13:03:44,143.544259,29.485132,0.24958244984129924
2023-05-23 13:33:47,143.565127,33.840865,0.2496641423562438
2023-05-23 14:03:45,143.585938,38.672764,0.24918210863099
2023-05-23 14:33:47,143.606794,43.81979,0.21685866598679468
2023-05-23 15:03:44,143.627593,49.134521,0.23182237698238448
2023-05-23 16:20:05,143.680613,62.992844,0.2103792941848299
2023-05-23 16:33:18,143.689792,65.390705,0.20370294169260023
2023-05-23 16:44:21,143.697465,67.388,0.20689430794367708
2023-05-23 16:53:44,143.703981,69.077095,0.19634802736157775
2023-05-23 17:01:48,143.709583,70.523072,0.19851362611726275
2023-05-23 17:10:19,143.715498,72.042905,0.19795404158480298
2023-05-23 17:16:15,143.719618,73.096979,0.20042513348242877
2023-05-23 17:18:16,143.721019,73.45428,0.2019608341623406
2023-05-23 17:20:30,143.722569,73.849371,0.20445755929620993
2023-05-23 17:25:28,143.726019,74.725655,0.2024411348256862
2023-05-23 17:29:54,143.729097,75.504958,0.20002105378679721
2023-05-24 05:04:34,144.211505,80.809026,0.2273835331120214
2023-05-24 05:08:55,144.214525,80.067849,0.22937280766261747
2023-05-24 05:14:00,144.218056,79.196624,0.2285386538019607
2023-05-24 05:20:14,144.222384,78.121382,0.2385900869726961
2023-05-24 05:27:37,144.227512,76.838742,0.23454343844691639
2023-05-24 05:36:54,144.233958,75.213498,0.22520341994640883
2023-05-24 05:46:12,144.240417,73.572836,0.2206266652684477
2023-05-24 05:48:06,144.241736,73.23624,0.22154627641680547
2023-05-24 05:51:54,144.244375,72.56171,0.21978461969500374
2023-05-24 05:57:55,144.248553,71.490243,0.22832253348311596
2023-05-24 06:04:58,144.253449,70.229863,0.23160912920233398
2023-05-24 06:13:15,144.259201,68.742969,0.23526999439109753
2023-05-24 06:19:16,144.26338,67.659221,0.2365841732064328
2023-05-24 06:22:26,144.265579,67.087693,0.2466389263951101
2023-05-24 06:33:31,144.273275,65.081978,0.22590126368780394
2023-05-24 06:46:47,144.282488,62.672367,0.21746555130678974
2023-05-24 07:03:02,144.293773,59.712736,0.2110997089984891
2023-05-24 07:36:09,144.316771,53.680703,0.20139811111863717
2023-05-24 07:48:44,144.325509,51.399079,0.20226801223396296
2023-05-24 08:03:44,144.335926,48.695267,0.1945964498766093
2023-05-24 08:18:45,144.346354,46.013635,0.1956860705482283
2023-05-24 08:33:46,144.356782,43.366764,0.20038793021034002
2023-05-24 08:41:53,144.362419,41.954512,0.1996325644154384
2023-05-24 08:48:44,144.367176,40.774647,0.20770214764065809
2023-05-24 09:03:44,144.377593,38.236551,0.20517004396557165
2023-05-24 09:18:44,144.388009,35.775215,0.21066019202445171
2023-05-24 09:33:46,144.398449,33.406418,0.20075790096756166
2023-05-24 09:48:45,144.408854,31.169032,0.20150118345378928
2023-05-24 10:03:44,144.419259,29.086874,0.20315287829469925
2023-05-24 10:18:44,144.429676,27.196722,0.21117320678080834
2023-05-24 10:33:45,144.440104,25.54523,0.2208493625738992
2023-05-24 10:48:45,144.450521,24.187661,0.2259828077584329
2023-05-24 11:03:45,144.460938,23.175256,0.2373041697180078
2023-05-24 11:18:46,144.471366,22.555419,0.23576198208171256
2023-05-24 11:33:49,144.481817,22.363094,0.24027543006614224
2023-05-24 11:48:50,144.492245,22.610257,0.21765084552083383
2023-05-24 12:03:48,144.502639,23.278804,0.20206902013432185
2023-05-24 12:18:49,144.513067,24.337415,0.20504894131200235
2023-05-24 12:33:51,144.523507,25.737096,0.19475241373523094
2023-05-24 14:33:49,144.606817,43.686073,0.2236495206696374
2023-05-25 14:18:54,145.596458,40.958182,0.245207427556579
2023-05-25 15:03:54,145.627708,48.895701,0.2513477284265408
2023-05-25 15:32:12,145.647361,54.013589,0.23913254478764756
2023-05-25 16:21:34,145.681644,62.997824,0.1990795476492472
2023-05-25 16:34:53,145.690891,65.411863,0.19201983898489186
2023-05-25 16:45:56,145.698565,67.406886,0.1996741286537779
2023-05-25 16:55:16,145.705046,69.084663,0.20145359088534248
2023-05-25 17:03:20,145.710648,70.528358,0.20388636934660412
2023-05-25 17:11:59,145.716655,72.06918,0.20820435372310642
2023-05-25 17:18:53,145.721447,73.292074,0.20147059885387567
2023-05-25 17:20:40,145.722685,73.607164,0.20263560482494727
2023-05-25 17:31:37,145.730289,75.532343,0.1985159054692284
2023-05-25 17:40:45,145.736632,77.124352,0.20522489130614457
2023-05-25 17:48:15,145.74184,78.421122,0.20680730152238352
2023-05-25 17:54:33,145.746215,79.502278,0.2095611098474914
2023-05-25 17:59:29,145.749641,80.343232,0.21660730799158337
2023-05-25 18:04:05,145.752836,81.122502,0.2277384355769752
2023-05-26 04:59:38,146.208079,81.432841,0.1636615217479086
2023-05-26 05:03:25,146.210706,80.793763,0.16172067397631945
2023-05-26 05:07:39,146.213646,80.074731,0.16084862249547915
2023-05-26 05:12:51,146.217257,79.186211,0.16304566597202091
2023-05-26 05:18:53,146.221447,78.148522,0.16245997423067665
2023-05-26 05:26:28,146.226713,76.834782,0.16268269457816983
2023-05-26 05:35:44,146.233148,75.21647,0.16195054636454895
2023-05-26 05:44:54,146.239514,73.603072,0.1753054728617259
2023-05-26 05:46:47,146.240822,73.270174,0.17283618987627794
2023-05-26 05:50:34,146.243449,72.600062,0.17464002572480297
2023-05-26 05:56:52,146.247824,71.480342,0.16847107857436233
2023-05-26 06:03:50,146.252662,70.237035,0.177640563577598
2023-05-26 06:12:23,146.2586,68.70461,0.16322317969523106
2023-05-26 06:18:01,146.262512,67.691316,0.15824189653764456
2023-05-26 06:21:23,146.26485,67.084495,0.1583907554234718
2023-05-26 06:32:29,146.272558,65.077986,0.15777298882883425
2023-05-26 06:45:42,146.281736,62.679418,0.16146504786776888
2023-05-26 07:01:59,146.293044,59.715033,0.15674287583635302
2023-05-26 07:35:03,146.316007,53.690548,0.1517358458760476
2023-05-26 07:48:56,146.325648,51.171208,0.15600212676544242
2023-05-26 08:03:56,146.336065,48.464919,0.15825463670024692
2023-05-26 08:18:57,146.346493,45.779808,0.15741322430088783
2023-05-26 08:34:00,146.356944,43.12251,0.1601069319809032
2023-05-26 08:42:05,146.362558,41.713116,0.15943510272130154
2023-05-26 08:48:56,146.367315,40.530441,0.1617883042347925
2023-05-26 09:03:56,146.377731,37.985196,0.16199818044976963
2023-05-26 09:18:57,146.38816,35.512563,0.1574957500936077
2023-05-26 09:33:58,146.398588,33.136304,0.16152954139021664
2023-05-26 09:48:56,146.408981,30.889685,0.167502790038745
2023-05-26 10:03:56,146.419398,28.792055,0.1703473384363535
2023-05-26 10:18:56,146.429815,26.887805,0.16671174218589388
2023-05-26 10:34:04,146.440324,25.209995,0.1720868565583739
2023-05-26 10:48:56,146.450648,23.85197,0.17657071955479722
2023-05-26 11:04:00,146.461111,22.824053,0.17768616039481533
2023-05-26 11:18:59,146.471516,22.199011,0.1777453539433196
2023-05-26 11:34:03,146.481979,22.004883,0.1752211969536642
2023-05-26 11:49:01,146.492373,22.25478,0.17037172757509775
2023-05-26 12:04:01,146.502789,22.93316,0.17544926205380268
2023-05-26 12:19:01,146.513206,24.002822,0.1746869118314589
2023-05-26 12:34:03,146.523646,25.416589,0.17935388443976727
2023-05-26 13:34:04,146.565324,33.432403,0.17554327273740472
2023-05-26 13:49:06,146.575764,35.824156,0.1799043656551913
2023-05-26 14:04:02,146.586134,38.29259,0.17826554387663182
2023-05-26 14:19:03,146.596563,40.847608,0.16904036198032082
2023-05-26 14:34:11,146.607072,43.479724,0.16468304412402235
2023-05-26 14:49:00,146.617361,46.099301,0.16607684958293162
2023-05-26 15:04:00,146.627778,48.783235,0.1670037035417461
2023-05-26 15:32:57,146.647882,54.021178,0.1679860208937169
2023-05-26 16:06:03,146.670868,60.047622,0.17313759312156696
2023-05-26 16:22:17,146.682141,62.99934,0.17376980615311557
2023-05-26 16:35:34,146.691366,65.406367,0.18228071599193738
2023-05-26 16:56:02,146.705579,69.091943,0.1866006465103672
2023-05-26 17:11:14,146.716134,71.80464,0.19080511887603976
2023-05-26 17:22:54,146.724236,73.868982,0.19303788305318967
2023-05-26 17:27:57,146.727743,74.756972,0.19509486985393448
2023-05-26 17:41:32,146.737176,77.126462,0.19933238514766988
2023-05-26 17:49:06,146.742431,78.43298,0.1950001390976172
2023-05-26 18:00:19,146.75022,80.349351,0.1971126417704257
2023-05-26 18:04:39,146.753229,81.082409,0.1952057962027799
2023-05-26 18:08:34,146.755949,81.741096,0.19352075982541353
2023-05-27 04:58:59,147.207627,81.444627,0.155409765084723
2023-05-27 05:02:45,147.210243,80.809455,0.15820986970966092
2023-05-27 05:07:09,147.213299,80.063281,0.15801170167550355
2023-05-27 05:12:14,147.216829,79.195972,0.16074762225118971
2023-05-27 05:25:53,147.226308,76.842099,0.1573529214789797
2023-05-27 05:35:12,147.232778,75.217054,0.15927353069803127
2023-05-27 05:44:19,147.239109,73.614254,0.15898699436816416
2023-05-27 05:46:10,147.240394,73.287605,0.15959859782213678
2023-05-27 05:50:02,147.243079,72.603444,0.157689004397362
2023-05-27 06:31:57,147.272188,65.087009,0.158045696554948
2023-05-27 06:45:11,147.281377,62.686447,0.15913658671258646
2023-05-27 07:01:28,147.292685,59.722792,0.159805817775685
2023-05-27 07:34:34,147.315671,53.691707,0.1551324591000708
2023-05-27 07:49:02,147.325718,51.065591,0.15645739501358694
2023-05-27 08:04:02,147.336134,48.358144,0.1551098876802479
2023-05-27 08:19:02,147.346551,45.674358,0.15097798525254985
2023-05-27 08:34:04,147.356991,43.017758,0.1498523793149926
2023-05-27 08:42:07,147.362581,41.61268,0.14978878801335846
2023-05-27 08:49:03,147.367396,40.414219,0.1481550362206548
2023-05-27 09:04:02,147.377801,37.868416,0.15173217273219886
2023-05-27 09:19:02,147.388218,35.39434,0.15455756747182323
2023-05-27 09:34:04,147.398657,33.010477,0.16922195823760813
2023-05-27 09:49:02,147.409051,30.758207,0.15858091720470008
2023-05-27 10:19:02,147.429884,26.743022,0.16201113198219363
2023-05-27 10:34:04,147.440324,25.068213,0.1753041131426227
2023-05-27 10:49:03,147.450729,23.691838,0.1631895948283301
2023-05-27 11:04:03,147.461146,22.662219,0.16830682794028334
2023-05-27 11:19:05,147.471586,22.030419,0.15791507665382737
2023-05-27 11:34:07,147.482025,21.83474,0.15944489072648102
2023-05-27 11:49:06,147.492431,22.085431,0.15213304654220847
2023-05-27 12:04:06,147.502847,22.767063,0.15261105442810427
2023-05-27 12:19:06,147.513264,23.841831,0.1576915921039574
2023-05-27 12:34:09,147.523715,25.26353,0.1650588292825961
2023-05-27 13:04:08,147.544537,28.901772,0.15979762248995236
2023-05-27 13:19:10,147.554977,31.030861,0.16153753681819585
2023-05-27 13:34:11,147.565405,33.30691,0.16797030891528378
2023-05-27 14:19:10,147.596644,40.734349,0.15315393972708258
2023-05-27 14:49:08,147.617454,45.993873,0.15470943261376266
2023-05-27 15:04:09,147.627882,48.682459,0.15298533824260777
2023-05-27 15:19:10,147.63831,51.393554,0.14802464330233034
2023-05-27 15:33:38,147.648356,54.019286,0.14311470002886376
2023-05-27 16:06:44,147.671343,60.046233,0.13626429847417834
2023-05-27 16:23:02,147.682662,63.00936,0.13146874580755025
2023-05-27 16:47:19,147.699525,67.399191,0.1319421892728963
2023-05-27 17:04:51,147.711701,70.540088,0.13424023166595064
2023-05-27 17:13:29,147.717697,72.075252,0.13256338483710575
2023-05-27 17:19:27,147.72184,73.131058,0.1339998256444148
2023-05-27 17:21:20,147.723148,73.463367,0.13248663775791591
2023-05-27 17:23:39,147.724757,73.871485,0.1318642582583457
2023-05-27 17:28:33,147.72816,74.732241,0.1327849488789028
2023-05-27 17:32:57,147.731215,75.502179,0.13241120547829147
2023-05-27 17:42:19,147.73772,77.131049,0.12987276405953482
2023-05-27 17:49:51,147.742951,78.430127,0.13431415438233837
2023-05-27 17:56:01,147.747234,79.485485,0.13498863853450674
2023-05-27 18:01:13,147.750845,80.369262,0.13799889555956538
2023-05-27 18:05:27,147.753785,81.084254,0.1401762252310576
2023-05-27 18:09:11,147.756377,81.711202,0.14146736838507565
2023-05-28 04:58:28,148.207269,81.439202,0.22524986159970053
2023-05-28 05:02:18,148.209931,80.79374,0.213248915352417
2023-05-28 05:06:29,148.212836,80.085395,0.20440546879638713
2023-05-28 05:44:36,148.239306,73.477871,0.22034088674366903
2023-05-28 05:46:29,148.240613,73.145474,0.22139483545529084
2023-05-28 05:49:32,148.242731,72.606184,0.22534244761157768
2023-05-28 05:55:45,148.247049,71.503387,0.2253481526018158
2023-05-28 06:02:53,148.252002,70.232551,0.2391400826619144
2023-05-28 06:31:26,148.271829,65.098326,0.225048927352704
2023-05-28 06:44:45,148.281076,62.683681,0.2178222524355003
2023-05-28 07:01:00,148.292361,59.726832,0.19898503182959068
2023-05-28 07:34:05,148.315336,53.698395,0.1858402480180934
2023-05-28 07:39:39,148.319201,52.686223,0.19350542492029932
2023-05-28 07:49:09,148.325799,50.96247,0.19276838117849154
2023-05-28 08:04:09,148.336215,48.253942,0.20792085665595436
2023-05-28 08:19:10,148.346644,45.565646,0.19466381405701355
2023-05-28 08:34:11,148.357072,42.909953,0.1856860580961761
2023-05-28 08:42:22,148.362755,41.480364,0.18492087663760706
2023-05-28 08:49:09,148.367465,40.306664,0.17894044567776424
2023-05-28 09:04:09,148.377882,37.754744,0.16880478605551935
2023-05-28 09:19:09,148.388299,35.276735,0.16004764291862061
2023-05-28 09:34:11,148.398738,32.888204,0.160376244569961
2023-05-28 09:49:09,148.409132,30.630553,0.1623104456456048
2023-05-28 10:04:09,148.419549,28.520473,0.1680114858922379
2023-05-28 10:19:09,148.429965,26.602702,0.16967181413837706
2023-05-28 10:34:11,148.440405,24.921078,0.16874813727496518
2023-05-28 10:49:10,148.45081,23.538226,0.1725518613157902
2023-05-28 11:04:11,148.461238,22.502211,0.17579888623724477
2023-05-28 11:19:11,148.471655,21.868159,0.18659591540370338
2023-05-28 11:34:15,148.482118,21.670846,0.1731713449642742
2023-05-28 11:49:15,148.492535,21.924033,0.16696116901657096
2023-05-28 12:04:13,148.502928,22.608473,0.17233705107769762
2023-05-28 12:19:15,148.513368,23.691632,0.17783070891518593
2023-05-28 12:34:16,148.523796,25.117079,0.17685017259190666
2023-05-28 13:04:17,148.544641,28.77317,0.18752732870823066
2023-05-28 13:19:18,148.555069,30.906181,0.17839395074416553
2023-05-28 13:49:15,148.575868,35.572669,0.17330437712378624
2023-05-28 15:04:17,148.627975,48.581434,0.17877955559815567
2023-05-29 04:57:59,149.206933,81.433436,0.15231654724721191
2023-05-29 05:01:36,149.209444,80.825451,0.15412219555222909
2023-05-29 05:06:04,149.212546,80.070294,0.15041647418029638
2023-05-29 05:11:07,149.216053,79.211198,0.1476113933917181
2023-05-29 05:17:17,149.220336,78.155042,0.1459175847330759
2023-05-29 05:24:47,149.225544,76.860863,0.163370559122128
2023-05-29 05:49:10,149.242477,72.590603,0.15770417029826464
2023-05-29 05:55:17,149.246725,71.5065,0.1543844080680194
2023-05-29 06:02:22,149.251644,70.245655,0.15595416612037935
2023-05-29 06:11:13,149.257789,68.662999,0.16337790364208224
2023-05-29 06:17:08,149.261898,67.600724,0.1633340349809178
2023-05-29 06:19:54,149.263819,67.102949,0.15965743689444933
2023-05-29 06:30:59,149.271516,65.10288,0.16789928919007113
2023-05-29 07:33:39,149.315035,53.701481,0.20900651116334146
2023-05-29 07:39:08,149.318843,52.704146,0.20641613845868895
2023-05-29 07:49:17,149.325891,50.861818,0.19710500696986963
2023-05-29 08:04:17,149.336308,48.152279,0.19999676910040862
2023-05-29 08:19:17,149.346725,45.465503,0.20249502687102433
2023-05-29 08:34:18,149.357153,42.80783,0.21347597620417297
2023-05-29 08:42:18,149.362708,41.408833,0.23501960971392533
2023-05-29 08:49:18,149.367569,40.196267,0.249384270100669
2023-05-29 09:04:17,149.377975,37.644145,0.24815229332249517
2023-05-29 09:34:19,149.398831,32.769451,0.2571781839354415
2023-05-29 10:49:17,149.450891,23.391168,0.27132689217622463
2023-05-29 11:19:20,149.471759,21.710877,0.23796044410328163
2023-05-29 11:34:21,149.482188,21.513067,0.24279371714801606
2023-05-29 11:49:22,149.492616,21.7675,0.24056689461074388
2023-05-29 12:19:22,149.513449,23.543908,0.23407042835166011
2023-05-29 12:34:22,149.523866,24.973787,0.2371746179947584
2023-05-30 05:10:55,150.215914,79.165579,0.37597577828758616
2023-05-30 05:16:47,150.219988,78.161978,0.37593212587460634
2023-05-30 05:24:25,150.225289,76.846372,0.3879005414684845
2023-05-30 05:33:48,150.231806,75.215372,0.3845843745039794
2023-05-30 05:42:56,150.238148,73.614688,0.3899813067303623
2023-05-30 05:44:48,150.239444,73.286071,0.3888569006301483
2023-05-30 05:48:37,150.242095,72.612706,0.3827616862007152
2023-05-30 05:55:06,150.246597,71.464587,0.39031656697893835
2023-05-30 06:01:55,150.251331,70.252121,0.3704532128110195
2023-05-30 06:10:30,150.257292,68.718429,0.3627802443785268
2023-05-30 06:16:15,150.261285,67.686967,0.3570806592297832
2023-05-30 06:19:28,150.263519,67.108656,0.3598516819686554
2023-05-30 06:30:35,150.271238,65.103681,0.36235324701208155
2023-05-30 06:43:53,150.280475,62.694119,0.363194984923918
2023-05-30 07:00:10,150.291782,59.732778,0.35640885215768203
2023-05-30 07:33:14,150.314745,53.706992,0.3364503495976348
2023-05-30 07:38:56,150.318704,52.669985,0.3387768094505814
2023-05-30 07:49:24,150.325972,50.769643,0.34007606625638553
2023-05-30 08:04:25,150.3364,48.056124,0.3366400891911423
2023-05-30 08:19:26,150.346829,45.364991,0.3540823696783215
2023-05-30 08:34:28,150.357269,42.702567,0.3638122322240595
2023-05-30 08:42:49,150.363067,41.241469,0.37838040357888186
2023-05-30 08:49:25,150.36765,40.097352,0.37268763646601294
2023-05-30 09:04:26,150.378079,37.53658,0.36032744539695327
2023-05-30 09:19:25,150.388484,35.054039,0.3421591900657043
2023-05-30 09:34:26,150.398912,32.659376,0.3425245398343059
2023-05-30 09:49:24,150.409306,30.391498,0.3447547212036938
2023-05-30 10:04:24,150.419722,28.269835,0.31572883724727224
2023-05-30 10:19:25,150.43015,26.337413,0.3129414668870173
2023-05-30 10:34:30,150.440625,24.637802,0.3155178871566069
2023-05-30 10:49:25,150.450984,23.249325,0.3078842251230527
2023-05-30 11:04:27,150.461424,22.201723,0.3185942646613042
2023-05-30 11:19:26,150.471829,21.561431,0.32611587156487243
2023-05-30 11:34:29,150.48228,21.361588,0.32830464619105504
2023-05-30 11:49:29,150.492697,21.616939,0.31040910448712816
2023-05-30 12:04:28,150.503102,22.309157,0.29044842838326906
2023-05-30 12:19:28,150.513519,23.400083,0.301759370482788
2023-05-30 12:34:31,150.52397,24.84074,0.293313390547488
2023-05-30 12:49:30,150.534375,26.561823,0.303226261353413
2023-05-30 13:49:33,150.576076,35.359562,0.28928594397426377
2023-05-30 14:04:30,150.586458,37.845745,0.32155557343737157
2023-05-30 14:34:37,150.607373,43.049657,0.31713666212687874
2023-05-30 15:34:30,150.648958,53.814553,0.3177065292150729
2023-06-01 05:04:41,152.211586,80.079249,0.26248941164196515
2023-06-01 05:09:45,152.215104,79.220811,0.2501193774889221
2023-06-01 05:15:55,152.219387,78.16874,0.24643789113367506
2023-06-01 05:23:30,152.224653,76.864907,0.24834893672045424
2023-06-01 05:32:52,152.231157,75.240506,0.2692308251676829
2023-06-01 05:44:37,152.239317,73.183301,0.2551198634924174
2023-06-01 05:47:49,152.241539,72.619628,0.23642188196185218
2023-06-01 06:01:13,152.250845,70.245172,0.24129882363915098
2023-06-01 06:09:43,152.256748,68.728534,0.22548021115604422
2023-06-01 06:15:44,152.260926,67.650581,0.22493387040521803
2023-06-01 06:18:45,152.263021,67.10885,0.2311748751100656
2023-06-01 06:29:50,152.270718,65.112033,0.2211347043198058
2023-06-01 06:43:09,152.279965,62.701489,0.21764372575978128
2023-06-01 13:19:44,152.55537,30.432789,0.17064282957949223
2023-06-01 17:46:09,152.740382,77.179603,0.23496808928126336
2023-06-01 17:53:42,152.745625,78.473452,0.2505244911134673
2023-06-02 04:56:08,153.205648,81.44905,0.18016246239208952
2023-06-02 05:00:00,153.208333,80.802686,0.17586051445106823
2023-06-02 05:04:12,153.21125,80.096488,0.1729330551491171
2023-06-02 05:09:20,153.214815,79.227918,0.1689466250552612
2023-06-02 05:15:34,153.219144,78.165747,0.17388898777455322
2023-06-02 05:23:05,153.224363,76.874839,0.15704392427132177
2023-06-02 05:32:30,153.230903,75.243503,0.148982449019807
2023-06-02 05:41:55,153.237442,73.597994,0.15690519928653862
2023-06-02 05:44:00,153.238889,73.232178,0.15391189340191508
2023-06-02 05:47:34,153.241366,72.604502,0.15543452296685661
2023-06-02 05:53:42,153.245625,71.521189,0.1647065577577604
2023-06-02 06:00:48,153.250556,70.261405,0.1593565017086005
2023-06-02 06:09:16,153.256435,68.751844,0.16340085582656166
2023-06-02 06:18:24,153.262778,67.115291,0.1665157944167287
2023-06-02 06:29:30,153.270486,65.116527,0.16427493822060027
2023-06-02 06:42:49,153.279734,62.706985,0.1745006675549264
2023-06-02 06:59:07,153.291053,59.745062,0.1814894906419596
2023-06-02 07:32:12,153.314028,53.716427,0.18254992517988194
2023-06-02 07:37:45,153.317882,52.706031,0.18315588100993982
2023-06-02 07:49:50,153.326273,50.510414,0.17351486715573822
2023-06-02 08:04:50,153.33669,47.797349,0.1843484672429486
2023-06-02 08:19:50,153.347106,45.105433,0.17838372449746706
2023-06-02 08:34:52,153.357546,42.437875,0.17236603065764836
2023-06-02 08:43:04,153.363241,40.999473,0.17337605282159357
2023-06-02 08:49:50,153.36794,39.823182,0.17428900431681876
2023-06-02 09:04:51,153.378368,37.254193,0.17998174250388208
2023-06-02 09:19:50,153.388773,34.761646,0.1849221708466336
2023-06-02 09:34:52,153.399213,32.3524,0.18296762713543466
2023-06-02 09:49:50,153.409606,30.070742,0.18109982662231222
2023-06-02 10:04:50,153.420023,27.933407,0.17046991677531992
2023-06-02 10:19:50,153.43044,25.985847,0.1767737690768009
2023-06-02 10:34:52,153.44088,24.27323,0.17037738179378892
2023-06-02 10:49:51,153.451285,22.860697,0.1733787677584496
2023-06-02 11:04:52,153.461713,21.799431,0.1901547678045276
2023-06-02 11:19:52,153.47213,21.148343,0.20022162322565165
2023-06-02 11:34:55,153.482581,20.945157,0.18621421116229037
2023-06-02 11:49:54,153.492986,21.203796,0.17945790925644725
2023-06-02 12:04:54,153.503403,21.906735,0.17478216078174338
2023-06-02 12:19:55,153.513831,23.013817,0.17212514038999333
2023-06-02 12:34:57,153.524271,24.47021,0.16981211300423663
2023-06-02 16:10:41,153.674086,60.066213,0.1428073935213923
2023-06-02 16:42:12,153.695972,65.773229,0.14758200948928263
2023-06-02 16:51:21,153.702326,67.417479,0.15229473570281835
2023-06-02 17:46:52,153.74088,77.189312,0.1511927755725773
2023-06-02 18:00:23,153.750266,79.494989,0.14381133463645315
2023-06-02 18:09:57,153.75691,81.103186,0.1500610769200879
2023-06-02 18:13:44,153.759537,81.733018,0.15802594708569706
2023-06-03 04:55:42,154.205347,81.461221,0.1134912714610655
2023-06-03 04:59:40,154.208102,80.799022,0.11433774783179192
2023-06-03 05:03:47,154.210961,80.10772,0.11536791723549848
2023-06-03 05:08:58,154.21456,79.231791,0.11389431273763116
2023-06-03 05:15:11,154.218877,78.17371,0.11542603024684533
2023-06-03 05:22:43,154.224109,76.881383,0.11467422893996045
2023-06-03 05:32:14,154.230718,75.234344,0.11601643020634693
2023-06-03 05:42:04,154.237546,73.517195,0.11720198748100429
2023-06-03 05:43:56,154.238843,73.189609,0.11962044882260987
2023-06-03 05:47:08,154.241065,72.6269,0.12079655707489943
2023-06-03 05:53:22,154.245394,71.526852,0.12616171133045745
2023-06-03 06:00:30,154.250347,70.262087,0.12739574917057012
2023-06-03 06:08:50,154.256134,68.777345,0.12642380158711472
2023-06-03 06:14:34,154.260116,67.751636,0.12672298442232224
2023-06-03 06:18:05,154.262558,67.120937,0.12828891248002453
2023-06-03 06:29:12,154.270278,65.120199,0.1282070680998544
2023-06-03 06:42:31,154.279525,62.711635,0.12142064085796192
2023-06-03 06:58:50,154.290856,59.747496,0.11789984932994806
2023-06-03 07:31:54,154.313819,53.722116,0.1193913049535863
2023-06-03 07:37:25,154.31765,52.717614,0.12281801291815729
2023-06-03 07:49:59,154.326377,50.433666,0.12598799544450884
2023-06-03 08:04:59,154.336794,47.719852,0.11779332433630288
2023-06-03 08:20:00,154.347222,45.023849,0.12394049843047046
2023-06-03 08:35:01,154.35765,42.35775,0.10558731089334165
2023-06-03 08:43:03,154.363229,40.947454,0.11420004780414404
2023-06-03 08:50:00,154.368056,39.738206,0.11650911925450576
2023-06-03 09:05:00,154.378472,37.169628,0.10697449321144158
2023-06-03 09:20:00,154.388889,34.671327,0.12848511063013374
2023-06-03 09:35:01,154.399317,32.261172,0.12859268690550488
2023-06-03 09:49:59,154.409711,29.975269,0.11763910486595774
2023-06-03 10:04:59,154.420127,27.83308,0.12098252949984921
2023-06-03 10:20:00,154.430556,25.878126,0.11445770811580577
2023-06-03 10:35:00,154.440972,24.163691,0.10435308417754006
2023-06-03 10:50:00,154.451389,22.743963,0.10211075329989754
2023-06-03 11:05:01,154.461817,21.677991,0.08801253054133773
2023-06-03 11:20:01,154.472234,21.023633,0.0885009285240789
2023-06-03 11:35:04,154.482685,20.819173,0.08956970055846734
2023-06-03 11:50:03,154.49309,21.078761,0.09031759715667499
2023-06-03 12:05:05,154.50353,21.78667,0.1005059770036225
2023-06-03 12:20:05,154.513947,22.897508,0.09124100449236347
2023-06-03 17:01:25,154.709317,69.109554,0.10823814220055736
2023-06-03 17:54:59,154.746516,78.46751,0.1104070514404509
2023-06-03 18:10:39,154.757396,81.108557,0.1064795311707659
2023-06-03 18:14:33,154.760104,81.756913,0.10699933068731432
2023-06-05 06:08:33,156.255937,68.739675,0.15054881603169107
2023-06-05 06:17:31,156.262164,67.135729,0.14511714020289757
2023-06-05 06:28:39,156.269896,65.133978,0.15432062488506323
2023-06-05 06:58:19,156.290498,59.758754,0.13452325930382003
2023-06-05 07:31:23,156.313461,53.73399,0.12748433838433687
2023-06-05 07:36:56,156.317315,52.723138,0.12749767732706344
2023-06-05 07:50:18,156.326597,50.292885,0.12357746889686219
2023-06-05 08:05:19,156.337025,47.574719,0.11979821634928815
2023-06-05 08:20:18,156.347431,44.882687,0.12162584515246838
2023-06-05 08:35:20,156.35787,42.21084,0.1397959043817103
2023-06-05 08:43:27,156.363507,40.784141,0.14909072099189616
2023-06-05 08:50:19,156.368275,39.587695,0.14965574150565913
2023-06-05 10:20:19,156.430775,25.683925,0.1840702764587723
2023-06-05 10:50:18,156.451597,22.530471,0.20520970217043644
2023-06-06 04:54:38,157.204606,81.490385,0.10706542004211567
2023-06-06 04:58:26,157.207245,80.858512,0.11209728510549484
2023-06-06 05:03:02,157.21044,80.088823,0.11295002283090352
2023-06-06 05:08:02,157.213912,79.246635,0.1202007848236039
2023-06-06 05:14:14,157.218218,78.194825,0.1250972314445164
2023-06-06 05:22:00,157.223611,76.866418,0.13265393100556427
2023-06-06 05:31:21,157.230104,75.252635,0.13916794902414267
2023-06-06 05:40:35,157.236516,73.64485,0.14566311273592705
2023-06-06 05:42:29,157.237836,73.312392,0.14699156178394174
2023-06-06 05:46:19,157.240498,72.640059,0.15041643866708082
2023-06-06 05:52:41,157.244919,71.518926,0.15459323030018554
2023-06-06 05:59:40,157.249769,70.283274,0.15903942812178665
2023-06-06 06:08:16,157.255741,68.753824,0.163574438951011
2023-06-06 06:13:57,157.259688,67.738702,0.16238886541046393
2023-06-06 06:17:20,157.262037,67.132866,0.16473967609713394
2023-06-06 06:28:27,157.269757,65.135006,0.18184160846506175
2023-06-06 06:41:47,157.279016,62.726226,0.19862763664310654
2023-06-06 06:58:06,157.290347,59.764462,0.22358954440636541
2023-06-06 07:31:11,157.313322,53.737035,0.2370194710410684
2023-06-06 07:36:43,157.317164,52.729107,0.2530131965800522
2023-06-06 07:50:28,157.326713,50.228754,0.24434473206257964
2023-06-06 08:05:28,157.33713,47.512997,0.25520598549761897
2023-06-06 08:20:29,157.347558,44.814072,0.2448834749707879
2023-06-06 08:35:31,157.357998,42.14101,0.24745354274136266
2023-06-06 08:43:40,157.363657,40.707665,0.2484383751274159
2023-06-06 08:50:29,157.368391,39.519173,0.23691903247524204
2023-06-06 09:05:29,157.378808,36.943981,0.2591904502877616
2023-06-06 09:20:29,157.389225,34.437547,0.2561612960861936
2023-06-06 09:35:30,157.399653,32.017603,0.2616388467306317
2023-06-06 09:50:29,157.410058,29.717747,0.24124537472456115
2023-06-06 10:05:28,157.420463,27.564881,0.24540435221485737
2023-06-06 10:20:28,157.43088,25.59742,0.2542830281359904
2023-06-06 10:35:29,157.441308,23.865603,0.24280647279050707
2023-06-06 11:20:31,157.472581,20.68799,0.3051329493900409
2023-06-06 11:50:33,157.493437,20.742973,0.2850871818943694
2023-06-06 12:35:34,157.524699,24.052988,0.3089826141058263
2023-06-07 04:58:17,158.207141,80.845227,0.21588884761949978
2023-06-07 05:02:35,158.210127,80.126549,0.22848535748519422
2023-06-07 05:14:00,158.218056,78.198078,0.21239906991478108
2023-06-07 05:21:48,158.223472,76.86516,0.19823146737994557
2023-06-07 05:31:10,158.229977,75.249806,0.19947762301614852
2023-06-07 05:46:11,158.240405,72.630336,0.20905666282806393
2023-06-07 05:52:21,158.244687,71.545172,0.20097016126987083
2023-06-07 05:59:27,158.249618,70.289722,0.19139397501978828
2023-06-07 06:07:57,158.255521,68.778982,0.18485449836227022
2023-06-07 07:30:59,158.313183,53.745168,0.1692266552414841
2023-06-07 07:50:38,158.326829,50.169735,0.1490753459268775
2023-06-07 08:43:46,158.363727,40.656954,0.1646277774005182
2023-06-07 08:50:39,158.368507,39.456033,0.16573796055097598
2023-06-07 09:05:39,158.378924,36.878885,0.15337774189970105
2023-06-07 10:20:38,158.430995,25.515197,0.1568527625378688
2023-06-07 10:35:39,158.441424,23.778708,0.1556267813991907
2023-06-07 10:50:41,158.451863,22.336592,0.14810610935682894
2023-06-07 11:05:39,158.462257,21.257377,0.15329671570129783
2023-06-07 11:20:42,158.472708,20.589034,0.15271094987605824
2023-06-07 11:35:43,158.483137,20.380623,0.14338737103115407
2023-06-08 04:54:09,159.204271,81.498212,0.12431720202687864
2023-06-08 04:58:03,159.206979,80.851056,0.12701313831477745
2023-06-08 05:07:37,159.213623,79.247876,0.13551493766598902
2023-06-08 05:41:56,159.237454,73.346746,0.15097565239900965
2023-06-08 05:45:53,159.240197,72.654961,0.15464205600179012
2023-06-08 05:52:11,159.244572,71.547085,0.14012337820801837
2023-06-08 05:59:18,159.249514,70.289418,0.1379638112697316
2023-06-08 06:07:48,159.255417,68.779474,0.1376455503715432
2023-06-08 06:16:57,159.261771,67.145302,0.13171793342961038
2023-06-08 06:57:45,159.290104,59.775816,0.12415037494017535
2023-06-08 07:30:50,159.313079,53.749221,0.11461768549404258
2023-06-08 07:36:23,159.316933,52.738079,0.11283427792912314
2023-06-08 07:50:49,159.326956,50.112748,0.10832395442042284
2023-06-08 08:05:49,159.337373,47.395938,0.10360579780915657
2023-06-08 08:20:50,159.347801,44.6954,0.11745181264146874
2023-06-08 08:35:51,159.358229,42.023041,0.12809223347724424
2023-06-08 08:43:54,159.363819,40.605694,0.13962608719396777
2023-06-08 08:50:50,159.368634,39.395322,0.12446590845431463
2023-06-08 09:05:50,159.379051,36.816399,0.11465658230021274
2023-06-08 09:20:50,159.389468,34.305359,0.10927519897804118
2023-06-08 09:35:51,159.399896,31.879849,0.12377504008110746
2023-06-08 09:50:50,159.410301,29.573441,0.11463823470027815
2023-06-08 10:05:50,159.420718,27.410737,0.11966146087092973
2023-06-08 12:50:53,159.535336,25.644966,0.12977666124474707
2023-06-08 13:05:54,159.545764,27.645858,0.11158102105632109
2023-06-08 13:20:53,159.556169,29.824115,0.11963900662378105
2023-06-08 14:05:52,159.587407,37.096497,0.13120734005507148
2023-06-08 15:05:53,159.629086,47.690497,0.11174981556089811
2023-06-08 17:04:15,159.711285,69.122122,0.09190191986890901
2023-06-10 05:13:31,161.21772,78.201974,0.17806546455561423
2023-06-10 05:21:06,161.222986,76.909327,0.1411207362066337
2023-06-10 05:30:36,161.229583,75.274879,0.13839123433039474
2023-06-10 05:40:10,161.236227,73.613586,0.13985505165098702
2023-06-10 05:42:14,161.237662,73.252823,0.13716700636656828
2023-06-10 05:51:53,161.244363,71.560131,0.12297280072514968
2023-06-10 05:59:00,161.249306,70.30385,0.12171271879451644
2023-06-10 06:07:32,161.255231,68.789508,0.12906807373168724
2023-06-10 06:13:17,161.259225,67.764502,0.13069242983247595
2023-06-10 06:16:41,161.261586,67.156799,0.13227193040975763
2023-06-10 06:27:50,161.269329,65.15626,0.12613092672180332
2023-06-10 06:41:12,161.278611,62.744677,0.1296759852373223
2023-06-10 06:57:32,161.289954,59.782724,0.11162807398977428
2023-06-10 07:30:37,161.312928,53.757002,0.10724214659509383
2023-06-10 07:36:12,161.316806,52.739665,0.10916639856560686
2023-06-10 07:51:11,161.327211,50.013715,0.1001376198054996
2023-06-10 08:06:11,161.337627,47.29603,0.09588280002302703
2023-06-10 08:21:11,161.348044,44.597116,0.093054770951569
2023-06-10 08:36:13,161.358484,41.919867,0.09914216371168857
2023-06-10 08:44:19,161.364109,40.492478,0.11806655227113742
2023-06-10 08:51:12,161.368889,39.289636,0.12985509011688626
2023-06-10 09:06:12,161.379306,36.707513,0.13036813536747516
2023-06-10 09:21:12,161.389722,34.192507,0.12507532672163948
2023-06-10 09:36:13,161.40015,31.76219,0.15497196448054026
2023-06-10 09:51:11,161.410544,29.452604,0.14327905981181493
2023-06-10 11:06:12,161.462639,21.008327,0.12162315162260472
2023-06-10 11:21:14,161.473079,20.333259,0.13470482684060325
2023-06-10 11:36:15,161.483507,20.121448,0.1273986981411253
2023-06-10 11:51:17,161.493947,20.387139,0.1259708698053888
2023-06-10 12:06:20,161.504398,21.113484,0.12303477989009687
2023-06-10 12:21:16,161.514769,22.24419,0.12353749939130666
2023-06-10 13:21:22,161.556505,29.713253,0.1295348823257518
2023-06-11 04:53:49,162.204039,81.484193,0.07197779271196622
2023-06-11 04:57:32,162.20662,80.869089,0.0701364796584262
2023-06-11 05:01:55,162.209664,80.13917,0.0706419255133634
2023-06-11 05:07:06,162.213264,79.270162,0.07242832019142398
2023-06-11 05:13:23,162.217627,78.208782,0.07193336234433627
2023-06-11 05:21:00,162.222917,76.911369,0.07372738661855706
2023-06-11 05:30:29,162.229502,75.28085,0.07408398585632195
2023-06-11 05:39:36,162.235833,73.698989,0.07106046192917048
2023-06-11 05:41:31,162.237164,73.364756,0.07202161772759995
2023-06-11 05:45:31,162.239942,72.665463,0.07045357563448734
2023-06-11 05:51:47,162.244294,71.565314,0.06934321995504109
2023-06-11 05:58:54,162.249236,70.30965,0.06986821361698303
2023-06-11 06:06:56,162.254815,68.884919,0.06851792546830064
2023-06-11 06:12:36,162.25875,67.87552,0.069083118394341
2023-06-11 06:16:35,162.261516,67.163955,0.07001366389940154
2023-06-11 06:27:45,162.269271,65.161135,0.07222701566441914
2023-06-11 06:41:06,162.278542,62.753262,0.07492574392562487
2023-06-11 06:57:27,162.289896,59.788925,0.07559686837275471
2023-06-11 07:30:32,162.31287,53.763648,0.07440964002846706
2023-06-11 07:36:23,162.316933,52.697686,0.07602386578858875
2023-06-11 07:51:22,162.327338,49.97155,0.0795326296486888
2023-06-11 08:06:22,162.337755,47.253485,0.08180584078334616
2023-06-11 08:21:22,162.348171,44.553976,0.0876768781128835
2023-06-11 08:36:24,162.358611,41.875886,0.07800247258768499
2023-06-11 08:44:25,162.364178,40.462559,0.07997764164812747
2023-06-11 08:51:23,162.369016,39.244541,0.07974128121613257
2023-06-11 09:06:23,162.379433,36.660994,0.08891372366399837
2023-06-11 09:21:23,162.38985,34.144219,0.10189748184643495
2023-06-11 10:06:22,162.421088,27.22722,0.10686950657307812
2023-06-11 10:36:24,162.441944,23.487005,0.16196890109756998
2023-06-11 10:51:22,162.452338,22.035681,0.21815960572228205
2023-06-11 11:36:29,162.483669,20.048604,0.21565451813610595
2023-06-12 06:07:18,163.255069,68.81328,0.09867566778334719
2023-06-12 06:12:55,163.25897,67.812924,0.09986775959168685
2023-06-12 06:16:31,163.26147,67.170006,0.10174635830037396
2023-06-12 06:27:40,163.269213,65.170834,0.10738791445602684
2023-06-12 06:41:03,163.278507,62.757608,0.11890447078183773
2023-06-12 06:57:25,163.289873,59.790826,0.12449649918231116
2023-06-12 07:30:28,163.312824,53.772049,0.12476778837597312
2023-06-12 07:36:34,163.31706,52.660502,0.11225860509902082
2023-06-12 07:51:33,163.327465,49.934202,0.10395082261869702
2023-06-12 08:06:34,163.337894,47.212785,0.14982268634127502
2023-06-12 08:36:36,163.35875,41.833939,0.165822202910097
2023-06-12 08:44:40,163.364352,40.411345,0.14170722991139584
2023-06-12 08:51:34,163.369144,39.204528,0.13440627181700335
2023-06-12 09:06:34,163.37956,36.619676,0.17256869149416298
2023-06-12 09:21:34,163.389977,34.101276,0.14033252124328793
2023-06-12 09:36:35,163.400405,31.666826,0.1526253923792211
2023-06-12 10:06:34,163.421227,27.174886,0.14196648243623258
2023-06-12 10:21:33,163.431632,25.187684,0.1277815790921624
2023-06-12 10:36:35,163.442072,23.430598,0.1247829405300799
2023-06-12 10:51:34,163.452477,21.974528,0.11371195171310285
2023-06-12 11:06:35,163.462905,20.875117,0.13382959401732694
2023-06-12 11:51:37,163.494178,20.247295,0.1625390004803193
2023-06-12 12:06:37,163.504595,20.972303,0.13676955973044774
2023-06-13 08:36:48,164.358889,41.796911,0.19542686973961915
2023-06-13 09:36:48,164.400556,31.622067,0.20331407846173002
2023-06-13 09:51:46,164.410949,29.305712,0.21029830340155048
2023-06-13 10:06:47,164.421377,27.126108,0.2392380979960683
2023-06-14 04:53:34,165.203866,81.502558,0.18172574505596806
2023-06-14 04:57:12,165.206389,80.902607,0.1807456117348721
2023-06-14 05:20:48,165.222778,76.930401,0.16598709303216813
2023-06-14 05:30:18,165.229375,75.299758,0.1628494293401395
2023-06-14 05:39:35,165.235822,73.691342,0.16298218603893827
2023-06-14 05:41:28,165.23713,73.363363,0.1579589891531415
2023-06-14 05:45:20,165.239815,72.68831,0.15037080880553982
2023-06-14 05:51:45,165.244271,71.563301,0.14234046724950114
2023-06-14 05:58:46,165.249144,70.326774,0.14343228492200824
2023-06-14 06:07:24,165.255139,68.797095,0.15087883777596411
2023-06-14 06:13:07,165.259109,67.779484,0.14951759702524164
2023-06-14 06:16:28,165.261435,67.18154,0.1667574219138411
2023-06-14 08:21:57,165.348576,44.447784,0.17667170623933295
2023-06-14 08:36:58,165.359005,41.770641,0.18092464175415457
2023-06-15 04:53:29,166.203808,81.518738,0.10287078465221888
2023-06-15 04:57:16,166.206435,80.894376,0.10159454523112864
2023-06-15 05:01:40,166.209491,80.16365,0.10220098712681813
2023-06-15 05:06:52,166.213102,79.294087,0.09892185710208673
2023-06-15 05:13:11,166.217488,78.229666,0.09931196655316891
2023-06-15 05:20:47,166.222766,76.938056,0.09988488898740629
2023-06-15 05:30:16,166.229352,75.31104,0.10136686992612977
2023-06-15 05:40:14,166.236273,73.584449,0.10239707839799474
2023-06-15 05:42:07,166.237581,73.25641,0.10291987875927898
2023-06-15 05:45:20,166.239815,72.694894,0.10179495892127192
2023-06-15 05:58:47,166.249155,70.331246,0.0946640937253632
2023-06-15 06:07:19,166.255081,68.819796,0.08761158153609451
2023-06-15 06:12:56,166.258981,67.82036,0.08524230665540483
2023-06-15 06:16:29,166.261447,67.186925,0.08380258414111419
2023-06-15 10:07:09,166.421632,27.055297,0.1052769704038898
2023-06-15 10:22:08,166.432037,25.060823,0.10293089040612768
2023-06-15 10:37:12,166.4425,23.292286,0.09694262434820648
2023-06-15 10:52:08,166.45287,21.833422,0.10463857791521576
2023-06-15 11:07:09,166.463299,20.726497,0.10754812394670338
2023-06-15 11:22:10,166.473727,20.042018,0.11698050282852046
2023-06-15 11:37:15,166.484201,19.824849,0.12631338972344933
2023-06-15 11:52:15,166.494618,20.091774,0.125662511001131
2023-06-15 12:07:14,166.505023,20.820357,0.12630338365585397
2023-06-15 12:22:13,166.515428,21.963815,0.13368879957970398
2023-06-15 16:46:49,166.699178,65.468214,0.28998241951111725
2023-06-15 17:07:26,166.713495,69.147575,0.29789986646235833
2023-06-15 17:15:39,166.719201,70.600789,0.3130682006837061
2023-06-15 17:24:40,166.725463,72.185725,0.3165939667241013
2023-06-15 17:31:16,166.730046,73.338613,0.3148437880993974
2023-06-15 17:35:15,166.732812,74.031233,0.3162724598859974
2023-06-15 17:39:42,166.735903,74.802004,0.31805165517013706
2023-06-15 17:44:15,166.739062,75.586676,0.3208166452552786
2023-06-15 17:54:05,166.745891,77.269857,0.3286698170634215
2023-06-15 18:01:25,166.750984,78.512941,0.327884514457061
2023-06-15 18:07:30,166.755208,79.535516,0.3254384748971194
2023-06-16 05:06:54,167.213125,79.297066,0.3528744795762981
2023-06-16 05:13:15,167.217535,78.227468,0.31015588513695924
2023-06-16 05:20:46,167.222755,76.950556,0.29818229066615426
2023-06-16 05:30:25,167.229456,75.295524,0.2866283435705693
2023-06-16 05:39:49,167.235984,73.667927,0.26989243151326847
2023-06-16 05:41:45,167.237326,73.331419,0.2645425042977484
2023-06-16 05:45:23,167.23985,72.697481,0.2636009875267546
2023-06-16 05:51:45,167.244271,71.582005,0.252498746348043
2023-06-16 05:59:01,167.249317,70.30216,0.25591485671765835
2023-06-16 06:07:28,167.255185,68.805711,0.2598365167522942
2023-06-16 06:13:40,167.259491,67.702478,0.25798985141070013
2023-06-16 06:16:33,167.261493,67.18801,0.2545631121356718
2023-06-16 06:27:41,167.269225,65.193871,0.2354535771212924
2023-06-16 06:41:04,167.278519,62.782714,0.2161702969612211
2023-06-16 06:57:25,167.289873,59.820869,0.20300127021518058
2023-06-16 07:30:31,167.312859,53.794547,0.22599900343814733
2023-06-16 07:37:21,167.317604,52.549309,0.225498658803707
2023-06-16 07:52:20,167.328009,49.822591,0.22607749233043264
2023-06-16 08:07:20,167.338426,47.103238,0.23028039467283118
2023-06-16 08:22:21,167.348854,44.39866,0.24018795133303972
2023-06-16 08:37:22,167.359282,41.720578,0.24450818205985037
2023-06-16 08:45:26,167.364884,40.296466,0.251379401085969
2023-06-16 08:52:21,167.369687,39.085257,0.25362622907957516
2023-06-16 09:07:21,167.380104,36.496593,0.2602148865807152
2023-06-16 09:22:21,167.390521,33.973426,0.2608744438140878
2023-06-16 09:37:22,167.400949,31.533149,0.26233765272823983
2023-06-16 09:52:21,167.411354,29.20922,0.27104121741847215
2023-06-16 10:07:21,167.421771,27.026184,0.26334784185748356
2023-06-16 10:22:21,167.432187,25.027784,0.26160488205767246
2023-06-16 10:37:22,167.442616,23.262976,0.24474841700768363
2023-06-16 10:52:20,167.453009,21.798515,0.25414228611633355
2023-06-16 11:07:22,167.463449,20.688769,0.25042887178846324
2023-06-16 11:22:22,167.473866,20.003911,0.25351334370309675
2023-06-16 11:37:25,167.484317,19.785951,0.2663912319667295
2023-06-16 11:52:25,167.494734,20.051842,0.28023952779706723
2023-06-16 12:07:25,167.50515,20.781211,0.289273982820317
2023-06-16 16:58:12,167.707083,67.443487,0.2617649946274191
2023-06-16 17:07:52,167.713796,69.162808,0.2517085416822822
2023-06-16 17:16:01,167.719456,70.60389,0.2454278312913536
2023-06-16 17:24:44,167.725509,72.135912,0.2417466735759976
2023-06-16 17:31:09,167.729965,73.256863,0.2249297248657284
2023-06-16 17:40:04,167.736157,74.804042,0.22903369768702606
2023-06-16 18:01:44,167.751204,78.505395,0.19828953532702512
2023-06-16 18:07:51,167.755451,79.533263,0.19915107689398476
2023-06-16 18:13:12,167.759167,80.425289,0.18708983470471402
2023-06-17 05:06:56,168.213148,79.304906,0.1973404074128789
2023-06-17 05:13:19,168.217581,78.230106,0.19713774827109182
2023-06-17 05:20:48,168.222778,76.959317,0.1992623260782724
2023-06-17 05:30:20,168.229398,75.324977,0.20547220489393303
2023-06-17 05:39:58,168.236088,73.65753,0.20647080046617236
2023-06-17 05:45:26,168.239884,72.704756,0.21652452585640594
2023-06-17 05:51:49,168.244317,71.586663,0.23111324264933397
2023-06-17 05:58:53,168.249225,70.342439,0.2338209902088433
2023-06-17 06:07:30,168.255208,68.816948,0.2412943133649179
2023-06-17 06:13:39,168.259479,67.722884,0.2430438762017897
2023-06-17 06:16:38,168.261551,67.190691,0.24236007725329747
2023-06-17 06:27:46,168.269282,65.196903,0.25572036716673924
2023-06-17 06:41:08,168.278565,62.789114,0.2594187945381133
2023-06-17 06:57:29,168.289919,59.82762,0.23757447073893412
2023-06-17 07:30:36,168.312917,53.798577,0.2723182912356376
2023-06-17 08:45:41,168.365058,40.269404,0.34238180758158965
2023-06-17 09:07:33,168.380243,36.477453,0.3002206232091279
2023-06-17 09:22:33,168.39066,33.953495,0.3311358220505244
2023-06-17 09:37:34,168.401088,31.512244,0.3484295448523257
2023-06-17 10:07:32,168.421898,27.005076,0.35169883105126193
2023-06-17 10:37:35,168.442766,23.23448,0.3990026535276563
2023-06-17 10:52:33,168.45316,21.768663,0.4263306925781865
2023-06-17 11:07:33,168.463576,20.659775,0.45373134578310736
2023-06-17 11:22:34,168.474005,19.972658,0.4824308390092468
2023-06-17 11:37:37,168.484456,19.753975,0.49662079799876585
2023-06-17 11:52:38,168.494884,20.020332,0.47074799539014894
2023-06-17 12:07:38,168.505301,20.75068,0.5499831092587749
2023-06-17 12:22:40,168.515741,21.900718,0.5499369578315901
2023-06-17 13:07:40,168.546991,27.213847,0.6056380444411656
2023-06-17 13:22:45,168.557465,29.426849,0.5405471468459199
2023-06-17 14:52:42,168.619931,44.655168,0.5206278745389906
2023-06-17 15:07:39,168.630313,47.349835,0.5092482866745572
2023-06-17 15:44:35,168.655961,54.063876,0.4582444444977474
2023-06-18 04:53:29,169.203808,81.555713,0.13789751496805377
2023-06-18 04:57:19,169.20647,80.924039,0.13354729444860877
2023-06-18 05:01:45,169.209549,80.188785,0.12895424953551615
2023-06-18 05:06:59,169.213183,79.314758,0.13942669981468578
2023-06-18 05:21:03,169.222951,76.935871,0.1397090799856808
2023-06-18 05:30:27,169.229479,75.324661,0.13657447865300873
2023-06-18 05:39:49,169.235984,73.703936,0.12673966078109355
2023-06-18 05:41:41,169.23728,73.379256,0.12702919952687924
2023-06-18 05:45:31,169.239942,72.710834,0.131265970840774
2023-06-18 05:51:49,169.244317,71.607633,0.127159452751179
2023-06-18 05:58:58,169.249282,70.349036,0.11784255150012879
2023-06-18 06:07:25,169.25515,68.85343,0.12747191059980229
2023-06-18 06:13:04,169.259074,67.848757,0.12362791863551224
2023-06-18 06:16:41,169.261586,67.20383,0.12552703794139364
2023-06-18 09:37:46,169.401227,31.496482,0.15894771177188166
2023-06-18 09:52:45,169.411632,29.17044,0.1568731462077337
2023-06-18 10:07:45,169.422049,26.984919,0.14380572716880924
2023-06-18 10:22:44,169.432454,24.985793,0.16822076118036702
2023-06-18 11:07:47,169.463738,20.634462,0.16972311218647132
2023-06-18 11:22:47,169.474155,19.947747,0.17159243978129057
2023-06-18 12:22:49,169.515845,21.871841,0.1874368552715597
2023-06-18 15:44:54,169.656181,54.067525,0.1959338282258715
2023-06-18 16:18:01,169.679178,60.094561,0.2019324036029519
2023-06-19 04:53:39,170.203924,81.550353,0.14810599531690716
2023-06-19 04:57:24,170.206528,80.932567,0.14172308763148042
2023-06-19 05:01:51,170.209618,80.194768,0.13717223338200857
2023-06-19 05:07:14,170.213356,79.295841,0.14584212066801422
2023-06-19 05:13:22,170.217616,78.263734,0.14764466181790148
2023-06-19 05:21:00,170.222917,76.968266,0.1338873441794746
2023-06-19 05:30:32,170.229537,75.334724,0.12974196591304904
2023-06-19 05:39:57,170.236076,73.705681,0.12834124258020857
2023-06-19 05:41:56,170.237454,73.36075,0.1279380092305102
2023-06-19 05:45:37,170.240012,72.718569,0.12891636192278044
2023-06-19 05:51:56,170.244398,71.612649,0.13927060897788887
2023-06-19 05:59:05,170.249363,70.354258,0.14362006945189562
2023-06-19 06:41:21,170.278715,62.80011,0.13783193355432025
2023-06-19 06:57:42,170.290069,59.839146,0.13474777272358596
2023-06-19 07:30:48,170.313056,53.813654,0.13576338876452756
2023-06-19 07:37:57,170.318021,52.51072,0.13465755348174205
2023-06-19 07:52:56,170.328426,49.783896,0.12863288350910293
2023-06-19 08:07:57,170.338854,47.061207,0.1368751629740498
2023-06-19 08:22:57,170.349271,44.359075,0.14092639530597884
2023-06-19 08:37:59,170.359711,41.677196,0.15888292129057266
2023-06-19 08:46:04,170.365324,40.249597,0.16737658470257014
2023-06-19 08:52:57,170.370104,39.043677,0.1655800648686161
2023-06-19 09:07:57,170.380521,36.453505,0.17335886679732312
2023-06-19 09:22:57,170.390938,33.928431,0.16896177815154262
2023-06-19 09:37:58,170.401366,31.485799,0.16665834819657468
2023-06-19 09:52:57,170.411771,29.159034,0.17258754284304975
2023-06-19 10:37:58,170.443032,23.201439,0.1518583895381503
2023-06-19 10:52:56,170.453426,21.732673,0.14604765358606775
2023-06-19 17:25:49,170.726262,72.166483,0.41568813719442943
2023-06-19 17:45:25,170.739873,75.568195,0.3491362336070358
2023-06-19 17:55:12,170.746667,77.241665,0.3404456275125592
2023-06-20 05:30:39,171.229618,75.34362,0.9084258744222871
2023-06-20 05:59:13,171.249456,70.360984,0.8828759684425431
2023-06-20 06:07:39,171.255313,68.868741,0.8655442552081535
2023-06-20 07:30:56,171.313148,53.82152,1.0073649266863198
2023-06-20 07:38:09,171.31816,52.506449,0.9781886716661461
2023-06-20 10:08:09,171.422326,26.965896,0.804368340225118
2023-06-20 10:23:08,171.432731,24.965086,0.7636526151951437
2023-06-20 10:38:10,171.443171,23.193194,0.77053092701409
2023-06-20 11:08:10,171.464005,20.608915,0.6520043179758642
2023-06-22 13:53:37,173.5789,34.142637,0.27646036196634
2023-06-22 14:23:36,173.599722,39.267063,0.2818077042314226
2023-06-22 14:38:36,173.610139,41.910362,0.256825327665568
2023-06-22 15:08:35,173.630961,47.290205,0.22716195549782095
2023-06-22 15:23:35,173.641377,50.011056,0.19236970629244604
2023-06-22 15:38:37,173.651817,52.747543,0.21143306027233416
2023-06-22 15:45:53,173.656863,54.071811,0.20968759678598983
2023-06-23 04:54:15,174.20434,81.586846,0.10948565955459397
2023-06-23 04:58:05,174.207002,80.955646,0.13082011146360661
2023-06-23 06:58:23,174.290544,59.867464,0.1414803025271038
2023-06-23 07:31:30,174.313542,53.83948,0.1516240047509911
2023-06-23 07:38:45,174.318576,52.518394,0.1552842454169065
2023-06-23 07:53:44,174.328981,49.791686,0.15370314221479003
2023-06-23 08:08:44,174.339398,47.072077,0.1566154442796476
2023-06-23 08:23:44,174.349815,44.369932,0.18129654948267354
2023-06-23 08:38:46,174.360255,41.687966,0.18819933500058716
2023-06-23 08:46:47,174.365822,40.272013,0.1799108280944781
2023-06-23 08:53:46,174.370671,39.04846,0.1695865056902238
2023-06-23 09:08:45,174.381076,36.460987,0.15666478812310797
2023-06-23 09:23:45,174.391493,33.935604,0.14569172923692228
2023-06-23 09:38:46,174.401921,31.492539,0.1360948111397523
2023-06-23 09:53:45,174.412326,29.165195,0.13376546131860478
2023-06-23 10:08:45,174.422743,26.978057,0.13202814417288553
2023-06-23 10:23:44,174.433148,24.976967,0.1253979653432328
2023-06-23 10:38:45,174.443576,23.206451,0.12582121194784157
2023-06-23 10:53:45,174.453993,21.732934,0.12754191714788346
2023-06-23 11:08:46,174.464421,20.618821,0.12184839948248047
2023-06-23 11:23:46,174.474838,19.928729,0.12858239016821124
2023-06-23 11:38:49,174.485289,19.706681,0.12794990429753259
2023-06-23 12:08:49,174.506123,20.698529,0.13883756699152228
2023-06-23 12:23:49,174.516539,21.844699,0.14507039301883987
2023-06-24 04:54:31,175.204525,81.58824,0.1841291946631241
2023-06-24 04:58:27,175.207257,80.940441,0.2128164033323659
2023-06-24 06:42:17,175.279363,62.830915,0.15403880798055564
2023-06-24 06:58:38,175.290718,59.870301,0.19344671648286932
2023-06-24 07:31:44,175.313704,53.845366,0.16187009662574375
2023-06-24 08:08:57,175.339549,47.081232,0.17994107161036307
2023-06-24 08:38:59,175.360405,41.697505,0.13408090700713474
2023-06-24 08:46:58,175.365949,40.287554,0.1428015542210044
2023-06-24 08:53:57,175.370799,39.06409,0.14170604379491739
2023-06-24 09:08:57,175.381215,36.473987,0.11917001774947968
2023-06-24 09:23:57,175.391632,33.948937,0.12721813709498025
2023-06-24 09:38:59,175.402072,31.503609,0.12077925357587929
2023-06-24 09:53:57,175.412465,29.179367,0.11402158796471114
2023-06-24 10:08:57,175.422882,26.992727,0.11090964499939585
2023-06-24 10:23:56,175.433287,24.992165,0.11163174439251008
2023-06-24 10:38:57,175.443715,23.222167,0.1144903449689673
2023-06-24 10:53:58,175.454144,21.74765,0.10426927187501643
2023-06-24 11:08:57,175.464549,20.636289,0.10663894508846615
2023-06-24 11:23:59,175.474988,19.944712,0.10606205859149673
2023-06-24 11:39:01,175.485428,19.722902,0.10990699698094572
2023-06-24 11:54:02,175.495856,19.986247,0.11261126955420368
2023-06-24 12:09:01,175.506262,20.71332,0.10731585273334363
2023-06-24 12:24:02,175.51669,21.859995,0.10550811315008703
2023-06-24 17:00:15,175.708507,67.467881,0.14939427152582885
2023-06-24 17:09:50,175.715162,69.17206,0.1452707226096341
2023-06-24 17:17:58,175.72081,70.609928,0.14048736736195494
2023-06-24 17:26:08,175.726481,72.045299,0.13752515771993892
2023-06-24 17:31:56,175.730509,73.059025,0.13835192688864498
2023-06-24 17:33:47,175.731794,73.381316,0.1379817279092944
2023-06-24 17:37:10,175.734144,73.969362,0.1369348627622966
2023-06-24 17:42:00,175.7375,74.806244,0.1360280753910001
2023-06-24 17:46:34,175.740671,75.593356,0.13688207411447542
2023-06-24 17:56:06,175.747292,77.224476,0.1400902494929141
2023-06-24 18:03:39,175.752535,78.50375,0.13821256787980116
2023-06-24 18:10:05,175.757002,79.584282,0.1318951468939345
2023-06-24 18:15:09,175.760521,80.428594,0.13157849115354545
2023-06-24 18:19:39,175.763646,81.173177,0.13589863613475356
2023-06-24 18:23:27,175.766285,81.797789,0.13591482456637133
2023-06-25 04:54:51,176.204757,81.583116,0.12061151448444454
2023-06-25 04:58:44,176.207454,80.94341,0.11854543858052756
2023-06-25 05:03:01,176.210428,80.233303,0.11692153900814135
2023-06-25 05:08:16,176.214074,79.35689,0.11283317529757243
2023-06-25 05:14:33,176.218437,78.299807,0.10820630471810723
2023-06-25 05:22:13,176.223762,76.998837,0.10139627817619576
2023-06-25 05:31:49,176.230428,75.353967,0.09937139885257162
2023-06-25 05:40:48,176.236667,73.800234,0.09717279159144707
2023-06-25 05:42:37,176.237928,73.484441,0.0955591751248785
2023-06-25 05:46:49,176.240845,72.752411,0.09510433358223842
2023-06-25 05:53:07,176.24522,71.649507,0.09470702983003712
2023-06-25 06:00:16,176.250185,70.391232,0.09417525075356163
2023-06-25 06:08:29,176.255891,68.937398,0.09294321033594578
2023-06-25 06:14:08,176.259815,67.933106,0.09224801042000592
2023-06-25 06:17:58,176.262477,67.249747,0.09269805215596885
2023-06-25 06:29:09,176.270243,65.247772,0.09337975369458056
2023-06-25 06:42:32,176.279537,62.837753,0.09346141931009799
2023-06-25 06:58:53,176.290891,59.877042,0.0928108977608
2023-06-25 07:31:59,176.313877,53.852091,0.09463783646196494
2023-06-25 07:39:09,176.318854,52.546247,0.09390672607492165
2023-06-25 07:54:08,176.329259,49.819708,0.0949427907855203
2023-06-25 08:09:09,176.339687,47.097336,0.09730251474037128
2023-06-25 08:24:09,176.350104,44.395557,0.09887534280211002
2023-06-25 08:39:10,176.360532,41.717026,0.10041511816212188
2023-06-25 08:47:11,176.3661,40.301358,0.10071483399023659
2023-06-25 08:54:09,176.370937,39.08099,0.10162298795284196
2023-06-25 09:09:09,176.381354,36.4913,0.10319184888103626
2023-06-25 09:24:09,176.391771,33.966751,0.10181964082710078
2023-06-25 09:39:10,176.402199,31.524673,0.09787821655455554
2023-06-25 09:54:09,176.412604,29.198468,0.10055342893261285
2023-06-25 10:09:09,176.423021,27.012608,0.10007887501457613
2023-06-25 10:24:09,176.433437,25.010786,0.09762846176256455
2023-06-25 10:39:09,176.443854,23.243755,0.09966159636176278
2023-06-25 10:54:10,176.454282,21.77003,0.09979752508084998
2023-06-25 11:09:09,176.464687,20.659268,0.09802563232977712
2023-06-25 11:24:11,176.475127,19.967965,0.10059588209345532
2023-06-25 11:39:14,176.485579,19.746019,0.1029719987396953
2023-06-25 11:54:15,176.496007,20.009286,0.10293192772560869
2023-06-25 17:09:53,176.715197,69.158715,0.09456752206311511
2023-06-25 17:18:04,176.72088,70.60571,0.09476416115642519
2023-06-25 17:26:30,176.726736,72.088084,0.09652256825667481
2023-06-25 17:32:17,176.730752,73.098889,0.0948244958320606
2023-06-25 17:34:08,176.732037,73.421179,0.0948565003135297
2023-06-25 17:42:07,176.737581,74.805784,0.09731003058437979
2023-06-25 17:46:45,176.740799,75.604535,0.09718459337266212
2023-06-25 18:03:47,176.752627,78.506969,0.09081863175404419
2023-06-25 18:10:10,176.75706,79.579392,0.08774251078126069
2023-06-25 18:19:54,176.763819,81.196285,0.09010213052005499
2023-06-25 18:23:34,176.766366,81.799086,0.0882376506267955
2023-06-26 04:55:11,177.204988,81.582345,0.08890645317955649
2023-06-26 04:58:53,177.207558,80.972749,0.08914400779107422
2023-06-26 05:03:24,177.210694,80.223821,0.09014049884905048
2023-06-26 05:08:36,177.214306,79.355485,0.09270067642468348
2023-06-26 05:22:30,177.223958,77.005357,0.09371123646580998
2023-06-26 05:32:00,177.230556,75.377406,0.08837072397129658
2023-06-26 05:40:57,177.236771,73.829351,0.09198323894881269
2023-06-26 05:42:50,177.238079,73.501946,0.09892817427040448
2023-06-26 05:47:06,177.241042,72.758202,0.09528421262553871
2023-06-26 05:53:24,177.245417,71.655135,0.09657424566475371
2023-06-26 06:00:34,177.250394,70.393743,0.0980331339359955
2023-06-26 06:08:47,177.2561,68.939707,0.10297696663866315
2023-06-26 06:14:22,177.259977,67.947159,0.0995038880237873
2023-06-26 06:18:16,177.262685,67.251845,0.0999553136536738
2023-06-26 06:29:26,177.27044,65.252647,0.10546226891721419
2023-06-26 06:42:49,177.279734,62.842436,0.10252382051610685
2023-06-26 06:59:09,177.291076,59.884586,0.10634968710687742
2023-06-26 07:32:16,177.314074,53.856544,0.11411641017543762
2023-06-26 07:39:21,177.318993,52.565918,0.116391325309358
2023-06-26 07:54:20,177.329398,49.839493,0.12186730053623362
2023-06-26 08:09:21,177.339826,47.117302,0.13160076829429912
2023-06-26 08:24:21,177.350243,44.41578,0.1272740804878713
2023-06-26 08:39:22,177.360671,41.737594,0.12714755648624945
2023-06-26 08:47:24,177.36625,40.319217,0.12897916060503642
2023-06-26 08:54:21,177.371076,39.101997,0.12754838741692856
2023-06-26 09:09:21,177.381493,36.512857,0.13136017658237562
2023-06-26 09:24:21,177.39191,33.988978,0.13305208475577224
2023-06-26 09:39:22,177.402338,31.547704,0.1403439790571289
2023-06-26 09:54:21,177.412743,29.222434,0.1425095145552334
2023-06-26 10:09:20,177.423148,27.039975,0.1430723516539506
2023-06-26 10:24:20,177.433565,25.03909,0.15339474287009383
2023-06-26 10:39:22,177.444005,23.269355,0.15968553416932052
2023-06-26 10:54:21,177.45441,21.800029,0.15497084915773024
2023-06-26 11:09:21,177.464826,20.688738,0.15859219082304038
2023-06-26 11:24:23,177.475266,19.997951,0.16602166575287214
2023-06-26 11:39:25,177.485706,19.775951,0.16982113735524362
2023-06-26 11:54:26,177.496134,20.038069,0.17439817897697377
2023-06-26 12:09:25,177.506539,20.763058,0.16716165557208398
2023-06-26 16:19:38,177.680301,60.109956,0.23953037030456062
2023-06-26 16:49:26,177.700995,65.491563,0.25206920421598594
2023-06-26 17:10:04,177.715324,69.173721,0.26950394102073794
2023-06-26 17:18:20,177.721065,70.635617,0.2600128090540216
2023-06-26 17:27:01,177.727095,72.16193,0.2533053150477836
2023-06-26 17:33:34,177.731644,73.306225,0.25222689372420604
2023-06-26 17:35:30,177.732986,73.642751,0.25417023415150375
2023-06-26 17:37:32,177.734398,73.996055,0.24839681554403456
2023-06-26 17:42:22,177.737755,74.833208,0.24055397703015508
2023-06-26 17:46:47,177.740822,75.594776,0.2485154728295809
2023-06-26 17:56:15,177.747396,77.215373,0.23288438616841795
2023-06-26 18:03:53,177.752697,78.509505,0.22942932392478413
2023-06-26 18:10:12,177.757083,79.571102,0.21448695182614305
2023-06-26 18:15:23,177.760683,80.435414,0.21172205915154077
2023-06-27 05:03:43,178.210914,80.229662,0.29421840222246953
2023-06-27 05:08:56,178.214537,79.358283,0.32221441501994796
2023-06-27 05:15:09,178.218854,78.311871,0.3330335464919244
2023-06-27 05:22:47,178.224155,77.016,0.3129257661129951
2023-06-27 05:32:20,178.230787,75.379091,0.2985723043407461
2023-06-27 05:41:51,178.237396,73.732179,0.26443006392822793
2023-06-27 05:43:55,178.238831,73.372608,0.2527070456738415
2023-06-27 05:47:23,178.241238,72.767994,0.2252701592955785
2023-06-27 05:53:41,178.245613,71.664733,0.2256069484416696
2023-06-27 06:00:54,178.250625,70.394307,0.23530886262405654
2023-06-27 06:09:21,178.256493,68.898584,0.2464080115541047
2023-06-27 06:15:05,178.260475,67.879,0.24179995171918706
2023-06-27 06:18:32,178.26287,67.263758,0.23377413713716558
2023-06-27 06:29:44,178.270648,65.258355,0.2290038137292082
2023-06-27 06:43:06,178.279931,62.850906,0.25232895449298887
2023-06-27 06:59:27,178.291285,59.88983,0.25660847832334416
2023-06-27 07:32:33,178.314271,53.864724,0.27055316841457616
2023-06-27 07:39:32,178.31912,52.592357,0.2680936227492241
2023-06-27 07:54:31,178.329525,49.866057,0.29367702394278944
2023-06-27 08:09:32,178.339954,47.14407,0.281227008600566
2023-06-27 08:24:32,178.35037,44.44284,0.2664066449132729
2023-06-27 08:39:36,178.360833,41.756184,0.22677746695862708
2023-06-27 08:47:37,178.3664,40.341063,0.24571660138991774
2023-06-27 08:54:32,178.371204,39.129949,0.2472158064935403
2023-06-27 09:09:33,178.381632,36.538591,0.22738617457738042
2023-06-27 09:24:32,178.392037,34.018314,0.23777140438301153
2023-06-27 09:39:33,178.402465,31.577943,0.26760671097978367
2023-06-27 09:54:34,178.412894,29.248694,0.2669048765845082
2023-06-27 10:09:32,178.423287,27.0701,0.2736108210026534
2023-06-27 10:24:31,178.433692,25.072812,0.24444322465117266
2023-06-27 10:39:33,178.444132,23.304348,0.25784233010987795
2023-06-27 10:54:32,178.454537,21.836155,0.2593532150280209
2023-06-27 11:09:35,178.464988,20.722644,0.2726492884341073
2023-06-27 11:24:34,178.475394,20.035157,0.26831935402882356
2023-06-27 11:39:37,178.485845,19.812753,0.2699086471716094
2023-06-27 16:36:01,178.691678,63.062092,1.3899351935079547
2023-06-27 16:49:31,178.701053,65.492865,1.26311327077828
2023-06-27 17:00:35,178.708738,67.473633,1.3901231197273065
2023-06-28 05:15:30,179.219097,78.315639,0.46558516472727335
2023-06-28 05:23:07,179.224387,77.022168,0.47478927211037003
2023-06-28 05:32:38,179.230995,75.390517,0.4395820330011139
2023-06-28 05:42:45,179.238021,73.638856,0.4161899069426568
2023-06-28 05:44:37,179.239317,73.313862,0.4114879458981393
2023-06-28 05:47:44,179.241481,72.770063,0.427248548946608
2023-06-28 05:54:02,179.245856,71.666517,0.48450350341348236
2023-06-28 06:01:17,179.250891,70.389902,0.4427426660616882
2023-06-28 06:09:42,179.256736,68.899733,0.4410659971969978
2023-06-28 06:15:25,179.260706,67.882911,0.40114783073990873
2023-06-28 06:30:05,179.270891,65.258832,0.3736406057346282
2023-06-28 07:32:55,179.314525,53.861373,0.5870378152569662
2023-06-28 08:39:45,179.360938,41.793402,0.5161457777256858
2023-06-28 08:54:43,179.371331,39.16187,0.522261743418055
2023-06-28 09:09:44,179.381759,36.571276,0.523805701565173
2023-06-28 09:24:44,179.392176,34.049172,0.5437296876617504
2023-06-28 09:39:46,179.402616,31.607372,0.5233730108046015
2023-06-28 09:54:44,179.413009,29.287233,0.5203637781827022
2023-06-28 10:09:44,179.423426,27.105262,0.5254773285184453
2023-06-28 10:24:44,179.433843,25.107696,0.5252196185336808
2023-06-28 10:39:45,179.444271,23.343253,0.5082739291475578
2023-06-28 10:54:44,179.454676,21.876918,0.49403008778961477
2023-06-28 11:09:44,179.465093,20.768013,0.4736875310223967
2023-06-28 11:24:46,179.475532,20.078529,0.4748784825268864
2023-06-28 11:39:48,179.485972,19.856363,0.4578509313186966
2023-06-28 11:54:48,179.496389,20.116202,0.4334053169928659
2023-06-28 12:09:49,179.506817,20.839758,0.42999988033962316
2023-06-28 12:24:51,179.517257,21.981841,0.4234875877934879
2023-06-28 12:39:53,179.527697,23.479583,0.4290307525311379
2023-06-28 13:39:53,179.569363,31.809598,0.42980241085310145
2023-06-28 13:54:53,179.57978,34.25426,0.4298752614229523
2023-06-28 14:09:49,179.59015,36.771346,0.42094105584126384
2023-06-28 14:24:49,179.600567,39.363755,0.42432033103049743
2023-06-28 14:39:55,179.611053,42.022556,0.4159537141072648
2023-06-29 05:23:29,180.224641,77.026619,0.5373535230210119
2023-06-29 05:44:31,180.239248,73.398352,0.5520016237995673
2023-06-29 05:48:06,180.241736,72.773059,0.5382645440251289
2023-06-29 06:01:31,180.251053,70.415756,0.5644782432335864
2023-06-29 06:11:15,180.257812,68.691432,0.5728378349012831
2023-06-29 06:19:52,180.263796,67.15599,0.5299486628462409
2023-06-29 06:30:22,180.271088,65.274953,0.4781979834910659
2023-06-29 06:43:45,180.280382,62.863847,0.5142576560921943
2023-06-29 07:00:16,180.291852,59.87193,0.4916501291534334
2023-06-29 07:33:12,180.314722,53.876787,0.4745408003964357
2023-06-29 07:40:01,180.319456,52.634881,0.4796057038014821
2023-06-29 07:54:54,180.329792,49.927117,0.4820406868080128
2023-06-29 08:09:55,180.34022,47.205672,0.4923868141258488
2023-06-29 08:24:56,180.350648,44.502243,0.4674357565980484
2023-06-29 08:39:56,180.361065,41.828503,0.4300505696794894
2023-06-29 08:48:04,180.366713,40.393508,0.41574028328766727
2023-06-29 08:54:55,180.37147,39.194786,0.40749687578412724
2023-06-29 09:09:55,180.381887,36.608003,0.38703494830574287
2023-06-29 09:24:55,180.392303,34.087005,0.4109723319948354
2023-06-29 09:39:56,180.402731,31.649183,0.3769906787312484
2023-06-29 09:54:55,180.413137,29.327942,0.3356300976074337
2023-06-29 10:09:54,180.423542,27.150061,0.3547135205312208
2023-06-29 10:24:54,180.433958,25.154189,0.3839261842330497
2023-06-29 10:39:56,180.444398,23.389635,0.37304721218960285
2023-06-29 10:54:55,180.454803,21.925161,0.4672256388784402
2023-06-29 11:09:56,180.465231,20.816731,0.4014270882379887
2023-06-29 17:31:59,180.730544,73.010332,0.5394898621719639
2023-06-29 17:42:26,180.737801,74.826969,0.5459667097470788
2023-06-29 17:46:58,180.740949,75.609523,0.558748845515828
2023-06-30 05:42:41,181.237975,73.788389,0.23626354031516023
2023-06-30 05:44:33,181.239271,73.463408,0.23889314150574326
2023-06-30 05:48:29,181.242002,72.7769,0.23807108561887141
2023-06-30 06:30:45,181.271354,65.276704,0.3933067436670255
2023-06-30 08:10:06,181.340347,47.243375,0.34710655635505094
2023-06-30 08:25:06,181.350764,44.543407,0.31770200075624105
2023-06-30 08:40:08,181.361204,41.864372,0.31754365112585675
2023-06-30 08:48:13,181.366817,40.438611,0.31027163066267016
2023-06-30 08:55:06,181.371597,39.23444,0.305594184994649
2023-06-30 09:10:06,181.382014,36.648704,0.32185307225959364
2023-06-30 09:25:07,181.392442,34.126235,0.29417684190166804
2023-06-30 09:55:06,181.413264,29.373272,0.30511750937938
2023-06-30 17:56:53,181.747836,77.313904,0.16095733901954218
2023-06-30 18:04:01,181.752789,78.525033,0.17478730307919055
2023-06-30 18:10:18,181.757153,79.582992,0.1679846008011173
2023-06-30 18:15:30,181.760764,80.451768,0.16760952512923302
2023-06-30 18:20:02,181.763912,81.203775,0.1790088211096551
2023-06-30 18:23:56,181.76662,81.846422,0.17344702762142278
2023-07-01 04:57:00,182.20625,81.616411,0.1368722140321862
2023-07-01 05:00:51,182.208924,80.980633,0.12156148927407319
2023-07-01 05:05:11,182.211933,80.260491,0.13324276948178315
2023-07-01 05:10:30,182.215625,79.370783,0.16141051670014225
2023-07-01 05:16:39,182.219896,78.333745,0.18331645527062096
2023-07-01 05:24:17,182.225197,77.035717,0.2179344341640459
2023-07-01 05:33:46,182.231782,75.407766,0.22843113838700588
2023-07-01 05:43:32,182.238565,73.715071,0.2033688050094792
2023-07-01 05:45:39,182.240035,73.34623,0.2040199461552487
2023-07-01 05:48:56,182.242315,72.772759,0.2113775741603725
2023-07-01 05:55:09,182.246632,71.682698,0.21649332363481041
2023-07-01 06:02:21,182.251632,70.413734,0.23327815967426235
2023-07-01 06:10:47,182.257488,68.919389,0.20930507567668738
2023-07-01 06:16:33,182.261493,67.892879,0.24593199963917955
2023-07-01 06:19:57,182.263854,67.286,0.26715865028534025
2023-07-01 06:31:06,182.271597,65.287955,0.3171533879767344
2023-07-01 06:44:39,182.281007,62.845834,0.34056367565123236
2023-07-01 07:00:51,182.292257,59.910488,0.31080412097212473
2023-07-01 07:33:57,182.315243,53.884657,0.24894599718394436
2023-07-01 07:40:18,182.319653,52.727873,0.21955715940885967
2023-07-01 07:55:17,182.330058,50.002308,0.22224792728838305
2023-07-01 08:10:18,182.340486,47.28157,0.24564460387798753
2023-07-01 08:25:18,182.350903,44.582164,0.2413611819735995
2023-07-01 08:40:19,182.361331,41.906848,0.27047463259879234
2023-07-01 08:55:18,182.371736,39.274959,0.18899211446614822
2023-07-01 10:25:18,182.434236,25.254498,0.08686064653148853
2023-07-01 16:49:30,182.701042,65.483378,0.0341118183989938
2023-07-01 17:31:47,182.730405,72.987049,0.03126326943744391
2023-07-01 17:42:26,182.737801,74.840254,0.033920971242061344
2023-07-01 17:46:51,182.740868,75.603429,0.03164233969478219
2023-07-01 18:10:15,182.757118,79.586275,0.024985303709049146
2023-07-01 18:20:00,182.763889,81.210884,0.02527695679464665
2023-07-02 04:57:28,183.206574,81.618166,0.04051431971960277
2023-07-02 05:01:12,183.209167,81.00127,0.040064780884763014
2023-07-02 05:05:36,183.212222,80.269639,0.04067390352121313
2023-07-02 05:10:50,183.215856,79.393407,0.04302715931886302
2023-07-02 05:17:06,183.220208,78.336128,0.047102055356467144
2023-07-02 05:24:42,183.225486,77.04304,0.05169978237211157
2023-07-02 05:34:11,183.232072,75.414257,0.05543686649799997
2023-07-02 05:43:04,183.238241,73.874557,0.05936912201710636
2023-07-02 05:44:56,183.239537,73.549421,0.06137859550717468
2023-07-02 05:49:15,183.242535,72.795534,0.0638801912803537
2023-07-02 05:55:32,183.246898,71.693382,0.06455860037513393
2023-07-02 06:02:41,183.251863,70.43279,0.06016497042904239
2023-07-02 06:10:46,183.257477,69.000195,0.0571208805230835
2023-07-02 06:16:24,183.261389,67.997394,0.05703163714084622
2023-07-02 06:20:21,183.264132,67.292243,0.058533195957019446
2023-07-02 06:31:32,183.271898,65.287663,0.05624549331012887
2023-07-02 06:44:54,183.281181,62.878108,0.05550577827433888
2023-07-02 07:01:14,183.292523,59.918216,0.0545538463669741
2023-07-02 07:34:19,183.315498,53.89519,0.06113750012054672
2023-07-02 07:40:28,183.319769,52.7749,0.0581120642749177
2023-07-02 07:55:28,183.330185,50.046537,0.06682501039563696
2023-07-02 08:10:27,183.34059,47.33223,0.07056148055458901
2023-07-02 08:25:28,183.351019,44.630392,0.08338498039379785
2023-07-02 08:40:29,183.361447,41.95586,0.08950767238538974
2023-07-02 08:48:38,183.367106,40.519398,0.08529419523763167
2023-07-02 08:55:28,183.371852,39.324985,0.06785656618583549
2023-07-02 09:10:28,183.382269,36.741779,0.06319523653548206
2023-07-02 09:25:28,183.392685,34.22517,0.08302153215093663
2023-07-02 09:40:29,183.403113,31.792624,0.06885897141604326
2023-07-02 09:55:28,183.413519,29.477565,0.06098219925451268
2023-07-02 10:10:28,183.423935,27.304429,0.05761276317568206
2023-07-02 10:25:27,183.43434,25.318673,0.058726341322536714
2023-07-02 10:55:29,183.455197,22.104199,0.06164491811720703
2023-07-02 11:10:28,183.465602,21.004751,0.06428120529366659
2023-07-02 11:25:30,183.476042,20.3202,0.06468048443417271
2023-07-02 11:40:33,183.486493,20.098704,0.06428979502095948
2023-07-02 11:55:34,183.496921,20.355631,0.06911840882583177
2023-07-02 12:10:32,183.507315,21.069087,0.0787317294021602
2023-07-02 16:49:33,183.701076,65.503049,0.040993441361342885
2023-07-02 17:31:43,183.730359,72.988836,0.045831721864545
2023-07-02 17:56:15,183.747396,77.231809,0.042957055997416865
2023-07-02 18:23:42,183.766458,81.839351,0.036162949597672994
2023-07-03 04:57:59,184.206933,81.615444,0.06397959004120425
2023-07-03 05:01:40,184.209491,81.006338,0.06577048926069756
2023-07-03 05:06:05,184.212558,80.2714,0.06598072499330743
2023-07-03 05:11:18,184.216181,79.397341,0.06396413737775837
2023-07-03 05:17:40,184.220602,78.322406,0.0637331671228307
2023-07-03 05:25:13,184.225845,77.036898,0.06672985403192375
2023-07-03 05:34:39,184.232396,75.4157,0.06038548722027627
2023-07-03 05:43:31,184.238553,73.878057,0.05962459254874215
2023-07-03 05:45:23,184.23985,73.552756,0.05793364705926624
2023-07-03 05:49:42,184.242847,72.798496,0.05944429287141792
2023-07-03 05:55:59,184.247211,71.695826,0.06385370310425277
2023-07-03 06:03:08,184.252176,70.43468,0.06695892136788419
2023-07-03 06:11:13,184.257789,69.001506,0.07500659013351033
2023-07-03 06:16:55,184.261748,67.98644,0.08176724020377561
2023-07-03 06:20:47,184.264433,67.295914,0.08324974859290249
2023-07-03 06:31:58,184.272199,65.290722,0.07630661058706056
2023-07-03 06:45:19,184.28147,62.883582,0.0656704311653014
2023-07-03 07:01:39,184.292812,59.923184,0.07127176548177198
2023-07-03 08:10:38,184.340718,47.380234,0.07245205508594317
2023-07-03 08:25:39,184.351146,44.679064,0.05566422142215419
2023-07-03 08:40:40,184.361574,42.005442,0.06057808865592608
2023-07-03 08:48:44,184.367176,40.584205,0.06639984252418703
2023-07-03 08:55:40,184.371991,39.372848,0.0643408014167048
2023-07-03 09:10:39,184.382396,36.794027,0.057062050897500244
2023-07-03 09:25:39,184.392812,34.279243,0.075190672127783
2023-07-03 09:40:40,184.403241,31.848894,0.08219054098914358
2023-07-03 09:55:39,184.413646,29.536414,0.08665140634832222
2023-07-03 10:10:41,184.424086,27.361607,0.08601789050102497
2023-07-03 10:25:40,184.434491,25.379591,0.08631287759965822
2023-07-03 10:40:39,184.444896,23.632625,0.07765498800234082
2023-07-03 10:55:38,184.455301,22.178974,0.07575133140101185
2023-07-03 11:10:40,184.465741,21.078557,0.09240913707122358
2023-07-03 11:25:41,184.476169,20.396971,0.09329603832466483
2023-07-03 11:40:45,184.486632,20.176143,0.09222668983585883
2023-07-03 11:55:43,184.497025,20.431145,0.10218589467569357
2023-07-03 12:10:44,184.507454,21.144625,0.10826234113207774
2023-07-03 12:25:43,184.517859,22.268719,0.1025681204129884
2023-07-03 18:03:48,184.752639,78.537255,0.04656608474757245
2023-07-05 04:58:49,186.207512,81.65397,0.07979743555677146
2023-07-05 05:02:45,186.210243,81.002478,0.08104707180879957
2023-07-05 05:07:07,186.213275,80.274613,0.08087439142016908
2023-07-05 05:12:18,186.216875,79.404749,0.0767281507283188
2023-07-05 05:18:34,186.221227,78.345162,0.07468625142694126
2023-07-05 05:26:06,186.226458,77.060808,0.0730120391936359
2023-07-05 05:35:40,186.233102,75.414573,0.07772726600539029
2023-07-05 05:44:38,186.239329,73.857561,0.0840133822971359
2023-07-05 05:46:30,186.240625,73.531842,0.0885627525610532
2023-07-05 05:50:38,186.243495,72.80877,0.08850017360655092
2023-07-05 05:56:54,186.247847,71.707888,0.09226556967946632
2023-07-05 06:04:02,186.252801,70.44848,0.10174733459701162
2023-07-05 06:12:14,186.258495,68.9933,0.09973680990625217
2023-07-05 06:17:55,186.262442,67.980324,0.10983385377087539
2023-07-05 06:21:42,186.265069,67.304149,0.1046713275470709
2023-07-05 06:32:50,186.272801,65.306581,0.11690565109652078
2023-07-05 06:46:13,186.282095,62.892126,0.1307426240479873
2023-07-05 07:02:32,186.293426,59.933618,0.22607368511057846
2023-07-05 07:35:37,186.3164,53.909823,0.1772439422364164
2023-07-05 07:41:07,186.32022,52.908149,0.18462226080914104
2023-07-05 07:55:58,186.330532,50.207947,0.191740737440096
2023-07-05 08:10:58,186.340949,47.492084,0.16856566456855787
2023-07-05 08:25:59,186.351377,44.792406,0.15719174223511567
2023-07-05 08:41:00,186.361806,42.12081,0.14997135317481475
2023-07-05 08:49:03,186.367396,40.703824,0.14005647609365002
2023-07-05 10:25:58,186.434699,25.533165,0.15427904671666484
2023-07-05 10:41:01,186.44515,23.785911,0.1613278536594471
2023-07-05 10:55:59,186.455544,22.341554,0.1577775841162104
2023-07-05 11:11:00,186.465972,21.248587,0.1576351963982547
2023-07-05 11:26:01,186.4764,20.570869,0.15235278395974902
2023-07-05 11:41:04,186.486852,20.350909,0.14549471287168278
2023-07-05 11:56:02,186.497245,20.603026,0.15247671727769682
2023-07-05 12:11:03,186.507674,21.310812,0.14148508214248295
2023-07-05 12:26:03,186.51809,22.428806,0.15978212275329395
2023-07-05 16:19:30,186.680208,60.128495,0.15247287671760096
2023-07-05 16:35:52,186.691574,63.096725,0.14562247344420406
2023-07-05 17:31:38,186.730301,73.045584,0.14242070037016957
2023-07-05 17:36:55,186.73397,73.969067,0.1387020761971142
2023-07-05 17:55:59,186.747211,77.26436,0.13513287167632096
2023-07-05 18:03:34,186.752477,78.556639,0.13625674461938656
2023-07-05 18:14:59,186.760405,80.479274,0.14164576765146283
2023-07-05 18:23:17,186.766169,81.857499,0.13827169410247153
2023-07-06 06:04:35,187.253183,70.442521,0.23623123639688204
2023-07-06 06:13:00,187.259028,68.947996,0.15502582380533794
2023-07-06 06:18:40,187.262963,67.937375,0.1544469145381836
2023-07-06 06:22:11,187.265405,67.308549,0.16158238987847473
2023-07-06 07:36:05,187.316725,53.91489,0.14215829166289584
2023-07-06 07:56:08,187.330648,50.268071,0.15032978623362772
2023-07-06 08:56:09,187.372326,39.557937,0.16358763876789606
2023-07-06 09:26:09,187.39316,34.472927,0.1797325173872156
2023-07-06 09:56:09,187.413993,29.74659,0.17993604147852416
2023-07-06 10:11:09,187.42441,27.586582,0.15455008977639018
2023-07-06 10:26:09,187.434826,25.613221,0.19079851516237117
2023-07-06 11:11:10,187.466088,21.342712,0.1484032535092562
2023-07-06 11:26:11,187.476516,20.667399,0.1815044265810226
2023-07-06 14:41:15,187.611979,42.374981,0.16046411336255678
2023-07-06 14:56:15,187.622396,45.045653,0.1710038015187219
2023-07-06 15:11:11,187.632766,47.732024,0.1658366420621298
2023-07-07 05:00:07,188.208414,81.629426,0.1416064004516804
2023-07-07 05:03:48,188.210972,81.018077,0.13571701857744606
2023-07-07 05:08:10,188.214005,80.288882,0.13249770700431493
2023-07-07 05:13:21,188.217604,79.417478,0.12994767091855272
2023-07-07 05:19:41,188.222002,78.344754,0.13008274727896033
2023-07-07 05:27:12,188.227222,77.061087,0.12539975629553457
2023-07-07 05:36:38,188.233773,75.435374,0.12218607880002011
2023-07-07 05:45:47,188.240127,73.844303,0.12662371192257518
2023-07-07 05:47:40,188.241435,73.515209,0.12685051153870416
2023-07-07 05:51:40,188.244213,72.814531,0.1264174863497439
2023-07-07 05:57:56,188.248565,71.712314,0.1281345149840406
2023-07-07 06:05:03,188.253507,70.454434,0.12915206089091383
2023-07-07 06:13:33,188.25941,68.944325,0.1265724345399308
2023-07-07 06:19:09,188.263299,67.945112,0.12670995157817946
2023-07-07 06:22:41,188.265752,67.313028,0.12575877476895317
2023-07-07 06:33:50,188.273495,65.31091,0.12564568206043275
2023-07-07 06:47:12,188.282778,62.897949,0.12732364589563955
2023-07-07 07:03:30,188.294097,59.94119,0.12656741345735753
2023-07-07 07:36:35,188.317072,53.916906,0.13948643912052147
2023-07-07 07:42:05,188.320891,52.915451,0.14289767296289152
2023-07-07 07:56:18,188.330764,50.331245,0.14823739211024717
2023-07-07 08:11:19,188.341192,47.613589,0.1300585779956703
2023-07-07 08:41:20,188.362037,42.249503,0.13181683271078493
2023-07-07 08:49:25,188.36765,40.82826,0.13851974052164456
2023-07-07 08:56:19,188.372442,39.625535,0.14146293421733083
2023-07-07 09:11:19,188.382859,37.051009,0.13913373699899048
2023-07-07 09:26:19,188.393275,34.545039,0.14196627817872998
2023-07-07 09:41:20,188.403704,32.125273,0.13247169418815136
2023-07-07 09:56:19,188.414109,29.825181,0.1307589860701186
2023-07-07 10:11:18,188.424514,27.671475,0.1295071638678645
2023-07-07 10:26:18,188.434931,25.702304,0.13145452626095702
2023-07-07 10:41:20,188.44537,23.965784,0.13445380697483797
2023-07-08 05:08:46,189.214421,80.288414,0.1709704464139483
2023-07-08 05:13:56,189.218009,79.418926,0.16030425381240523
2023-07-08 05:37:15,189.234201,75.427446,0.16830606286300503
2023-07-08 05:46:29,189.240613,73.820513,0.1766323930647157
2023-07-08 05:48:21,189.24191,73.494058,0.17518832163138337
2023-07-08 05:52:12,189.244583,72.819152,0.17490557203319254
2023-07-08 05:58:27,189.248924,71.719157,0.16675859365642234
2023-07-08 06:05:34,189.253866,70.460527,0.1649642460560051
2023-07-08 06:20:10,189.264005,67.86047,0.16403975853880887
2023-07-08 06:23:12,189.266111,67.317504,0.1708537571232371
2023-07-08 06:47:42,189.283125,62.903794,0.1806786812607529
2023-07-08 07:04:01,189.294456,59.94334,0.1683006892034828
2023-07-08 07:37:05,189.317419,53.921876,0.16735397546370534
2023-07-08 07:42:34,189.321227,52.923586,0.16916747856534584
2023-07-08 07:56:27,189.330868,50.400429,0.16899288371857535
2023-07-08 08:11:27,189.341285,47.686447,0.16659729269884185
2023-07-08 08:26:27,189.351701,44.992496,0.16147409678411853
2023-07-08 08:41:29,189.362141,42.32164,0.15560606132718466
2023-07-08 08:49:31,189.36772,40.910005,0.1534216778579867
2023-07-08 08:56:28,189.372546,39.699363,0.15563906771604352
2023-07-08 09:11:28,189.382963,37.126956,0.1508851970188733
2023-07-08 09:26:28,189.39338,34.623575,0.15398553112962418
2023-07-08 09:41:28,189.403796,32.209533,0.15170301749803874
2023-07-08 09:56:28,189.414213,29.910435,0.14477064094083444
2023-07-08 10:11:27,189.424618,27.760851,0.14292244809020277
2023-07-08 10:26:27,189.435035,25.796213,0.13754052866759203
2023-07-08 10:41:29,189.445475,24.064435,0.14542430890608482
2023-07-08 10:56:28,189.45588,22.631536,0.1414425143201641
2023-07-08 11:11:28,189.466296,21.550906,0.14465010802576417
2023-07-08 11:26:29,189.476725,20.88039,0.14406512975370975
2023-07-08 11:41:32,189.487176,20.662465,0.13718184545371237
2023-07-08 11:56:32,189.497593,20.912012,0.13753860712394153
2023-07-08 12:11:33,189.508021,21.612117,0.1363411489343187
2023-07-08 12:26:32,189.518426,22.717431,0.1386288799595615
2023-07-08 12:41:34,189.528866,24.177398,0.13747991139713958
2023-07-08 12:56:32,189.539259,25.919576,0.13653783260730817
2023-07-08 13:11:32,189.549676,27.89833,0.1364829616015643
2023-07-08 13:26:32,189.560093,30.061682,0.133378270620293
2023-07-08 13:41:33,189.570521,32.372577,0.13487036431096877
2023-07-08 13:56:32,189.580926,34.791334,0.13046430969244108
2023-07-08 14:11:30,189.591319,37.294983,0.12900139515334097
2023-07-08 14:26:31,189.601748,39.874969,0.12835688203537793
2023-07-08 14:41:32,189.612176,42.507026,0.1272052807733995
2023-07-08 14:56:30,189.622569,45.169251,0.128536994481305
2023-07-08 15:11:29,189.632975,47.862814,0.12679917184547795
2023-07-08 15:26:31,189.643414,50.58503,0.1258889531795336
2023-07-08 15:41:30,189.653819,53.310257,0.12692544291895916
2023-07-08 15:47:08,189.657731,54.336619,0.12553965876748277
2023-07-08 16:18:59,189.67985,60.13932,0.12251739363679745
2023-07-08 16:35:17,189.691169,63.097801,0.11917010659270126
2023-07-08 16:49:56,189.701343,65.743368,0.11742335443076071
2023-07-08 16:59:47,189.708183,67.512661,0.1171295579252602
2023-07-08 17:09:15,189.714757,69.204463,0.11820158950167571
2023-07-08 17:17:25,189.720428,70.656193,0.1189773264060104
2023-07-08 17:25:46,189.726227,72.132485,0.11799272885883381
2023-07-08 17:31:37,189.730289,73.161325,0.11894557024351615
2023-07-08 17:33:30,189.731597,73.491528,0.11950197186332671
2023-07-08 17:36:21,189.733576,73.990234,0.11945482065067854
2023-07-08 17:41:18,189.737014,74.853491,0.11877795045365906
2023-07-08 17:45:47,189.740127,75.632016,0.11970977217271213
2023-07-08 17:55:14,189.74669,77.261801,0.12196966778364268
2023-07-08 18:02:49,189.751956,78.557714,0.1234877681668585
2023-07-08 18:09:13,189.7564,79.642311,0.12283046569293884
2023-07-08 18:14:22,189.759977,80.5085,0.12552456889780494
2023-07-08 18:18:41,189.762975,81.229658,0.12382534102419016
2023-07-08 18:22:27,189.76559,81.855039,0.12457794300266806
2023-07-09 05:01:14,190.20919,81.648425,0.14103711224058246
2023-07-09 05:04:54,190.211736,81.038575,0.13885672680057676
2023-07-09 05:09:19,190.214803,80.299514,0.1425832722968386
2023-07-09 05:14:31,190.218414,79.42353,0.14911894046293672
2023-07-09 05:20:45,190.222743,78.365737,0.15343665805561169
2023-07-09 05:28:18,190.227986,77.074102,0.15325044173025046
2023-07-09 05:37:50,190.234606,75.428336,0.15943285857603257
2023-07-09 05:47:06,190.241042,73.814273,0.16401064293022904
2023-07-09 05:48:56,190.242315,73.493397,0.16158076711718425
2023-07-09 05:52:45,190.244965,72.823843,0.16045199459209722
2023-07-09 05:59:00,190.249306,71.723095,0.16017981030268905
2023-07-09 06:06:08,190.254259,70.460705,0.15835598705514467
2023-07-09 06:14:32,190.260093,68.96671,0.15870549794986474
2023-07-09 06:20:10,190.264005,67.960551,0.1628390840102608
2023-07-09 06:23:44,190.266481,67.321898,0.16316430490683026
2023-07-09 06:34:53,190.274225,65.318062,0.16845230330301403
2023-07-09 06:48:13,190.283484,62.909485,0.16579126548873258
2023-07-09 07:04:31,190.294803,59.951374,0.16383754470015768
2023-07-09 07:37:36,190.317778,53.926703,0.147656523948687
2023-07-09 07:43:07,190.321609,52.922495,0.14857968603361033
2023-07-09 07:56:36,190.330972,50.472534,0.14565178206263343
2023-07-09 08:11:37,190.3414,47.756271,0.14105260938283395
2023-07-09 08:26:37,190.351817,45.063394,0.1328606111616057
2023-07-09 08:41:37,190.362234,42.39987,0.13625976475551346
2023-07-09 08:49:41,190.367836,40.983303,0.14012194482232587
2023-07-09 08:56:37,190.37265,39.776472,0.14167085736892107
2023-07-09 09:11:37,190.383067,37.206341,0.1441647194645463
2023-07-09 09:26:37,190.393484,34.705741,0.15172110367216762
2023-07-09 09:41:38,190.403912,32.292404,0.16500999324331792
2023-07-09 09:56:37,190.414317,29.999816,0.18027174381764507
2023-07-09 10:11:37,190.424734,27.852369,0.1898301045474435
2023-07-09 10:26:36,190.435139,25.894899,0.18709321048100622
2023-07-09 10:41:37,190.445567,24.169998,0.1925883178604744
2023-07-09 10:56:37,190.455984,22.740276,0.20484746644571813
2023-07-09 11:11:37,190.4664,21.66388,0.20488892004999198
2023-07-09 11:26:39,190.47684,20.995754,0.19712882567019366
2023-07-09 11:41:42,190.487292,20.779341,0.20208950523099417
2023-07-09 11:56:40,190.497685,21.027246,0.20280270169798437
2023-07-09 12:11:41,190.508113,21.723919,0.19625609024850746
2023-07-09 12:26:42,190.518542,22.827416,0.1972540434715024
2023-07-09 12:41:43,190.52897,24.28101,0.20236019030790636
2023-07-09 12:56:41,190.539363,26.018139,0.19085168062579666
2023-07-09 13:11:42,190.549792,27.994382,0.19299746928694084
2023-07-09 13:26:41,190.560197,30.15107,0.19608067029854215
2023-07-09 13:41:42,190.570625,32.45815,0.19412509816965778
2023-07-09 13:56:40,190.581019,34.870926,0.1867962881746447
2023-07-09 14:11:40,190.591435,37.377447,0.18536521236410713
2023-07-09 14:26:41,190.601863,39.955302,0.1837920290481294
2023-07-09 14:41:39,190.612257,42.576839,0.17770895489717217
2023-07-09 14:56:38,190.622662,45.240643,0.16645498107352008
2023-07-09 15:11:38,190.633079,47.936225,0.16725831943513453
2023-07-09 15:26:38,190.643495,50.651751,0.16658261145515313
2023-07-09 15:41:39,190.653924,53.382686,0.16739032604519555
2023-07-09 15:47:18,190.657847,54.412025,0.16302315544378987
2023-07-09 16:18:45,190.679688,60.142259,0.1768486193877518
2023-07-09 16:35:05,190.69103,63.107596,0.17496797070412445
2023-07-09 16:50:04,190.701435,65.814214,0.18680324421133615
2023-07-09 16:59:32,190.708009,67.51534,0.18476020498455778
2023-07-09 17:09:01,190.714595,69.211072,0.19493261375784457
2023-07-09 17:17:13,190.720289,70.669616,0.19294296585088921
2023-07-09 17:25:40,190.726157,72.164515,0.1919285828620168
2023-07-09 17:31:57,190.730521,73.270069,0.192422326124085
2023-07-09 17:33:55,190.731887,73.614973,0.1926820679485146
2023-07-09 17:36:06,190.733403,73.997217,0.19412953105422676
2023-07-09 17:41:07,190.736887,74.872787,0.1906479321849954
2023-07-09 17:45:30,190.739931,75.634582,0.19048784596637994
2023-07-09 17:55:26,190.746829,77.348896,0.18667580538788614
2023-07-09 18:02:36,190.751806,78.574449,0.1861506485638923
2023-07-09 18:08:45,190.756076,79.617854,0.18816046004839676
2023-07-09 18:13:58,190.759699,80.496396,0.18522086363833082
2023-07-09 18:18:22,190.762755,81.232387,0.1858758665072767
2023-07-10 05:01:50,191.209606,81.655763,0.1632891551532776
2023-07-10 05:05:32,191.212176,81.039643,0.15948302414174403
2023-07-10 05:09:57,191.215243,80.299717,0.15863282241922655
2023-07-10 05:15:08,191.218843,79.425561,0.1644576677280726
2023-07-10 05:21:19,191.223137,78.375171,0.1762192762751287
2023-07-10 05:28:53,191.228391,77.079442,0.1733602984241095
2023-07-10 05:38:30,191.235069,75.417722,0.17543434260119814
2023-07-10 05:48:01,191.241678,73.758433,0.1768162827383177
2023-07-10 05:49:54,191.242986,73.428448,0.175957066868087
2023-07-10 05:53:22,191.245394,72.819725,0.17547547300716332
2023-07-10 05:59:38,191.249745,71.715202,0.17589740680107122
2023-07-10 06:06:41,191.254641,70.466705,0.1820078662385269
2023-07-10 06:15:09,191.260521,68.959921,0.1838864611313841
2023-07-10 06:20:48,191.264444,67.950192,0.1831643222024158
2023-07-10 06:24:19,191.266887,67.32015,0.1790342299270996
2023-07-10 06:35:26,191.274606,65.321377,0.1752417168214126
2023-07-10 06:48:46,191.283866,62.911929,0.17985195223507688
2023-07-10 07:05:04,191.295185,59.9531,0.1819778931700076
2023-07-10 07:38:10,191.318171,53.925257,0.16886049164023523
2023-07-10 07:43:40,191.321991,52.924253,0.16460388465196288
2023-07-10 07:56:45,191.331076,50.5475,0.1644233601667201
2023-07-10 08:11:45,191.341493,47.835021,0.1588985964720284
2023-07-10 08:26:46,191.351921,45.140266,0.16878063295906204
2023-07-10 08:41:46,191.362338,42.478256,0.16826125816800397
2023-07-10 08:49:54,191.367986,41.051037,0.1773434840467335
2023-07-10 08:56:46,191.372755,39.856809,0.18350690424887914
2023-07-10 09:11:46,191.383171,37.289114,0.18665641792640608
2023-07-10 09:26:46,191.393588,34.791488,0.19798556139483636
2023-07-10 09:41:47,191.404016,32.381711,0.2073598006382938
2023-07-10 09:56:45,191.41441,30.095747,0.21068147016880776
2023-07-10 10:11:45,191.424826,27.952855,0.2093951676573133
2023-07-10 10:26:47,191.435266,25.994217,0.21542893250084774
2023-07-10 10:41:46,191.445671,24.278895,0.21426473612591493
2023-07-10 10:56:45,191.456076,22.855897,0.21470738952823482
2023-07-10 11:11:47,191.466516,21.78173,0.21549836933467784
2023-07-10 11:26:48,191.476944,21.117791,0.22206184018229855
2023-07-10 11:41:50,191.487384,20.902611,0.22160809917047114
2023-07-10 11:56:52,191.497824,21.151192,0.21145212580679593
2023-07-10 12:11:50,191.508218,21.843392,0.21794232461795512
2023-07-10 12:26:52,191.518657,22.944028,0.20918343641320972
2023-07-10 12:41:51,191.529063,24.389392,0.2021768086701052
2023-07-10 12:56:50,191.539468,26.123123,0.20014401138302534
2023-07-10 13:11:49,191.549873,28.089798,0.19978351281852744
2023-07-10 13:26:50,191.560301,30.246576,0.1998070678900029
2023-07-10 13:41:50,191.570718,32.547068,0.19916446421735892
2023-07-10 13:56:50,191.581134,34.961834,0.1945354859875211
2023-07-10 14:11:49,191.591539,37.462799,0.20272958065156238
2023-07-10 14:26:48,191.601944,40.032571,0.2049426796344351
2023-07-10 14:41:51,191.612396,42.666893,0.20677951788959145
2023-07-10 14:56:48,191.622778,45.323454,0.20186123453724644
2023-07-10 15:11:48,191.633194,48.018043,0.19706089451082887
2023-07-10 15:26:48,191.643611,50.73291,0.19683013108250494
2023-07-10 15:41:49,191.654039,53.463482,0.19761417847356647
2023-07-10 15:47:26,191.65794,54.486681,0.19603055351129162
2023-07-10 16:18:31,191.679525,60.150482,0.19583472019928913
2023-07-10 16:34:49,191.690845,63.110593,0.1989539022153706
2023-07-10 16:50:12,191.701528,65.890391,0.20466863210948294
2023-07-10 16:59:17,191.707836,67.523304,0.20843920517590192
2023-07-10 17:08:44,191.714398,69.214057,0.21151446916027222
2023-07-10 17:16:52,191.720046,70.661725,0.21412696141539472
2023-07-10 17:25:32,191.726065,72.196016,0.21890889511901845
2023-07-10 17:31:33,191.730243,73.255461,0.21508057143991408
2023-07-10 17:33:26,191.731551,73.586061,0.2152873597105487
2023-07-10 17:35:46,191.733171,73.994946,0.21179602150498092
2023-07-10 17:40:50,191.73669,74.880017,0.20542451497948547
2023-07-10 17:45:24,191.739861,75.674314,0.20852113886420567
2023-07-10 17:54:48,191.746389,77.298261,0.2082390361073824
2023-07-10 18:02:22,191.751644,78.59374,0.20795699334405346
2023-07-10 18:08:25,191.755845,79.621268,0.20987570897221094
2023-07-10 18:13:37,191.759456,80.498038,0.21256565995886095
2023-07-10 18:18:02,191.762523,81.237719,0.21263336863386223
2023-07-11 05:02:35,192.210127,81.641203,0.17499425580974698
2023-07-11 05:06:10,192.212616,81.04372,0.1773508664774583
2023-07-11 05:10:40,192.215741,80.288885,0.1765504900990005
2023-07-11 05:15:46,192.219282,79.42774,0.17865283810838284
2023-07-11 05:22:07,192.223692,78.347734,0.18256114747394994
2023-07-11 05:29:36,192.228889,77.064752,0.17797905871451275
2023-07-11 05:38:56,192.23537,75.450506,0.18250365390231205
2023-07-11 05:48:23,192.241933,73.801702,0.17561152711392553
2023-07-11 05:50:15,192.243229,73.474433,0.17496825164506188
2023-07-11 05:53:55,192.245775,72.830154,0.1791269574254593
2023-07-11 06:00:17,192.250197,71.707154,0.17848950669488964
2023-07-11 06:07:17,192.255058,70.466615,0.1785110487000033
2023-07-11 06:15:52,192.261019,68.938032,0.18394580956056228
2023-07-11 06:21:34,192.264977,67.91869,0.18407686835091155
2023-07-11 06:24:52,192.267269,67.327123,0.18684581425909239
2023-07-11 06:36:00,192.275,65.324415,0.1789996531579474
2023-07-11 06:49:19,192.284248,62.917087,0.18320453404378484
2023-07-11 07:05:38,192.295579,59.95451,0.19367204203299312
2023-07-11 07:38:42,192.318542,53.932653,0.19548938644918915
2023-07-11 07:44:12,192.322361,52.931832,0.19378242203456567
2023-07-11 07:56:53,192.331169,50.628287,0.19120234336190678
2023-07-11 08:11:53,192.341586,47.916628,0.20023565722264805
2023-07-11 08:26:55,192.352025,45.220079,0.21827003970647327
2023-07-11 08:41:54,192.362431,42.562623,0.23485810177133257
2023-07-11 08:50:05,192.368113,41.127719,0.24372761016701097
2023-07-11 08:56:54,192.372847,39.943205,0.23513898211132644
2023-07-11 09:11:54,192.383264,37.378041,0.2539418801580467
2023-07-11 09:26:54,192.393681,34.883495,0.26546297557891835
2023-07-11 09:41:55,192.404109,32.477394,0.26437240630470027
2023-07-11 09:56:53,192.414502,30.195703,0.29046135805051104
2023-07-11 10:11:53,192.424919,28.057673,0.2967293206807138
2023-07-11 10:26:53,192.435336,26.108462,0.30254681266045214
2023-07-11 10:41:54,192.445764,24.394595,0.32581279457495455
2023-07-11 10:56:54,192.456181,22.975545,0.360187348268391
2023-07-11 12:41:59,192.529155,24.504334,0.3912749032760619
2023-07-11 12:56:59,192.539572,26.234538,0.39163258330350004
2023-07-11 13:11:58,192.549977,28.196113,0.3895807611978549
2023-07-11 13:26:58,192.560394,30.345749,0.4087345617127676
2023-07-11 13:56:57,192.581215,35.050406,0.4336997352684535
2023-07-11 14:11:57,192.591632,37.551083,0.4238043373805658
2023-07-11 14:26:57,192.602049,40.121279,0.41737553075903655
2023-07-11 14:41:58,192.612477,42.747805,0.43278923635950095
2023-07-11 15:12:02,192.633356,48.117326,0.42371402801967606
2023-07-11 15:26:56,192.643704,50.813418,0.4277074652923009
2023-07-11 15:41:57,192.654132,53.543577,0.4381822953583527
2023-07-11 15:47:46,192.658171,54.603143,0.4155450782944596
2023-07-11 16:18:18,192.679375,60.167058,0.4147665737601616
2023-07-11 16:34:32,192.690648,63.115876,0.4331527080217803
2023-07-11 16:50:20,192.70162,65.971929,0.43479204681940364
2023-07-11 16:59:00,192.707639,67.530599,0.43644639273206376
2023-07-11 17:08:25,192.714178,69.216404,0.45221192321858533
2023-07-11 17:16:47,192.719988,70.706512,0.44689058953373667
2023-07-11 17:25:35,192.7261,72.265261,0.44330030527337483
2023-07-12 05:06:50,193.213079,81.045138,0.3560890277084026
2023-07-12 05:11:19,193.216192,80.292152,0.3520304467082965
2023-07-12 05:16:23,193.219711,79.435624,0.34748674397145213
2023-07-12 05:22:36,193.224028,78.377203,0.332580616260391
2023-07-12 05:30:15,193.22934,77.064339,0.3267558782144066
2023-07-12 05:39:35,193.235822,75.448454,0.30865368070743066
2023-07-12 05:48:48,193.242222,73.839023,0.30469341689670276
2023-07-12 05:50:42,193.243542,73.505676,0.301872128784164
2023-07-12 05:54:35,193.246238,72.82279,0.296003959583218
2023-07-12 06:00:53,193.250613,71.710659,0.2920674657494749
2023-07-12 06:07:52,193.255463,70.472187,0.29636742350361417
2023-07-12 06:16:48,193.261667,68.880082,0.29291244632908603
2023-07-12 06:22:55,193.265914,67.785256,0.2977391860761011
2023-07-12 06:25:28,193.267685,67.327794,0.295150820217908
2023-07-12 06:36:35,193.275405,65.3271,0.2740883906046037
2023-07-12 06:49:55,193.284664,62.91583,0.29026459169134194
2023-07-12 07:39:16,193.318935,53.936694,0.33324934205495577
2023-07-12 08:42:03,193.362535,42.647047,0.346671946634498
2023-07-12 08:50:21,193.368299,41.192944,0.34092760292059754
2023-07-12 08:57:02,193.37294,40.032724,0.36432408352061
2023-07-12 09:12:02,193.383356,37.470252,0.3405208807428631
2023-07-12 09:27:02,193.393773,34.978982,0.34859741676130923
2023-07-12 09:42:02,193.40419,32.579396,0.3504236303083439
2023-07-12 09:57:01,193.414595,30.299639,0.3629613876870589
2023-07-12 10:12:03,193.425035,28.162232,0.3583401292752928
2023-07-12 10:27:02,193.43544,26.221198,0.36537736266702353
2023-07-12 10:42:03,193.445868,24.513546,0.3524535358916641
2023-07-12 10:57:03,193.456285,23.100576,0.3783849563600261
2023-07-12 11:12:03,193.466701,22.038657,0.3528232075927139
2023-07-12 11:27:03,193.477118,21.381651,0.3384456329435874
2023-07-12 12:12:07,193.508414,22.101199,0.3272968107478223
2023-07-12 12:42:06,193.529236,24.624063,0.3048713403709092
2023-07-12 12:57:07,193.539664,26.350331,0.30108290933687243
2023-07-12 13:12:06,193.550069,28.306445,0.3881051705218861
2023-07-12 13:27:06,193.560486,30.451099,0.3775178080643746
2023-07-13 05:17:05,194.220197,79.432155,0.17022052242476773
2023-07-13 05:23:18,194.224514,78.372425,0.15899023871806872
2023-07-13 05:30:50,194.229745,77.078154,0.15535599272993858
2023-07-13 05:49:33,194.242743,73.820588,0.14003325063951988
2023-07-13 05:51:12,194.243889,73.530846,0.13906585380768227
2023-07-13 05:55:09,194.246632,72.835693,0.1383663126074108
2023-07-13 06:01:25,194.250984,71.72861,0.13170112653069913
2023-07-13 06:08:29,194.255891,70.474459,0.13776720277171942
2023-07-13 06:16:51,194.261701,68.982584,0.1353225496017754
2023-07-13 06:22:26,194.265579,67.983053,0.13721843555964766
2023-07-13 06:26:05,194.268113,67.328061,0.13866609343622852
2023-07-13 06:37:11,194.275822,65.329357,0.13108773275684119
2023-07-13 06:50:29,194.285058,62.923189,0.13469692809125922
2023-07-13 07:06:47,194.296377,59.962177,0.15262762116921808
2023-07-13 07:39:51,194.31934,53.940361,0.15984802871877618
2023-07-13 07:45:21,194.32316,52.939982,0.17739649187702236
2023-07-13 07:57:09,194.331354,50.798027,0.17343435420813708
2023-07-13 08:12:08,194.341759,48.091191,0.1510309423743574
2023-07-13 08:27:09,194.352188,45.400196,0.18702057808017677
2023-07-13 08:42:10,194.362616,42.740276,0.1692947979891039
2023-07-13 08:50:10,194.368171,41.33962,0.15099907626731462
2023-07-13 08:57:10,194.373032,40.125318,0.15932101565791715
2023-07-13 09:12:09,194.383438,37.568511,0.15706601158822026
2023-07-13 09:27:09,194.393854,35.080624,0.1417029127656143
2023-07-13 09:42:10,194.404282,32.682456,0.12388084905725133
2023-07-13 09:57:08,194.414676,30.409968,0.08990252236762526
2023-07-13 10:12:08,194.425093,28.282393,0.09088864450425062
2023-07-13 10:27:08,194.435509,26.344622,0.07141225716173655
2023-07-13 10:42:09,194.445938,24.642667,0.06907795423361728
2023-07-13 10:57:09,194.456354,23.23508,0.06872889770381163
2023-07-13 11:12:09,194.466771,22.177591,0.07180002029626165
2023-07-13 11:27:10,194.477199,21.522863,0.07341057833266916
2023-07-13 11:42:12,194.487639,21.310473,0.071915144335057
2023-07-13 11:57:12,194.498056,21.553744,0.07469858335865528
2023-07-13 12:12:14,194.508495,22.238483,0.07701967276688419
2023-07-13 17:24:01,194.725012,72.125273,0.06147852465529909
2023-07-13 17:29:44,194.728981,73.134899,0.06276499501118896
2023-07-13 17:31:43,194.730359,73.484163,0.06574519071410549
2023-07-13 17:34:43,194.732442,74.011423,0.07448981738096991
2023-07-13 17:39:47,194.735961,74.898953,0.06514263663227263
2023-07-13 17:44:07,194.73897,75.654931,0.06435586285357944
2023-07-13 17:53:41,194.745613,77.313006,0.0677694128819143
2023-07-13 18:07:18,194.755069,79.644032,0.06798268701307372
2023-07-13 18:12:28,194.758657,80.518423,0.06985643604368877
2023-07-13 18:17:04,194.761852,81.291687,0.07045278530311741
2023-07-13 18:20:35,194.764294,81.879269,0.07218229276241189
2023-07-14 05:04:27,195.211424,81.678475,0.05890859050029819
2023-07-14 05:08:11,195.214016,81.053547,0.06510888018136944
2023-07-14 06:51:05,195.285475,62.927012,0.060256187624247205
2023-07-14 07:07:21,195.296771,59.971339,0.06133575170420625
2023-07-14 07:40:42,195.319931,53.898119,0.059630381131099336
2023-07-14 07:46:14,195.323773,52.891991,0.06035721323637701
2023-07-14 07:57:17,195.331447,50.886867,0.058181331591189156
2023-07-14 08:12:15,195.34184,48.184037,0.06281884310974745
2023-07-14 08:27:15,195.352257,45.497414,0.07238728331909233
2023-07-14 08:50:19,195.368275,41.431135,0.0795436430687837
2023-07-14 09:12:16,195.383519,37.669958,0.07292946956714408
2023-07-14 09:27:16,195.393935,35.185652,0.06998554575932388
2023-07-14 09:42:17,195.404363,32.791741,0.07399163226861624
2023-07-14 09:57:16,195.414769,30.521735,0.0816122785077553
2023-07-14 10:12:15,195.425174,28.402198,0.07992448246128458
2023-07-14 10:27:16,195.435602,26.468511,0.0806930913009462
2023-07-14 10:42:16,195.446019,24.774932,0.08179357036419467
2023-07-14 10:57:16,195.456435,23.373454,0.08495599198109206
2023-07-14 11:12:16,195.466852,22.32118,0.08103135249391581
2023-07-14 11:27:17,195.47728,21.670025,0.07297784095350879
2023-07-14 11:42:20,195.487731,21.458961,0.07043943789901133
2023-07-14 11:57:19,195.498137,21.701018,0.06620388291327302
2023-07-14 16:58:15,195.707118,67.602548,0.061428984854620214
2023-07-14 17:07:18,195.713403,69.225689,0.0635677904189729
2023-07-14 17:15:30,195.719097,70.689357,0.0649576746693737
2023-07-14 17:23:32,195.724676,72.116248,0.06611689765754702
2023-07-14 17:31:08,195.729954,73.458815,0.06857182346586832
2023-07-14 17:34:17,195.732141,74.013005,0.06863221207850366
2023-07-14 17:39:21,195.73566,74.901426,0.07305135561322
2023-07-14 17:43:42,195.738681,75.661102,0.07648784561749078
2023-07-14 18:00:41,195.750475,78.596688,0.11913153341670238
2023-07-14 18:20:09,195.763993,81.890271,0.10651482181293324
2023-07-15 05:05:10,196.211921,81.680589,0.11239006135935578
2023-07-15 05:08:58,196.21456,81.043547,0.11434132935330915
2023-07-15 05:13:17,196.217558,80.315633,0.11202786338199747
2023-07-15 05:18:30,196.221181,79.430331,0.11416789239072579
2023-07-15 05:24:36,196.225417,78.3879,0.12019299043613457
2023-07-15 05:32:16,196.230741,77.067613,0.12030558709449453
2023-07-15 05:41:29,196.237141,75.466859,0.1259835628825052
2023-07-15 05:50:59,196.243738,73.803008,0.12334369641238355
2023-07-15 05:52:46,196.244977,73.489225,0.12542517118117524
2023-07-15 05:56:25,196.247512,72.845657,0.12798685753198852
2023-07-15 06:02:48,196.251944,71.716029,0.12794838070646936
2023-07-15 06:09:43,196.256748,70.48656,0.13010729196884724
2023-07-15 06:17:58,196.262477,69.013497,0.13526252949600184
2023-07-15 06:23:52,196.266574,67.955927,0.13648962781264312
2023-07-15 06:27:18,196.268958,67.339067,0.1351644501698447
2023-07-15 06:38:25,196.276678,65.335306,0.13401834754510783
2023-07-15 06:51:42,196.285903,62.930253,0.1259371522429566
2023-07-15 07:08:02,196.297245,59.961728,0.12378677235500177
2023-07-15 07:41:05,196.320197,53.943333,0.12439147445217447
2023-07-15 07:46:35,196.324016,52.943505,0.12349137894638547
2023-07-15 07:57:22,196.331505,50.987337,0.11617710184369633
2023-07-15 08:12:23,196.341933,48.276525,0.11011050985299076
2023-07-15 08:27:23,196.35235,45.591422,0.1058433947345647
2023-07-15 08:42:24,196.362778,42.935348,0.10866802856945568
2023-07-15 08:50:26,196.368356,41.531369,0.11313056459989586
2023-07-15 08:57:23,196.373183,40.328162,0.11976430231437815
2023-07-15 09:12:23,196.3836,37.774551,0.12026822992673389
2023-07-15 09:27:23,196.394016,35.294025,0.11171766088844619
2023-07-15 09:42:23,196.404433,32.907196,0.11895254234683561
2023-07-15 09:57:23,196.41485,30.639803,0.13894914035743833
2023-07-15 10:12:23,196.425266,28.5239,0.14212604813211446
2023-07-15 10:27:23,196.435683,26.598915,0.13606113314967908
2023-07-15 10:42:23,196.4461,24.912037,0.12754681140133597
2023-07-15 10:57:22,196.456505,23.518402,0.12673524740891123
2023-07-15 11:12:23,196.466933,22.470333,0.11982621713841136
2023-07-15 11:27:25,196.477373,21.822599,0.11928820904060425
2023-07-15 11:42:26,196.487801,21.61358,0.12936292835274538
2023-07-15 11:57:26,196.498218,21.854666,0.11350149847902809
2023-07-15 12:12:26,196.508634,22.530671,0.12029967029571206
2023-07-15 12:27:28,196.519074,23.606246,0.12985183539878117
2023-07-15 12:42:29,196.529502,25.026017,0.1243814462722917
2023-07-15 12:57:28,196.539907,26.730282,0.11937309618281514
2023-07-15 16:16:52,196.67838,60.18398,0.09888068199201154
2023-07-15 17:06:58,196.713171,69.24647,0.09698324681220492
2023-07-15 17:15:03,196.718785,70.690373,0.10176227753522314
2023-07-15 17:23:31,196.724664,72.195292,0.09869441475862895
2023-07-15 17:29:20,196.728704,73.224128,0.09988466986895954
2023-07-15 17:31:18,196.730069,73.570988,0.09727751863499423
2023-07-15 17:33:53,196.731863,74.025809,0.09795568512142337
2023-07-15 17:38:49,196.735289,74.891743,0.09838107609610407
2023-07-15 17:43:17,196.738391,75.672641,0.09894262998559679
2023-07-15 17:52:40,196.744907,77.302668,0.10003352938125375
2023-07-15 18:00:11,196.750127,78.597268,0.09724574659676685
2023-07-15 18:06:21,196.75441,79.651167,0.09250985784157374
2023-07-15 18:11:38,196.758079,80.547687,0.08940550460903501
2023-07-15 18:16:00,196.761111,81.283815,0.08959502400408552
2023-07-15 18:19:44,196.763704,81.909428,0.08878509236648277
2023-07-16 05:06:04,197.212546,81.654558,0.12828996647826618
2023-07-16 05:51:29,197.244086,73.835994,0.13503693659519841
2023-07-16 05:53:21,197.245382,73.507267,0.13541597859412455
2023-07-16 05:57:09,197.248021,72.836634,0.13187686584468594
2023-07-16 06:03:20,197.252315,71.741462,0.12822010135858758
2023-07-16 06:10:25,197.257234,70.481388,0.1338753613670766
2023-07-16 06:18:45,197.263021,68.992289,0.1325184078060319
2023-07-16 06:24:25,197.266956,67.97587,0.13311696352867414
2023-07-16 06:27:57,197.26941,67.340673,0.13896719016982284
2023-07-16 06:39:03,197.277118,65.338857,0.1448360147179813
2023-07-16 06:52:21,197.286354,62.929821,0.14399497337863032
2023-07-16 07:08:38,197.297662,59.969681,0.14510567622507822
2023-07-16 07:41:42,197.320625,53.948605,0.15431997910781023
2023-07-16 07:47:11,197.324433,52.952119,0.15191547817922085
2023-07-16 07:57:28,197.331574,51.087306,0.13799071908802424
2023-07-16 08:12:28,197.341991,48.380595,0.14260715698481166
2023-07-16 08:27:28,197.352407,45.697012,0.140624832896952
2023-07-16 08:42:29,197.362836,43.042948,0.15410909660595634
2023-07-16 08:50:41,197.36853,41.611308,0.16453277714587952
2023-07-16 08:57:28,197.373241,40.438308,0.1577445507144155
2023-07-16 09:12:29,197.383669,37.885047,0.1726828560573346
2023-07-16 09:27:28,197.394074,35.411112,0.16749852554614922
2023-07-16 09:57:29,197.414919,30.764115,0.1612261791247597
2023-07-16 10:12:28,197.425324,28.656465,0.18698427009643956
2023-07-16 10:27:28,197.435741,26.737778,0.15420740865394442
2023-07-16 10:42:29,197.446169,25.055652,0.17485129593341836
2023-07-16 10:57:29,197.456586,23.667133,0.15339579564419506
2023-07-16 11:12:29,197.467002,22.625939,0.1688568155592636
2023-07-16 11:27:31,197.477442,21.981967,0.1765318637842118
2023-07-16 11:42:33,197.487882,21.774329,0.17257600961683758
2023-07-16 11:57:32,197.498287,22.014123,0.1821502093090009
2023-07-16 12:12:33,197.508715,22.68746,0.1703835632177635
2023-07-16 12:27:34,197.519144,23.756677,0.16870408476322812
2023-07-16 12:42:34,197.52956,25.16838,0.17496544135657496
2023-07-16 12:57:32,197.539954,26.863748,0.17655195011300043
2023-07-16 13:12:35,197.550405,28.804318,0.18632528871385687
2023-07-16 13:27:33,197.560799,30.922341,0.17504722298185083
2023-07-16 13:42:34,197.571227,33.197276,0.16805793936545668
2023-07-16 13:57:33,197.581632,35.585284,0.170041843786162
2023-07-16 14:12:34,197.59206,38.071609,0.15915775044491748
2023-07-16 14:27:34,197.602477,40.627782,0.1558802462219348
2023-07-16 14:42:34,197.612894,43.240132,0.1542851275685723
2023-07-16 14:57:31,197.623275,45.886421,0.14739538128563992
2023-07-16 15:12:31,197.633692,48.573394,0.1438841857869939
2023-07-16 15:27:31,197.644109,51.283058,0.13505348129291048
2023-07-16 15:42:33,197.654549,54.013629,0.13201128118102462
2023-07-16 15:48:06,197.658403,55.024068,0.1304555826458699
2023-07-16 16:16:23,197.678044,60.179002,0.1326546821353699
2023-07-16 16:32:41,197.689363,63.144127,0.13613673502557608
2023-07-16 16:45:57,197.698576,65.548563,0.1624850975173743
2023-07-16 16:57:04,197.706296,67.554492,0.17809916687363214
2023-07-16 17:06:30,197.712847,69.248758,0.1935062844857441
2023-07-16 17:14:40,197.718519,70.708641,0.19842481985512653
2023-07-16 17:22:54,197.724236,72.173379,0.20189256913737702
2023-07-16 17:29:13,197.728623,73.291612,0.2027797139543519
2023-07-16 17:31:07,197.729942,73.626959,0.20303362965016092
2023-07-16 17:33:28,197.731574,74.041057,0.20133516751060876
2023-07-16 17:38:21,197.734965,74.899081,0.20325417615576866
2023-07-16 17:43:00,197.738194,75.712843,0.20491652762476661
2023-07-16 17:53:18,197.745347,77.50305,0.21198548253922245
2023-07-16 17:59:51,197.749896,78.631814,0.20569397685542715
2023-07-16 18:05:54,197.754097,79.667029,0.20305282531123248
2023-07-16 18:11:07,197.75772,80.553457,0.200125899628817
2023-07-16 18:15:30,197.760764,81.293473,0.2010266779072419
2023-07-16 18:19:10,197.76331,81.908862,0.19882159876460198
2023-07-17 07:42:21,198.321076,53.950276,0.28307028717981
2023-07-17 07:47:54,198.324931,52.942038,0.28016166567502715
2023-07-17 07:57:35,198.331655,51.186727,0.290741140087494
2023-07-17 11:27:36,198.4775,22.147578,0.37535496426772685
2023-07-17 11:42:38,198.48794,21.94109,0.33996430813750145
2023-07-17 11:57:39,198.498368,22.180359,0.3622449530086889
2023-07-17 12:12:38,198.508773,22.848715,0.3440902217512586
2023-07-17 12:27:37,198.519178,23.909454,0.34916122577282427
2023-07-17 12:42:40,198.52963,25.318981,0.33559826876118604
2023-07-17 13:27:40,198.56088,31.056371,0.3252664504050473
2023-07-17 13:42:40,198.571296,33.323576,0.312778107702893
2023-07-17 13:57:39,198.581701,35.707024,0.3115489181351627
2023-07-17 14:12:38,198.592106,38.183888,0.31149899478383464
2023-07-17 14:27:38,198.602523,40.73673,0.30438935909420606
2023-07-17 14:42:38,198.61294,43.346397,0.29975644580846306
2023-07-17 14:57:37,198.623345,45.996532,0.2948354918325773
2023-07-17 15:12:37,198.633762,48.681995,0.3076339160167416
2023-07-17 15:27:37,198.644178,51.390605,0.30083565594487954
2023-07-17 15:42:39,198.654618,54.120531,0.3038330055056654
2023-07-17 15:48:17,198.65853,55.146004,0.30552664586179085
2023-07-17 16:15:57,198.677743,60.188594,0.3104529192670459
2023-07-17 16:32:18,198.689097,63.163581,0.30512519254970016
2023-07-17 16:45:29,198.698252,65.553931,0.30211970583513986
2023-07-17 16:56:36,198.705972,67.561003,0.2977513121308642
2023-07-17 17:05:59,198.712488,69.247453,0.2952960795288232
2023-07-17 17:14:10,198.718171,70.711477,0.2872466127371483
2023-07-17 17:22:33,198.723993,72.204134,0.2838360274952034
2023-07-17 17:29:04,198.728519,73.358667,0.2820117737956578
2023-07-17 17:30:49,198.729734,73.667784,0.28187991407893914
2023-07-17 17:37:53,198.734641,74.911779,0.2799668220911076
2023-07-17 17:42:19,198.73772,75.688532,0.2790953052577364
2023-07-17 17:59:25,198.749595,78.654581,0.281693926518562
2023-07-17 18:05:26,198.753773,79.68541,0.2883619900052442
2023-07-17 18:10:35,198.75735,80.561731,0.2895677542194135
2023-07-17 18:14:49,198.760289,81.277564,0.29109442086561815
2023-07-18 07:43:03,199.321562,53.94528,0.25988720791427966
2023-07-18 07:57:39,199.331701,51.297615,0.25228802172553244
2023-07-18 08:12:37,199.342095,48.599291,0.24569037775407135
2023-07-18 08:27:39,199.352535,45.91307,0.24454227873471476
2023-07-18 08:42:41,199.362975,43.260496,0.23307648598923383
2023-07-18 08:50:50,199.368634,41.840449,0.22534832624449005
2023-07-18 08:57:42,199.373403,40.655762,0.22265423961974312
2023-07-18 09:12:40,199.383796,38.117965,0.21481473196891473
2023-07-18 09:27:40,199.394213,35.649612,0.20202289743359098
2023-07-18 09:42:41,199.404641,33.274594,0.1932651830595373
2023-07-18 09:57:39,199.415035,31.028827,0.18292535573377355
2023-07-18 10:12:39,199.425451,28.931457,0.1734438176628929
2023-07-18 10:27:40,199.43588,27.024589,0.17222136313748268
2023-07-18 10:42:40,199.446296,25.35874,0.17368458217100735
2023-07-18 10:57:40,199.456713,23.983899,0.1799410985881212
2023-07-18 11:12:40,199.46713,22.954356,0.18380223709254168
2023-07-18 11:27:42,199.477569,22.31842,0.18669977681308825
2023-07-18 11:42:43,199.487998,22.11384,0.1881434504098311
2023-07-18 11:57:43,199.498414,22.351283,0.18509297569456445
2023-07-18 12:12:45,199.508854,23.018278,0.17951872554568593
2023-07-18 12:27:44,199.519259,24.074216,0.1781208034109693
2023-07-18 12:42:45,199.529687,25.474323,0.1785983622287062
2023-07-18 12:57:44,199.540093,27.158137,0.17802020535605867
2023-07-18 13:12:44,199.550509,29.078959,0.17814452583015636
2023-07-18 13:27:44,199.560926,31.18934,0.17847470884168273
2023-07-18 13:42:44,199.571343,33.450863,0.1841676629878584
2023-07-18 13:57:43,199.581748,35.829409,0.19268131895988483
2023-07-18 14:12:42,199.592153,38.302134,0.19717253816760366
2023-07-18 14:27:42,199.602569,40.851549,0.20008958240449196
2023-07-18 14:42:43,199.612998,43.461373,0.20451951356580592
2023-07-18 14:57:41,199.623391,46.106418,0.20761906641239677
2023-07-18 15:12:42,199.633819,48.793247,0.210789071545311
2023-07-18 15:27:41,199.644225,51.497714,0.21430990216448645
2023-07-18 15:42:22,199.654421,54.163262,0.21155352284032866
2023-07-18 16:15:27,199.677396,60.191517,0.21281011330357041
2023-07-18 16:31:43,199.688692,63.152138,0.21481438636128503
2023-07-18 16:45:01,199.697928,65.564708,0.2219376855107877
2023-07-18 16:56:06,199.705625,67.566897,0.22188851001257354
2023-07-18 17:05:34,199.712199,69.269459,0.22128312962241525
2023-07-18 17:13:37,199.717789,70.710743,0.22719245795614132
2023-07-18 17:22:13,199.723762,72.243255,0.22755365721352422
2023-07-18 17:29:00,199.728472,73.445922,0.23189835265578726
2023-07-18 17:30:48,199.729722,73.764079,0.23551261532956766
2023-07-18 17:32:38,199.730995,74.087687,0.23555673426164273
2023-07-18 17:37:19,199.734248,74.912264,0.23865164633401642
2023-07-18 17:41:44,199.737315,75.686999,0.24111037343795436
2023-07-18 17:51:05,199.743808,77.317081,0.24543574434560633
2023-07-18 17:58:35,199.749016,78.613848,0.24684786692376295
2023-07-18 18:04:44,199.753287,79.669252,0.25175913546942646
2023-07-18 18:09:57,199.75691,80.558339,0.25496712373273595
2023-07-18 18:14:14,199.759884,81.283774,0.2550453428232441
2023-07-19 07:43:50,200.322106,53.92753,0.3868875795335618
2023-07-19 07:57:44,200.331759,51.407858,0.4116299329009151
2023-07-19 08:12:44,200.342176,48.704849,0.4220231840069776
2023-07-19 08:27:45,200.352604,46.023456,0.43066546504337344
2023-07-19 08:42:47,200.363044,43.373291,0.40805413343153146
2023-07-19 14:12:48,200.592222,38.43194,0.454387710729244
2023-07-19 14:27:47,200.602627,40.975119,0.44744593127959176
2023-07-19 14:42:47,200.613044,43.579226,0.433538840320365
2023-07-19 15:27:50,200.644329,51.625525,0.4832885268275532
2023-07-19 16:44:30,200.697569,65.571846,0.3955675768424923
2023-07-19 16:55:34,200.705255,67.57217,0.39119136734856674
2023-07-19 17:04:59,200.711794,69.266936,0.39753931268629555
2023-07-19 17:21:43,200.723414,72.258141,0.3978124501418109
2023-07-19 17:28:04,200.727824,73.385217,0.3966415147642767
2023-07-19 17:36:45,200.733854,74.918071,0.39919616779942385
2023-07-19 17:41:10,200.736921,75.693699,0.39841114322592286
2023-07-19 17:58:01,200.748623,78.624272,0.4048271028623128
2023-07-19 18:04:10,200.752894,79.681156,0.411516896386094
2023-07-20 05:09:03,201.214618,81.677163,0.24275389845521936
2023-07-20 05:12:41,201.217141,81.063267,0.24334722277834778
2023-07-20 05:17:02,201.220162,80.324201,0.23632293224644907
2023-07-20 05:22:16,201.223796,79.429594,0.23716691121368474
2023-07-20 05:28:17,201.227975,78.394285,0.22640023258188632
2023-07-20 05:35:55,201.233275,77.071242,0.22444236628085948
2023-07-20 05:45:07,201.239664,75.46386,0.23372309907420066
2023-07-20 05:54:16,201.246019,73.852832,0.22968264120147758
2023-07-20 05:56:17,201.247419,73.496242,0.2285530415437038
2023-07-20 05:59:57,201.249965,72.84658,0.2314481399963626
2023-07-20 06:06:11,201.254294,71.738465,0.22785561906275575
2023-07-20 06:13:20,201.259259,70.462156,0.23203569415235717
2023-07-20 06:21:37,201.265012,68.977409,0.22685796663026064
2023-07-20 06:27:21,201.268993,67.946174,0.21985855905771334
2023-07-20 06:30:42,201.271319,67.342405,0.21801125626644607
2023-07-20 06:41:48,201.279028,65.336247,0.23098732417290296
2023-07-20 06:55:02,201.288218,62.935474,0.22044333296151591
2023-07-20 07:11:19,201.299525,59.972779,0.22061273982981966
2023-07-20 07:44:25,201.322512,53.948449,0.219090558679986
2023-07-20 07:57:49,201.331817,51.520426,0.21015504925962689
2023-07-20 08:12:50,201.342245,48.815806,0.20091445781378003
2023-07-20 08:27:50,201.352662,46.139306,0.19269031608912202
2023-07-20 08:42:51,201.36309,43.49454,0.19143856315258792
2023-07-20 08:50:48,201.368611,42.112236,0.18552086792657008
2023-07-20 08:57:49,201.373484,40.904477,0.18384173891785388
2023-07-20 09:12:50,201.383912,38.365593,0.16996213247285677
2023-07-20 09:27:49,201.394317,35.90892,0.17151768816596033
2023-07-20 09:42:50,201.404745,33.544388,0.16857732572506035
2023-07-20 09:57:49,201.41515,31.308242,0.15961495223459782
2023-07-20 10:12:50,201.425579,29.22236,0.16381676452274627
2023-07-20 10:27:51,201.436007,27.330604,0.16635626039111598
2023-07-20 10:42:51,201.446424,25.68038,0.1637045256800894
2023-07-20 10:57:49,201.456817,24.323262,0.15613757891356034
2023-07-20 11:12:50,201.467245,23.304991,0.15737280460884476
2023-07-20 11:27:51,201.477674,22.678375,0.15153278240055393
2023-07-20 11:42:53,201.488113,22.477053,0.14546191405038802
2023-07-20 11:57:53,201.49853,22.712558,0.14388515837321667
2023-07-20 12:12:54,201.508958,23.37148,0.1399064153915953
2023-07-20 12:27:53,201.519363,24.416065,0.13784915847191676
2023-07-20 12:42:55,201.529803,25.804312,0.13905190668289208
2023-07-20 12:57:55,201.54022,27.476148,0.13903446190874258
2023-07-20 13:12:56,201.550648,29.38575,0.14266050312202802
2023-07-20 13:27:53,201.56103,31.476539,0.14759881595457275
2023-07-20 13:42:55,201.57147,33.731696,0.15211155855015265
2023-07-20 13:57:54,201.581875,36.100495,0.15917336193253442
2023-07-20 14:12:53,201.59228,38.564928,0.17096510031836348
2023-07-20 14:27:52,201.602685,41.104578,0.1847530956968171
2023-07-20 14:42:54,201.613125,43.711647,0.1863799298754781
2023-07-20 14:57:51,201.623507,46.349316,0.19684953883795117
2023-07-20 15:12:51,201.633924,49.029764,0.2024737427837098
2023-07-20 15:27:52,201.644352,51.73784,0.21688390317304085
2023-07-20 15:41:20,201.653704,54.180724,0.22099661849263583
2023-07-20 16:14:24,201.676667,60.204734,0.22969881458688982
2023-07-20 16:30:41,201.687975,63.1698,0.22772314904231172
2023-07-20 16:43:56,201.697176,65.575338,0.23627360606335462
2023-07-20 16:54:59,201.70485,67.573807,0.23819043635595522
2023-07-20 17:04:26,201.711412,69.275759,0.24777323640720283
2023-07-20 17:12:32,201.717037,70.728314,0.24435077740675615
2023-07-20 17:40:37,201.736539,75.708636,0.2496905908246053
2023-07-20 17:49:56,201.743009,77.336895,0.24043297723169424
2023-07-20 17:57:26,201.748218,78.637114,0.2348354515652482
2023-07-20 18:03:32,201.752454,79.686917,0.23446292795773738
2023-07-20 18:08:44,201.756065,80.575837,0.22995510927553559
2023-07-21 05:22:57,202.224271,79.448019,0.26597337045661695
2023-07-21 05:36:33,202.233715,77.09529,0.2720724778716172
2023-07-21 07:45:07,202.322998,53.950483,0.2650460435249644
2023-07-21 07:57:53,202.331863,51.638287,0.2561787745644967
2023-07-21 08:12:53,202.34228,48.938093,0.2580713779597719
2023-07-21 08:27:54,202.352708,46.260574,0.2579321153055827
2023-07-21 08:42:55,202.363137,43.618371,0.2450755063606177
2023-07-21 08:51:00,202.36875,42.214651,0.23861088636847108
2023-07-21 08:57:54,202.373542,41.028664,0.22345027108139018
2023-07-21 09:12:54,202.383958,38.496565,0.2132001490798056
2023-07-21 09:27:54,202.394375,36.041917,0.22096526775038916
2023-07-21 09:42:55,202.404803,33.683038,0.24328570271641092
2023-07-21 09:57:53,202.415197,31.455782,0.22970255211183382
2023-07-21 10:12:53,202.425613,29.379209,0.22925428535057624
2023-07-21 10:27:54,202.436042,27.494881,0.20439166454510596
2023-07-21 10:42:54,202.446458,25.852231,0.21144406158310444
2023-07-21 10:57:53,202.456863,24.500932,0.20442859889179832
2023-07-21 11:12:54,202.467292,23.489058,0.20191793834262975
2023-07-21 11:27:57,202.477743,22.865963,0.2042116698083492
2023-07-21 11:42:57,202.48816,22.667366,0.20487857934958723
2023-07-21 11:57:58,202.498588,22.902274,0.2102758006026113
2023-07-21 12:12:58,202.509005,23.556957,0.21117335446223848
2023-07-21 12:27:57,202.51941,24.595831,0.2133934701888631
2023-07-21 12:42:58,202.529838,25.975482,0.21164647319074897
2023-07-21 12:57:57,202.540243,27.637744,0.2207495257939579
2023-07-21 13:12:57,202.55066,29.537489,0.22887712102716157
2023-07-21 13:42:58,202.571505,33.874936,0.21711469776881528
2023-07-21 14:12:58,202.592338,38.703898,0.20800851084141012
2023-07-21 14:27:57,202.602743,41.239932,0.2122306575268592
2023-07-21 14:42:58,202.613171,43.841128,0.20947619508680348
2023-07-21 14:57:58,202.623588,46.485298,0.20221100048161972
2023-07-21 15:40:51,202.653368,54.203998,0.18192400158604216
2023-07-21 16:30:08,202.687593,63.180747,0.154528023092525
2023-07-21 16:43:24,202.696806,65.590283,0.14689977992611664
2023-07-21 17:03:54,202.711042,69.292945,0.14513928070959256
2023-07-21 17:11:58,202.716644,70.740655,0.16696267476461712
2023-07-21 17:56:46,202.747755,78.640823,0.16029114590295807
2023-07-21 18:03:01,202.752095,79.717958,0.16560915784982194
2023-07-22 06:56:27,203.289201,62.937386,0.19443346376473444
2023-07-22 07:12:42,203.300486,59.979739,0.19224583520929628
2023-07-22 07:45:50,203.323495,53.951765,0.20176540810294902
2023-07-22 07:57:56,203.331898,51.761395,0.1995825472524865
2023-07-22 08:12:57,203.342326,49.059709,0.2001651091636592
2023-07-22 08:27:56,203.352731,46.390168,0.19208929042973297
2023-07-22 08:42:58,203.363171,43.747655,0.19106250031421365
2023-07-22 08:51:03,203.368785,42.345629,0.193894474445134
2023-07-22 08:57:57,203.373576,41.161247,0.18696659917820296
2023-07-22 09:12:56,203.383981,38.635947,0.1874341605525264
2023-07-22 09:27:56,203.394398,36.186013,0.18431204578030486
2023-07-22 09:42:57,203.404826,33.832649,0.18686600682948468
2023-07-22 09:57:56,203.415231,31.60928,0.18600072207323387
2023-07-22 10:12:57,203.42566,29.537694,0.18711884904753143
2023-07-22 10:27:56,203.436065,27.665258,0.17488031655601152
2023-07-22 10:42:58,203.446505,26.026881,0.1717072869498122
2023-07-22 10:57:57,203.45691,24.683412,0.16951897223760282
2023-07-22 11:12:57,203.467326,23.679168,0.1725704556897113
2023-07-22 11:27:59,203.477766,23.060833,0.17673359370989458
2023-07-22 11:43:00,203.488194,22.863385,0.1762946666314576
2023-07-22 11:57:59,203.4986,23.095971,0.17813253085225708
2023-07-22 12:13:00,203.509028,23.746703,0.18138043165785092
2023-07-22 12:28:00,203.519444,24.780534,0.1749885599943436
2023-07-22 12:43:02,203.529884,26.154704,0.17247155207341802
2023-07-23 05:19:28,204.221852,80.323717,0.30507997746279525
2023-07-23 05:24:38,204.22544,79.436357,0.29783148038488544
2023-07-23 05:30:41,204.229641,78.390676,0.297598526774647
2023-07-23 05:38:04,204.234769,77.105742,0.2847344612771901
2023-07-23 05:47:22,204.241227,75.474885,0.2819362612340168
2023-07-23 05:56:29,204.247558,73.864297,0.2684204198427328
2023-07-23 05:58:20,204.248843,73.536162,0.2723279940299459
2023-07-23 06:02:11,204.251516,72.851967,0.26486084081479083
2023-07-23 06:08:29,204.255891,71.72875,0.26742665884825384
2023-07-23 06:15:23,204.260683,70.493863,0.2741942767402593
2023-07-23 06:23:49,204.266539,68.978775,0.2753363037442284
2023-07-23 06:32:49,204.272789,67.355571,0.26869944039975135
2023-07-23 06:57:13,204.289734,62.930728,0.2712215516028855
2023-07-23 07:13:27,204.301007,59.975681,0.2498271260465401
2023-07-23 07:46:33,204.323993,53.955291,0.23128114908110398
2023-07-23 07:58:00,204.331944,51.883689,0.22486483962603698
2023-07-23 08:13:00,204.342361,49.186591,0.21284039804763893
2023-07-23 08:28:00,204.352778,46.51624,0.20763692190040325
2023-07-23 08:43:00,204.363194,43.882349,0.21442478207577045
2023-07-23 08:51:05,204.368808,42.482063,0.212800113190297
2023-07-23 08:58:00,204.373611,41.296488,0.2010808141887125
2023-07-23 09:13:00,204.384028,38.772623,0.22580519819899023
2023-07-23 09:28:00,204.394444,36.327801,0.22017115246631908
2023-07-23 09:43:00,204.404861,33.98297,0.2242074365977432
2023-07-23 09:57:59,204.415266,31.766297,0.22773855505051646
2023-07-23 10:13:00,204.425694,29.702187,0.21522147689993973
2023-07-23 10:27:59,204.4361,27.837772,0.1956502183937155
2023-07-23 10:43:01,204.446539,26.207626,0.20006584036398764
2023-07-23 10:58:00,204.456944,24.871957,0.20488966188306285
2023-07-23 11:28:02,204.477801,23.260616,0.19628865456765932
2023-07-23 11:43:03,204.488229,23.065063,0.19366282492562265
2023-07-23 11:58:04,204.498657,23.297557,0.18627984541725714
2023-07-23 12:13:04,204.509074,23.944441,0.17458030297377408
2023-07-23 12:28:04,204.519491,24.972815,0.18300529686365571
2023-07-23 12:43:06,204.529931,26.340223,0.18145727787058943
2023-07-23 12:58:03,204.540312,27.983994,0.17674410248393654
2023-07-23 13:13:04,204.550741,29.871068,0.17589930428466677
2023-07-23 13:28:03,204.561146,31.945815,0.16704079776801695
2023-07-23 13:43:04,204.571574,34.179941,0.17070853082134893
2023-07-23 13:58:02,204.581968,36.529857,0.16857421944112227
2023-07-23 14:13:04,204.592407,38.988683,0.17449014433209095
2023-07-23 14:28:03,204.602812,41.516933,0.17392172050205215
2023-07-23 14:43:02,204.613218,44.105934,0.1760321824377329
2023-07-23 14:58:02,204.623634,46.744945,0.1772649153722563
2023-07-23 15:13:02,204.634051,49.419724,0.18180693996704322
2023-07-23 15:28:01,204.644456,52.117682,0.18075798123758133
2023-07-23 15:39:30,204.652431,54.197969,0.1805292817311063
2023-07-23 16:12:36,204.675417,60.224868,0.16631881796901773
2023-07-23 16:28:51,204.686701,63.185633,0.16759250249098076
2023-07-23 16:42:07,204.695914,65.597099,0.16711514762308777
2023-07-23 16:53:13,204.703623,67.607961,0.16824719165555435
2023-07-23 17:02:32,204.710093,69.289378,0.1728079308953305
2023-07-23 17:10:42,204.715764,70.757431,0.17971686443100116
2023-07-23 17:34:15,204.732118,74.953156,0.16290824995349343
2023-07-23 17:38:39,204.735174,75.729507,0.16275496245334373
2023-07-23 17:47:55,204.741609,77.355302,0.15372383274235538
2023-07-23 17:55:23,204.746794,78.655222,0.1500931995111145
2023-07-23 18:01:34,204.751088,79.724116,0.1497912378495328
2023-07-23 18:14:38,204.760162,81.956727,0.15106053955376436
2023-07-24 05:15:56,205.219398,81.070301,0.34774850910064325
2023-07-24 05:20:17,205.222419,80.326359,0.3773177750597284
2023-07-24 05:25:25,205.225984,79.443334,0.3689227402267345
2023-07-24 05:31:28,205.230185,78.396102,0.3552269298774146
2023-07-24 05:38:53,205.235336,77.103548,0.34669009853013916
2023-07-24 05:48:23,205.241933,75.435299,0.35335311703573297
2023-07-24 13:58:06,205.582014,36.688701,0.37054134114311593
2023-07-24 14:13:04,205.592407,39.131757,0.40440074112446883
2023-07-24 15:28:03,205.644479,52.252569,0.38356895053745166
2023-07-24 15:38:51,205.651979,54.208059,0.3766706012185772
2023-07-24 16:28:15,205.686285,63.203827,0.36522739831066997
2023-07-24 16:41:34,205.695532,65.625238,0.37950564691727784
2023-07-24 17:33:31,205.731609,74.95592,0.32624640811372835
2023-07-25 05:16:56,206.220093,81.044611,0.14895564631279956
2023-07-25 05:21:19,206.223137,80.293529,0.15060253103857218
2023-07-25 05:26:20,206.22662,79.429032,0.1458406655603696
2023-07-25 05:32:17,206.230752,78.397488,0.14799441044522207
2023-07-25 05:39:42,206.235903,77.103089,0.15048165537594044
2023-07-25 05:48:59,206.24235,75.4709,0.14337047773727013
2023-07-25 05:59:50,206.249884,73.548416,0.13850889993185483
2023-07-25 06:03:43,206.252581,72.856876,0.13700793134091488
2023-07-25 06:16:54,206.261736,70.497425,0.1305112694318296
2023-07-25 06:25:12,206.2675,69.004041,0.12733281758370696
2023-07-25 06:30:45,206.271354,68.002472,0.12369841999936451
2023-07-25 06:34:21,206.273854,67.351675,0.11885177516605977
2023-07-25 06:45:24,206.281528,65.349376,0.1165960704206179
2023-07-25 06:58:39,206.290729,62.941349,0.11638542071153538
2023-07-25 08:13:02,206.342384,49.458965,0.08205563035746417
2023-07-25 08:58:03,206.373646,41.583325,0.0664408232576843
2023-07-25 09:43:04,206.404907,34.298346,0.11073760030829781
2023-07-25 11:28:05,206.477836,23.677373,0.06852553661617196
2023-07-25 11:43:07,206.488275,23.485068,0.07221026341212604
2023-07-25 11:58:07,206.498692,23.714724,0.07795340960518315
2023-07-25 12:13:08,206.50912,24.354221,0.07516802956502891
2023-07-25 12:28:05,206.519502,25.366552,0.08015842462026104
2023-07-25 12:58:08,206.54037,28.353439,0.10072361372830585
2023-07-25 13:28:06,206.561181,32.281031,0.0846472872651851
2023-07-25 13:43:09,206.571632,34.507004,0.10237967433160788
2023-07-25 13:58:07,206.582025,36.845595,0.10140973788663309
2023-07-25 14:28:08,206.60287,41.814711,0.0917885202597538
2023-07-25 14:43:09,206.613299,44.402782,0.09522824296843604
2023-07-25 14:58:05,206.623669,47.024694,0.08531698537536757
2023-07-25 15:13:05,206.634086,49.695231,0.08620114052285548
2023-07-25 15:38:06,206.651458,54.205732,0.07847850895523688
2023-07-25 16:27:28,206.685741,63.194074,0.06684076863344333
2023-07-25 16:40:44,206.694954,65.60731,0.06152314692048061
2023-07-25 16:51:45,206.702604,67.605258,0.06387021806197553
2023-07-25 17:01:06,206.709097,69.295032,0.062113432285213196
2023-07-25 17:17:33,206.720521,72.251041,0.0626286957535278
2023-07-25 17:32:44,206.731065,74.955016,0.06297262247646825
2023-07-25 17:37:08,206.73412,75.733296,0.06098183095455785
2023-07-25 17:46:28,206.740602,77.375115,0.0603903421048482
2023-07-25 17:53:54,206.745764,78.672926,0.0662571930296184
2023-07-25 18:13:06,206.759097,81.976575,0.18291229015093988
2023-07-26 06:59:24,207.29125,62.943387,0.07730699420061038
2023-07-26 07:15:40,207.302546,59.981444,0.0760982825766174
2023-07-26 08:28:04,207.352824,46.931979,0.0823350184193669
2023-07-26 08:43:07,207.363275,44.298243,0.09163842142659752
2023-07-26 08:51:14,207.368912,42.897963,0.10102297118876893
2023-07-26 08:58:06,207.373681,41.726355,0.09412919777243743
2023-07-26 09:13:04,207.384074,39.22142,0.09270565528824959
2023-07-26 09:28:04,207.394491,36.79235,0.09782390718216635
2023-07-26 09:43:05,207.404919,34.46332,0.09532686319803732
2023-07-26 09:58:05,207.415336,32.265264,0.08979622121495479
2023-07-26 10:13:05,207.425752,30.226811,0.08881668779855846
2023-07-26 10:28:05,207.436169,28.385329,0.08718096694563574
2023-07-26 10:43:06,207.446597,26.782463,0.0867752965431381
2023-07-26 10:58:04,207.456991,25.471948,0.08085735208339788
2023-07-26 11:13:05,207.467419,24.493181,0.07899971877759832
2023-07-26 11:28:06,207.477847,23.893748,0.08115600415791172
2023-07-26 11:43:08,207.488287,23.70325,0.07772569318075792
2023-07-26 11:58:11,207.498738,23.933104,0.07238336698092945
2023-07-26 12:13:09,207.509132,24.567087,0.07328249160796876
2023-07-26 12:43:10,207.529977,26.920768,0.08286027831121925
2023-07-26 13:13:11,207.550822,30.41066,0.08340902247561474
2023-07-26 13:28:07,207.561192,32.456743,0.07999273903919765
2023-07-26 16:10:33,207.673993,60.249057,0.0806577467421057
2023-07-26 16:40:02,207.694468,65.618953,0.07905708056098137
2023-07-26 16:51:03,207.702118,67.617917,0.08352609873123833
2023-07-26 17:00:24,207.708611,69.308793,0.0877016599627264
2023-07-26 17:08:28,207.714213,70.762377,0.08462783869337806
2023-07-26 17:32:02,207.730579,74.974044,0.07825193418931135
2023-07-26 17:36:23,207.7336,75.744394,0.07920573969250884
2023-07-27 05:22:58,208.224282,80.304283,0.046336857972243524
2023-07-27 05:27:55,208.22772,79.448559,0.051758108208872895
2023-07-27 05:33:58,208.231921,78.396483,0.04485532673226891
2023-07-27 05:41:19,208.237025,77.11004,0.03951786929760573
2023-07-27 05:50:35,208.243461,75.476558,0.040024222555705175
2023-07-27 06:05:20,208.253704,72.853694,0.04485894040147547
2023-07-27 06:11:29,208.257975,71.753002,0.04689093274599794
2023-07-27 06:18:34,208.262894,70.480882,0.05276486853649976
2023-07-27 06:26:32,208.268426,69.045335,0.05312881844347714
2023-07-27 06:35:57,208.274965,67.342728,0.050985957000729616
2023-07-27 06:46:57,208.282604,65.347565,0.05346328395883321
2023-07-27 07:00:11,208.291794,62.941164,0.05589567033702629
2023-07-27 07:16:29,208.303113,59.973039,0.05807303863603041
2023-07-27 07:49:36,208.326111,53.958134,0.062316529975703076
2023-07-27 07:58:00,208.331944,52.442129,0.06008501349044425
2023-07-27 08:13:05,208.342419,49.737032,0.055938185254476885
2023-07-27 08:28:04,208.352824,47.07901,0.05147879334339327
2023-07-27 08:43:06,208.363264,44.45131,0.04872062561809206
2023-07-27 08:51:07,208.368831,43.070127,0.05053969651131832
2023-07-27 08:58:07,208.373692,41.877583,0.05359344924671488
2023-07-27 09:13:08,208.38412,39.369162,0.05123204039130266
2023-07-27 09:28:05,208.394502,36.953934,0.05179042515099188
2023-07-27 09:43:08,208.404954,34.626403,0.051878054600816584
2023-07-27 09:58:05,208.415336,32.443109,0.05098625156423293
2023-07-27 10:13:04,208.425741,30.414775,0.05137281793170959
2023-07-27 10:28:05,208.436169,28.579599,0.055261052496596845
2023-07-27 10:43:08,208.44662,26.982041,0.051443225623057705
2023-07-27 10:58:06,208.457014,25.680187,0.05131764622160385
2023-07-27 11:13:06,208.467431,24.709742,0.05139114214965513
2023-07-27 11:28:07,208.477859,24.115213,0.05178127136352974
2023-07-27 11:43:12,208.488333,23.926871,0.052619502874637146
2023-07-27 11:58:08,208.498704,24.153723,0.0482771070918881
2023-07-27 12:13:08,208.50912,24.783969,0.048186822952936206
2023-07-27 15:36:37,208.650428,54.221304,0.04263591426003525
2023-07-27 16:09:45,208.673438,60.246864,0.03974016485691541
2023-07-27 16:26:00,208.684722,63.20903,0.041899874805513965
2023-07-27 17:44:50,208.739468,77.383259,0.06967936580096427
2023-07-28 05:19:30,209.221875,81.05112,0.18152524003028292
2023-07-28 05:28:52,209.22838,79.433193,0.18528239331632043
2023-07-28 05:34:49,209.232512,78.396848,0.17933266080578392
2023-07-28 08:13:05,209.342419,49.883701,0.11381773322060744
2023-07-28 08:28:05,209.352836,47.225319,0.0987629029811058
2023-07-28 08:43:06,209.363264,44.603831,0.09803393167463975
2023-07-28 08:51:13,209.3689,43.207601,0.0963211825028702
2023-07-28 08:58:06,209.373681,42.036954,0.09275707712660068
2023-07-28 09:13:06,209.384097,39.536039,0.09400598049107117
2023-07-28 09:28:06,209.394514,37.118402,0.10255283820284275
2023-07-28 09:43:08,209.404954,34.800132,0.09816017819263588
2023-07-28 10:28:06,209.436181,28.775833,0.13011282949812067
2023-07-28 10:58:07,209.457025,25.894162,0.1742850705966398
2023-07-28 11:13:06,209.467431,24.931911,0.1927989313334144
2023-07-28 11:58:10,209.498727,24.382305,0.13900591695913825
2023-07-28 12:13:10,209.509144,25.009372,0.13774636942954196
2023-07-28 12:28:09,209.519549,26.005904,0.13638348246484386
2023-07-28 12:43:11,209.529988,27.335755,0.14169877287416466
2023-07-28 13:13:07,209.550775,30.782494,0.13064965331879724
2023-07-28 13:58:08,209.582037,37.347242,0.1452509549320028
2023-07-28 14:13:06,209.592431,39.769431,0.147489754323972
2023-07-28 14:43:18,209.613403,44.887218,0.14522554810905397
2023-07-28 14:51:14,209.618912,46.270139,0.14194229348529622
2023-07-28 15:35:54,209.649931,54.242209,0.13956663982145506
2023-07-28 16:09:01,209.672928,60.262319,0.14056965456698228
2023-07-28 16:25:19,209.684248,63.233725,0.1427669218033701
2023-07-28 16:38:32,209.693426,65.640092,0.14100418944651816
2023-07-28 18:06:46,209.754699,81.353113,0.14711393635414355
2023-07-29 05:20:31,210.222581,81.028558,0.12236650650345136
2023-07-29 05:24:35,210.225405,80.326946,0.12007959294928644
2023-07-29 05:29:40,210.228935,79.445315,0.11986910488904191
2023-07-29 05:35:41,210.233113,78.395755,0.12546177623073249
2023-07-29 05:43:04,210.238241,77.099697,0.13369625953250736
2023-07-29 05:56:42,210.247708,74.686166,0.13542461553986965
2023-07-29 06:01:36,210.251111,73.813073,0.13534788707353998
2023-07-29 06:07:00,210.254861,72.847852,0.1376465997025276
2023-07-29 06:13:07,210.259109,71.751019,0.1360938078050511
2023-07-29 06:28:11,210.269572,69.03603,0.1418106588576088
2023-07-29 06:37:31,210.276053,67.346454,0.1448261056318644
2023-07-29 06:48:35,210.283738,65.337433,0.1454587163874759
2023-07-29 07:01:46,210.292894,62.938958,0.14216943459947695
2023-07-29 07:18:03,210.304201,59.973946,0.1441140845925305
2023-07-29 07:51:12,210.327222,53.958922,0.15326149703106143
2023-07-29 07:59:50,210.333218,52.403884,0.15000699085863545
2023-07-29 08:13:05,210.342419,50.032443,0.1496943009614543
2023-07-29 08:28:05,210.352836,47.376753,0.14528447725277277
2023-07-29 08:43:07,210.363275,44.755793,0.14208118553765625
2023-07-29 08:51:12,210.368889,43.36745,0.14261565009220087
2023-07-29 10:43:06,210.446597,27.403311,0.19366783183801842
2023-07-29 10:58:04,210.456991,26.117561,0.1930028281047652
2023-07-29 11:13:06,210.467431,25.158746,0.1880363103063025
2023-07-29 11:28:07,210.477859,24.573998,0.1834772584978969
2023-07-29 11:43:08,210.488287,24.389643,0.1797801723261758
2023-07-29 11:58:08,210.498704,24.614452,0.17350383384207235
2023-07-29 12:13:09,210.509132,25.237745,0.1838795689987579
2023-07-29 12:28:09,210.519549,26.229125,0.20311924872005035
2023-07-29 12:43:11,210.529988,27.55147,0.18630122089705303
2023-07-29 12:58:09,210.540382,29.149071,0.18163252312272762
2023-07-29 13:13:09,210.550799,30.986274,0.187506946083024
2023-07-29 13:28:09,210.561215,33.018302,0.19046853434272593
2023-07-29 13:43:10,210.571644,35.211594,0.19938276154701837
2023-07-29 13:58:08,210.582037,37.525588,0.1702883037231643
2023-07-29 14:13:09,210.592465,39.950551,0.1565917693099008
2023-07-29 14:51:12,210.618889,46.42692,0.16589873645135841
2023-07-29 14:58:08,210.623704,47.644246,0.1459734118583675
2023-07-29 15:13:07,210.634109,50.302448,0.1270083336475015
2023-07-29 15:28:10,210.64456,53.002316,0.11633284072467713
2023-07-29 15:35:05,210.649363,54.250749,0.113339163934382
2023-07-29 16:24:25,210.683623,63.224317,0.11771242553990872
2023-07-29 16:37:40,210.692824,65.637412,0.11643077936700419
2023-07-29 16:51:19,210.702303,68.116906,0.11218711335475658
2023-07-29 16:58:04,210.706991,69.339393,0.11012198215121978
2023-07-29 17:06:04,210.712546,70.78428,0.1116055447188141
2023-07-29 17:56:42,210.747708,79.775375,0.11500874567365597
2023-07-29 18:01:37,210.751123,80.628206,0.11311503546129559
2023-07-29 18:05:56,210.75412,81.372895,0.11138819009023682
2023-07-30 05:17:37,211.220567,81.680963,0.10871158127990885
2023-07-30 05:21:20,211.223148,81.041763,0.11838047463379434
2023-07-30 05:25:30,211.226042,80.321665,0.1023591386135132
2023-07-30 05:30:43,211.229664,79.415308,0.1087488192564123
2023-07-30 05:36:34,211.233727,78.393134,0.11048575422581426
2023-07-30 06:07:48,211.255417,72.853121,0.1033755705284436
2023-07-30 07:18:50,211.304745,59.977136,0.12929556909214399
2023-07-30 09:43:06,211.404931,35.161749,0.17104755560334128
2023-07-30 09:58:06,211.415347,32.994213,0.15084613758343512
2023-07-30 10:13:05,211.425752,30.991485,0.14216987153242513
2023-07-30 10:28:06,211.436181,29.183579,0.15451295767777257
2023-07-30 10:43:06,211.446597,27.618444,0.14417955710344635
2023-07-30 10:58:05,211.457002,26.340254,0.12346904358399013
2023-07-30 11:13:06,211.467431,25.390186,0.12918255842316123
2023-07-30 11:28:06,211.477847,24.811164,0.12648144312820583
2023-07-30 11:43:10,211.48831,24.628874,0.13347000485893468
2023-07-30 11:58:08,211.498704,24.852951,0.13585273377162768
2023-07-30 12:13:11,211.509155,25.474447,0.13256080377641416
2023-07-30 12:28:10,211.51956,26.459439,0.12739098485132347
2023-07-30 12:43:10,211.529977,27.771504,0.11297731288020313
2023-07-30 16:23:43,211.683137,63.256722,0.06459149378244919
2023-07-30 16:47:52,211.699907,67.651816,0.06154708759017577
2023-07-30 17:18:24,211.721111,73.164966,0.1209567753037614
2023-07-31 05:37:26,212.234329,78.39476,0.053438089223604615
2023-07-31 05:44:47,212.239433,77.100826,0.051028116874574814
2023-07-31 05:54:00,212.245833,75.467584,0.07160562846945694
2023-07-31 06:08:39,212.256007,72.850848,0.05812474650899642
2023-07-31 06:14:47,212.260266,71.748977,0.059282763655190474
2023-07-31 06:29:50,212.270718,69.032856,0.06604814215666575
2023-07-31 06:39:09,212.277187,67.344402,0.0632274433235321
2023-07-31 06:50:09,212.284826,65.345936,0.0670561786756798
2023-07-31 07:03:27,212.294062,62.925366,0.06924678405844031
2023-07-31 07:19:39,212.305313,59.976054,0.06988891355580294
2023-07-31 08:13:02,212.342384,50.344932,0.07450483923955711
2023-07-31 08:43:06,212.363264,45.075229,0.06488621831986188
2023-07-31 08:51:12,212.368889,43.688567,0.06528394542691375
2023-07-31 08:58:04,212.373657,42.526971,0.06438427404870098
2023-07-31 09:13:03,212.384062,40.044198,0.0700087506392572
2023-07-31 09:28:02,212.394468,37.647181,0.06705516679841222
2023-07-31 09:43:03,212.404896,35.352038,0.06977109861153592
2023-07-31 09:58:04,212.415324,33.189877,0.06812136193255577
2023-07-31 10:28:03,212.436146,29.398723,0.0659528312938387
2023-07-31 10:43:04,212.446574,27.840757,0.06794315539257945
2023-07-31 10:58:05,212.457002,26.568485,0.07516016556132206
2023-07-31 11:13:05,212.467419,25.627017,0.07379177260068687
2023-07-31 11:28:04,212.477824,25.05355,0.07685116421481138
2023-07-31 11:43:07,212.488275,24.873048,0.08122536210905193
2023-07-31 11:58:07,212.498692,25.096295,0.07619037497147718
2023-07-31 12:13:07,212.509109,25.711313,0.0737004680053119
2023-07-31 12:28:07,212.519525,26.690361,0.07391337612367929
2023-07-31 16:22:47,212.682488,63.251937,0.06872401506843677
2023-07-31 16:35:58,212.691644,65.653925,0.06841402057762146
2023-07-31 16:46:59,212.699294,67.65746,0.06737436991901209
2023-07-31 16:56:19,212.705775,69.350528,0.07149414998043378
2023-07-31 17:11:18,212.716181,72.057024,0.07182586277395303
2023-07-31 17:22:57,212.724271,74.148599,0.07122957757826455
2023-07-31 18:04:07,212.752859,81.401147,0.07448011822350611
2023-07-31 18:07:56,212.755509,82.058428,0.07597745906246513
2023-08-01 09:13:00,213.384028,40.224192,0.1298325549825471
2023-08-01 09:58:02,213.415301,33.388738,0.09060106862389232
2023-08-01 11:28:03,213.477812,25.300234,0.05294098455866419
2023-08-01 11:43:02,213.488218,25.122157,0.054735047804351226
2023-08-01 16:05:39,213.67059,60.29983,0.050464579970316115
2023-08-01 16:21:52,213.681852,63.255505,0.04696166477750338
2023-08-01 16:35:05,213.69103,65.663971,0.047644936548228885
2023-08-01 16:46:06,213.698681,67.668262,0.046630117340706365
2023-08-01 17:16:31,213.719803,73.168556,0.04884430295611652
2023-08-01 17:47:48,213.741528,78.734528,0.0521402692652575
2023-08-01 18:03:03,213.752118,81.395035,0.0552638315328689
2023-08-01 18:06:40,213.75463,82.019152,0.058184469661901626
2023-08-02 05:23:58,214.224977,81.057444,0.05000501202290586
2023-08-02 05:28:16,214.227963,80.310427,0.05149922946024833
2023-08-02 05:33:15,214.231424,79.440342,0.050114001475267976
2023-08-02 05:39:14,214.235579,78.390058,0.051805484762190275
2023-08-02 05:46:37,214.240706,77.086479,0.04908414237337795
2023-08-02 05:55:46,214.24706,75.460819,0.0498949136386149
2023-08-02 06:10:23,214.257211,72.844359,0.05130376508137356
2023-08-02 06:16:31,214.26147,71.740485,0.055540999303601374
2023-08-02 06:23:27,214.266285,70.489146,0.05709756102892012
2023-08-02 06:31:41,214.272002,68.999266,0.05333124554288171
2023-08-02 06:40:51,214.278368,67.336255,0.06024788373868088
2023-08-02 06:51:50,214.285995,65.339485,0.05781658144421548
2023-08-02 07:21:19,214.30647,59.973146,0.055790798869918626
2023-08-02 08:57:58,214.373588,42.878751,0.07365967886867397
2023-08-02 09:12:58,214.384005,40.404017,0.07594305102730782
2023-08-02 09:27:57,214.39441,38.019638,0.08148654164002127
2023-08-02 09:43:00,214.404861,35.734072,0.08034672878845206
2023-08-02 09:57:59,214.415266,33.593068,0.07936022943386849
2023-08-02 10:12:58,214.425671,31.616552,0.07552800239128443
2023-08-02 10:27:59,214.4361,29.836266,0.07372266558481362
2023-08-02 10:43:00,214.446528,28.297152,0.07368760858168222
2023-08-02 10:57:59,214.456933,27.044901,0.07197701812977227
2023-08-02 11:12:59,214.46735,26.117359,0.07226839734255103
2023-08-02 11:27:59,214.477766,25.552816,0.07346409344109421
2023-08-02 11:43:01,214.488206,25.376268,0.07575294145742663
2023-08-02 11:58:02,214.498634,25.597222,0.07861534844697576
2023-08-02 12:13:01,214.509039,26.203236,0.07835291321194901
2023-08-02 12:28:01,214.519456,27.169209,0.08008697991811375
2023-08-02 12:42:59,214.52985,28.453858,0.09738906149817488
2023-08-02 12:57:59,214.540266,30.020191,0.09714072923989871
2023-08-02 13:13:01,214.550706,31.827012,0.10191792419633046
2023-08-02 13:27:58,214.561088,33.819526,0.10017862063826403
2023-08-02 13:42:59,214.571516,35.982395,0.09161294714424394
2023-08-02 14:58:05,214.623669,48.337007,0.09098319269036562
2023-08-02 15:31:24,214.646806,54.267044,0.09153849186293632
2023-08-02 16:04:45,214.669965,60.312165,0.09180425982332484
2023-08-02 16:20:57,214.681215,63.264364,0.09774343425145383
2023-08-02 16:34:12,214.690417,65.679218,0.10815973443234167
2023-08-02 16:54:29,214.704502,69.366974,0.13681400709712974
2023-08-02 17:02:30,214.710069,70.818982,0.1478421365399918
2023-08-02 17:10:43,214.715775,72.302908,0.15686895107694823
2023-08-02 17:17:02,214.720162,73.439979,0.16303163290978817
2023-08-02 17:21:01,214.722928,74.155143,0.17390005669041542
2023-08-02 17:30:20,214.729398,75.821432,0.17511777417029822
2023-08-02 17:39:43,214.735914,77.489242,0.1808509511545768
2023-08-02 17:52:54,214.745069,79.81122,0.1784920565951461
2023-08-03 10:27:56,215.436065,30.062316,0.1519406146201841
2023-08-03 10:57:58,215.456921,27.286823,0.14598115369993345
2023-08-03 11:57:56,215.498565,25.853734,0.16092016224671177
2023-08-03 12:43:00,215.529861,28.700208,0.12243627336520506
2023-08-03 13:12:56,215.550648,32.045614,0.10741711329258978
2023-08-03 13:27:57,215.561076,34.038678,0.12538181758133776
2023-08-03 14:12:55,215.592303,40.864554,0.08584931135060161
2023-08-03 16:53:30,215.703819,69.370667,0.08339939853873654
2023-08-03 17:01:32,215.709398,70.826646,0.08645885782566913
2023-08-03 17:09:47,215.715127,72.317757,0.08852863255518649
2023-08-03 17:15:36,215.719167,73.365885,0.09009367449137871
2023-08-03 17:20:03,215.722257,74.165728,0.08956506695941892
2023-08-03 17:29:18,215.728681,75.821958,0.0905531499542105
2023-08-04 06:33:24,216.273194,68.995338,0.05209418887555179
2023-08-04 06:42:33,216.279549,67.333861,0.054619072449160394
2023-08-04 06:53:33,216.287187,65.333012,0.05249276787247279
2023-08-04 07:06:45,216.296354,62.929977,0.05272687852484033
2023-08-04 07:56:20,216.330787,53.952279,0.05420110313352988
2023-08-04 08:12:51,216.342257,51.008375,0.05520580945818629
2023-08-04 08:27:51,216.352674,48.370735,0.05683154147683625
2023-08-04 08:42:52,216.363102,45.775217,0.05557600003974942
2023-08-04 08:50:52,216.368657,44.415054,0.06063210948892537
2023-08-04 09:12:52,216.383935,40.776631,0.06312138032885964
2023-08-04 09:27:53,216.394363,38.400379,0.06043941022616714
2023-08-04 09:42:53,216.40478,36.137637,0.05942593299287223
2023-08-04 10:13:07,216.425775,32.021865,0.06367201519489982
2023-08-04 10:42:52,216.446435,28.775106,0.07431817087519145
2023-08-04 10:57:55,216.456887,27.535202,0.07508934163302808
2023-08-04 11:12:53,216.46728,26.624964,0.07251176347068745
2023-08-04 11:27:53,216.477697,26.07077,0.07242458342741258
2023-08-04 11:42:54,216.488125,25.898757,0.07129372196522558
2023-08-04 11:57:55,216.498553,26.117541,0.07053740071386717
2023-08-04 12:12:54,216.508958,26.715569,0.069295334957074
2023-08-04 12:27:54,216.519375,27.668917,0.06710818592845168
2023-08-04 12:42:55,216.529803,28.942632,0.07332326905113407
2023-08-04 12:57:58,216.540255,30.498186,0.07054083997984499
2023-08-04 13:12:55,216.550637,32.278435,0.07487315028326445
2023-08-04 13:42:57,216.571493,36.41171,0.06827708763494411
2023-08-04 14:28:08,216.60287,43.582937,0.06566142872108933
2023-08-04 14:42:52,216.613102,46.082786,0.05816383705280066
2023-08-04 14:50:57,216.618715,47.478031,0.05955591976548869
2023-08-04 14:57:52,216.623519,48.68329,0.06192379246995705
2023-08-04 15:12:51,216.633924,51.324739,0.05943285688356684
2023-08-04 15:29:31,216.645498,54.301996,0.0567789585296187
2023-08-04 16:02:44,216.668565,60.313559,0.05664885486266157
2023-08-04 16:19:04,216.679907,63.288731,0.05811139892507557
2023-08-04 16:32:13,216.689039,65.685708,0.055169556016143255
2023-08-04 17:00:33,216.708715,70.836228,0.05576657324100736
2023-08-04 17:08:49,216.714456,72.331482,0.06097972271670846
2023-08-04 17:14:33,216.718437,73.365516,0.05439559310083326
2023-08-04 17:16:26,216.719745,73.704583,0.06070796617108059
2023-08-04 17:19:00,216.721528,74.166159,0.05805997589235076
2023-08-04 17:37:22,216.734282,77.449009,0.05468936019739749
2023-08-04 17:44:39,216.73934,78.739179,0.056955893317935484
2023-08-04 17:50:48,216.743611,79.822345,0.05851880314297991
2023-08-04 17:55:45,216.747049,80.689482,0.05987937332835245
2023-08-05 05:23:19,217.224525,81.654143,0.04097935685949875
2023-08-05 05:26:48,217.226944,81.04851,0.0405522989520144
2023-08-05 05:31:02,217.229884,80.309255,0.040795313535098826
2023-08-05 05:35:58,217.23331,79.443695,0.04080241150566773
2023-08-05 05:41:55,217.237442,78.394508,0.03941617569341702
2023-08-05 05:49:14,217.242523,77.097325,0.03947497228311486
2023-08-05 05:58:24,217.248889,75.46266,0.042707685385674134
2023-08-05 06:07:07,217.254942,73.899868,0.04236579649406211
2023-08-05 06:09:01,217.256262,73.558269,0.04236842006806849
2023-08-05 06:12:58,217.259005,72.847115,0.04210176024887263
2023-08-05 06:26:04,217.268102,70.480352,0.04355958662624966
2023-08-05 06:34:08,217.273704,69.018062,0.04514704095622722
2023-08-05 06:43:20,217.280093,67.34688,0.04404549915019502
2023-08-05 07:07:36,217.296944,62.930564,0.04479378693076926
2023-08-05 07:57:14,217.331412,53.950678,0.04430067717978662
2023-08-05 08:57:46,217.373449,43.43231,0.044994161154292125
2023-08-05 09:12:47,217.383877,40.972044,0.04408332785626643
2023-08-05 09:27:46,217.394282,38.607653,0.04286938732865232
2023-08-05 09:42:49,217.404734,36.344944,0.039360687643795106
2023-08-05 09:57:46,217.415116,34.233818,0.041772316413023404
2023-08-05 10:12:46,217.425532,32.282286,0.04240818684832533
2023-08-05 10:27:46,217.435949,30.532327,0.0455633938751533
2023-08-05 10:42:46,217.446366,29.022747,0.042531885445980376
2023-08-05 10:57:45,217.456771,27.79589,0.04361958868827081
2023-08-05 11:12:45,217.467187,26.889153,0.03952810857923773
2023-08-05 11:27:45,217.477604,26.338431,0.03850775953234574
2023-08-05 11:42:46,217.488032,26.166917,0.036771371285685805
2023-08-05 11:57:47,217.498461,26.383066,0.03953449207174291
2023-08-05 12:12:48,217.508889,26.977346,0.03958619536982913
2023-08-05 12:27:46,217.519282,27.921292,0.0387042035884777
2023-08-05 12:42:49,217.529734,29.189043,0.04031344514060252
2023-08-05 12:57:48,217.540139,30.728016,0.03879061173014488
2023-08-05 16:01:46,217.667894,60.329872,0.053438119850838225
2023-08-05 16:18:01,217.679178,63.288988,0.05485257995301536
2023-08-05 16:31:13,217.688345,65.695098,0.05686975413167801
2023-08-05 16:42:13,217.695984,67.698741,0.05956263345770776
2023-08-05 17:06:29,217.712836,72.102995,0.06273699997522925
2023-08-05 17:12:36,217.717083,73.20764,0.06744614067883087
2023-08-05 17:18:04,217.72088,74.19233,0.0700928953108561
2023-08-05 17:22:50,217.72419,75.04871,0.07162489700978693
2023-08-05 17:49:39,217.742813,79.817163,0.06846200560898683
2023-08-05 17:54:44,217.746343,80.709104,0.05840214944025539
2023-08-05 17:58:51,217.749201,81.427891,0.05262419538089773
2023-08-05 18:02:26,217.75169,82.050711,0.05300657136278593
2023-08-06 05:32:01,218.230567,80.300152,0.030198921530854832
2023-08-06 05:36:55,218.23397,79.439036,0.03007748771926609
2023-08-06 05:42:58,218.238171,78.370554,0.028747400444367136
2023-08-06 05:50:11,218.243183,77.089272,0.02883582580848177
2023-08-06 05:59:19,218.249525,75.458556,0.029604896063164847
2023-08-06 06:08:14,218.255718,73.858146,0.02941787887691961
2023-08-06 06:10:02,218.256968,73.534195,0.0287454246731278
2023-08-06 06:13:53,218.259641,72.840407,0.029259507514790017
2023-08-06 06:20:00,218.263889,71.735869,0.030122642871682065
2023-08-06 06:26:56,218.268704,70.480958,0.031253203966916984
2023-08-06 06:34:59,218.274294,69.020928,0.03147821543274274
2023-08-06 06:40:32,218.278148,68.012737,0.03247570904777152
2023-08-06 06:44:14,218.280718,67.340056,0.03181768377874354
2023-08-06 06:55:15,218.288368,65.335453,0.03154394887929793
2023-08-06 07:08:29,218.297558,62.926653,0.03294762027612156
2023-08-06 07:24:44,218.308843,59.973147,0.03408418913208154
2023-08-06 07:58:07,218.332025,53.954225,0.05157484086076547
2023-08-06 08:57:41,218.373391,43.624195,0.08451963942924359
2023-08-06 09:12:41,218.383808,41.172577,0.08488821272889226
2023-08-06 09:27:40,218.394213,38.814956,0.0852091731868691
2023-08-06 09:42:41,218.404641,36.564791,0.08406152768816094
2023-08-06 09:57:40,218.415046,34.457263,0.0780939869494273
2023-08-06 10:12:41,218.425475,32.512793,0.07514335384011706
2023-08-06 10:27:41,218.435891,30.772516,0.07135674100906242
2023-08-06 10:42:42,218.446319,29.270989,0.07404934328380107
2023-08-06 10:57:40,218.456713,28.054448,0.06793783323752632
2023-08-06 11:12:41,218.467141,27.154168,0.06783720720268194
2023-08-06 11:27:42,218.477569,26.608402,0.06910008648594111
2023-08-06 11:42:44,218.488009,26.43981,0.07771866535832837
2023-08-06 12:13:04,218.509074,27.263126,0.06874224519025315
2023-08-06 12:27:43,218.519248,28.185138,0.06756317772662632
2023-08-06 12:42:44,218.529676,29.442491,0.06527135840541465
2023-08-06 12:57:42,218.540069,30.970897,0.059531377554551505
2023-08-06 13:12:41,218.550475,32.736021,0.06232495831110482
2023-08-06 13:27:41,218.560891,34.700797,0.07388887655259371
2023-08-06 13:42:41,218.571308,36.829556,0.07736223020932902
2023-08-06 14:42:43,218.612998,46.470444,0.1027266158344118
2023-08-06 14:50:47,218.6186,47.858443,0.10030590731300193
2023-08-06 15:27:40,218.644213,54.365563,0.09796961058614044
2023-08-06 16:00:47,218.667211,60.348467,0.1293549689531894
2023-08-06 16:16:57,218.678438,63.291382,0.12304322969581125
2023-08-06 16:30:10,218.687616,65.700435,0.12614379834606163
2023-08-06 16:41:09,218.695243,67.701452,0.11401932931745666
2023-08-06 16:58:30,218.707292,70.85492,0.11431799274796525
2023-08-06 17:12:35,218.717072,73.40314,0.0980243554176423
2023-08-06 17:14:24,218.718333,73.730791,0.09778950981106395
2023-08-06 17:16:56,218.720093,74.187237,0.09443173258340243
2023-08-06 17:26:10,218.726505,75.845837,0.08741552796626263
2023-08-06 17:35:25,218.732928,77.498309,0.08850906701694845
2023-08-06 17:42:31,218.737859,78.759385,0.0940768093286978
2023-08-06 17:53:31,218.745498,80.698151,0.09651608072341189
2023-08-07 05:32:56,219.231204,80.303647,0.06651068748838651
2023-08-07 05:38:02,219.234745,79.405901,0.07015732352767033
2023-08-07 05:43:50,219.238773,78.380009,0.06805716459260117
2023-08-07 05:51:07,219.243831,77.085178,0.06043909502554363
2023-08-07 06:04:34,219.253171,74.677852,0.05917095913834966
2023-08-07 06:09:24,219.256528,73.808444,0.05766739271660622
2023-08-07 06:27:51,219.26934,70.473724,0.06019598721494823
2023-08-07 06:35:56,219.274954,69.006913,0.06640348699670633
2023-08-07 06:41:31,219.278831,67.992289,0.06849045274821737
2023-08-07 07:59:02,219.332662,53.953995,0.05029551073938958
2023-08-07 08:12:37,219.342095,51.542897,0.05261026460691294
2023-08-07 08:27:38,219.352523,48.91271,0.05268885234056602
2023-08-07 08:42:38,219.36294,46.33283,0.04660687381058113
2023-08-07 08:50:36,219.368472,44.986087,0.04766658701665923
2023-08-07 08:57:36,219.373333,43.818343,0.049482457426594066
2023-08-07 09:12:36,219.38375,41.372856,0.047819490786918266
2023-08-07 09:27:37,219.394178,39.017183,0.05013959823018039
2023-08-07 09:42:38,219.404606,36.7753,0.05392437375409882
2023-08-07 09:57:36,219.415,34.679193,0.053730098422887604
2023-08-07 10:27:36,219.435833,31.016114,0.06316384974884068
2023-08-07 10:42:38,219.446273,29.522867,0.05627869513662258
2023-08-07 10:57:37,219.456678,28.314478,0.057128518967159
2023-08-07 11:27:37,219.477512,26.883439,0.055957252386910926
2023-08-07 11:42:39,219.487951,26.717121,0.05375458420651118
2023-08-07 11:57:39,219.498368,26.932152,0.05191688416992157
2023-08-07 12:12:40,219.508796,27.519462,0.05080862888499467
2023-08-07 12:27:39,219.519201,28.452929,0.05508452508896417
2023-08-07 12:42:40,219.52963,29.702859,0.05109202713058851
2023-08-07 12:57:39,219.540035,31.22479,0.05021390074103159
2023-08-07 15:12:37,219.633762,51.891769,0.039706704506930056
2023-08-07 15:59:39,219.666424,60.345093,0.04143435122380063
2023-08-08 05:26:04,220.226435,81.671415,0.05286018985188206
2023-08-08 05:29:38,220.228912,81.048069,0.03848760033775674
2023-08-08 05:33:57,220.23191,80.290439,0.03832941178509251
2023-08-08 05:38:49,220.235289,79.432465,0.038307491023052566
2023-08-08 05:44:45,220.23941,78.381545,0.036701037541596225
2023-08-08 05:52:03,220.244479,77.082046,0.03487835689706101
2023-08-08 06:01:09,220.250799,75.453461,0.03606481720150731
2023-08-08 06:11:47,220.258183,73.540345,0.03646325977023009
2023-08-08 06:15:47,220.260961,72.81831,0.03818618394382503
2023-08-08 06:21:51,220.265174,71.721141,0.03914966411285064
2023-08-08 06:28:44,220.269954,70.473729,0.04186116735254768
2023-08-08 06:36:57,220.27566,68.982033,0.04341059241051776
2023-08-08 06:42:28,220.279491,67.979195,0.04479908358294635
2023-08-08 06:46:02,220.281968,67.33043,0.04564869555638387
2023-08-08 06:57:00,220.289583,65.334551,0.04723641224084907
2023-08-08 07:10:13,220.298762,62.929574,0.04593510403155569
2023-08-08 08:00:00,220.333333,53.947064,0.041752449127603196
2023-08-08 08:12:31,220.342025,51.728685,0.04431113966362301
2023-08-08 08:27:30,220.352431,49.107916,0.04216332541092955
2023-08-08 08:42:32,220.36287,46.526694,0.04421960131258438
2023-08-08 08:50:34,220.368449,45.171487,0.044988726693028516
2023-08-08 08:57:30,220.373264,44.017495,0.04761134428907257
2023-08-08 09:12:30,220.383681,41.578212,0.045348601538550574
2023-08-08 09:27:31,220.394109,39.229679,0.04735215371998522
2023-08-08 09:42:32,220.404537,36.995848,0.04556797731887377
2023-08-08 09:57:31,220.414942,34.906355,0.04744324628411154
2023-08-08 10:12:31,220.425359,32.983383,0.04824844945054053
2023-08-08 10:27:32,220.435787,31.261298,0.04870152881714639
2023-08-08 10:42:32,220.446204,29.781329,0.05103159757251433
2023-08-08 10:57:32,220.45662,28.580643,0.05288677948386107
2023-08-08 11:12:32,220.467037,27.697073,0.05583647149608313
2023-08-08 11:27:32,220.477454,27.162659,0.05184484470968042
2023-08-08 11:42:34,220.487894,26.998846,0.0566226805306588
2023-08-08 11:57:33,220.498299,27.212817,0.05418387832295189
2023-08-08 12:12:34,220.508727,27.796189,0.057642428072057376
2023-08-08 12:27:34,220.519144,28.724593,0.061378335240300855
2023-08-08 12:42:36,220.529583,29.968487,0.07179576498828538
2023-08-08 13:12:32,220.55037,33.226391,0.07180486676916023
2023-08-08 16:39:04,220.693796,67.730726,0.07465560667286968
2023-08-08 17:03:15,220.71059,72.126418,0.06851767346168572
2023-08-08 17:46:14,220.74044,79.833983,0.051678840218528935
2023-08-08 17:51:20,220.743981,80.733126,0.053631213211488254
2023-08-08 17:55:24,220.746806,81.446765,0.05199527758890648
2023-08-09 05:27:02,221.227106,81.670124,0.058557965304900234
2023-08-09 05:30:37,221.229595,81.042782,0.07106191890806489
2023-08-09 10:12:24,221.425278,33.22745,0.0683409591400129
2023-08-09 10:27:23,221.435683,31.518712,0.06945429029835569
2023-08-09 10:42:25,221.446123,30.044781,0.07228841306475967
2023-08-09 10:57:26,221.456551,28.851676,0.07466513908520657
2023-08-09 11:12:23,221.466933,27.977965,0.07558160000934558
2023-08-09 11:27:23,221.47735,27.447537,0.07605599772391991
2023-08-09 11:42:26,221.487801,27.284812,0.07989242544969638
2023-08-09 11:57:22,221.498171,27.495839,0.08031825230941751
2023-08-09 12:12:25,221.508623,28.075202,0.0795828130742472
2023-08-09 12:27:24,221.519028,28.995244,0.07720255287231087
2023-08-09 12:42:24,221.529444,30.227049,0.06762975473149933
2023-08-09 12:57:22,221.539838,31.728682,0.06350062305749839
2023-08-09 13:12:23,221.550266,33.470491,0.06451243574406965
2023-08-09 13:27:22,221.560671,35.406776,0.06390287006368228
2023-08-09 13:42:24,221.571111,37.515636,0.06274221900759015
2023-08-09 14:42:23,221.612766,47.074167,0.06436122840354074
2023-08-09 14:50:26,221.618356,48.452305,0.06398824782805293
2023-08-09 14:57:24,221.623194,49.657374,0.0628226528832115
2023-08-09 15:12:22,221.633588,52.279528,0.06132895929424503
2023-08-09 15:23:53,221.641586,54.322926,0.06360313171724209
2023-08-09 15:57:26,221.664884,60.363206,0.06223198085242407
2023-08-09 16:13:43,221.676192,63.323177,0.06434959984705133
2023-08-09 16:26:57,221.685382,65.734262,0.0663706627524056
2023-08-09 16:37:55,221.692998,67.732914,0.06854880714711466
2023-08-09 16:47:13,221.699456,69.426389,0.06782344395819215
2023-08-09 17:39:18,221.735625,78.820217,0.07973095749367781
2023-08-09 17:45:09,221.739688,79.858089,0.07936292845777353
2023-08-09 17:50:09,221.74316,80.740922,0.08003134030909771
2023-08-09 17:57:56,221.748565,82.106178,0.0792094606628988
2023-08-10 05:31:39,222.230312,81.029463,0.1377174382722986
2023-08-10 06:03:00,222.252083,75.449324,0.2110127205062168
2023-08-10 06:13:01,222.259039,73.644089,0.18999287323982392
2023-08-10 06:14:50,222.260301,73.315865,0.19093719027009343
2023-08-10 06:17:43,222.262303,72.794471,0.19884671672854762
2023-08-10 06:23:37,222.2664,71.726007,0.21919355201457158
2023-08-10 06:30:34,222.271227,70.465161,0.21848453579160343
2023-08-10 06:45:06,222.281319,67.82343,0.23109981762283277
2023-08-10 06:58:48,222.290833,65.330232,0.22406857582722475
2023-08-10 07:12:04,222.300046,62.917503,0.23319947029626736
2023-08-10 07:28:21,222.311354,59.964662,0.23300039112056944
2023-08-10 08:01:55,222.334664,53.942944,0.246819772944265
2023-08-10 08:12:14,222.341829,52.12034,0.2532808902308056
2023-08-10 08:27:17,222.35228,49.495427,0.25518278131383504
2023-08-10 08:42:17,222.362697,46.92909,0.23438421393477493
2023-08-10 08:50:26,222.368356,45.56,0.23147003805499325
2023-08-10 08:57:14,222.373079,44.433427,0.22045172844585223
2023-08-10 09:12:15,222.383507,42.004011,0.22714108819088855
2023-08-10 09:27:16,222.393935,39.669927,0.23652078877884325
2023-08-10 09:42:16,222.404352,37.454707,0.2531704296055686
2023-08-10 09:57:15,222.414757,35.382807,0.2589947921706992
2023-08-10 10:27:15,222.43559,31.777574,0.24211232921550901
2023-08-10 10:42:16,222.446019,30.314623,0.2351602066175877
2023-08-10 10:57:17,222.456447,29.129789,0.2289958934594101
2023-08-10 11:12:16,222.466852,28.261083,0.2363088254988025
2023-08-10 11:27:17,222.47728,27.735268,0.24770622083040306
2023-08-10 11:42:20,222.487731,27.575079,0.2504194429013118
2023-08-10 11:57:16,222.498102,27.785556,0.2640708470695042
2023-08-10 13:27:16,222.560602,35.653759,0.36481018670946813
2023-08-10 13:42:16,222.571019,37.74962,0.40353619440599964
2023-08-10 13:57:15,222.581424,39.980657,0.3794537148803727
2023-08-10 14:27:15,222.602257,44.767162,0.4290463948444425
2023-08-10 14:57:17,222.623113,49.864017,0.44723391146847435
2023-08-10 15:12:18,222.633542,52.491469,0.40219486304256197
2023-08-10 15:22:41,222.640752,54.330991,0.3654049706691028
2023-08-10 15:56:18,222.664097,60.37554,0.315050910425156
2023-08-10 16:12:32,222.67537,63.324659,0.30840614882386086
2023-08-10 16:25:47,222.684572,65.738172,0.3184384357801546
2023-08-10 16:36:47,222.692211,67.742932,0.3272056664403122
2023-08-10 17:21:32,222.723287,75.859897,0.28361571336725805
2023-08-10 17:32:43,222.731053,77.865934,0.276764534083729
2023-08-10 17:38:09,222.734826,78.835357,0.2762306322981707
2023-08-10 17:43:54,222.738819,79.856928,0.27591107784456775
2023-08-10 17:48:53,222.74228,80.738197,0.27053662798695743
2023-08-10 17:52:57,222.745104,81.454189,0.26799794482224376
2023-08-11 05:32:42,223.231042,81.0139,0.08593223855978072
2023-08-11 05:36:56,223.233981,80.267213,0.08283989326452808
2023-08-11 05:41:48,223.237361,79.405265,0.08142285134331922
2023-08-11 05:47:39,223.241424,78.364684,0.08359464973863122
2023-08-11 05:54:52,223.246435,77.075126,0.0863379424249932
2023-08-11 06:31:26,223.271829,70.471684,0.08455085345350924
2023-08-11 06:39:49,223.27765,68.948061,0.08038165632739835
2023-08-11 06:45:22,223.281505,67.938482,0.07737931523488925
2023-08-11 06:59:44,223.291481,65.324127,0.09345246230518883
2023-08-11 07:29:16,223.311991,59.964662,0.07994911716342973
2023-08-11 08:12:06,223.341736,52.317361,0.07795532331043649
2023-08-11 08:42:07,223.362581,47.140377,0.07944754212052124
2023-08-11 08:50:11,223.368183,45.788002,0.08079587167696145
2023-08-11 08:57:08,223.373009,44.639186,0.08352643584149577
2023-08-11 09:12:09,223.383438,42.216463,0.087438573547249
2023-08-11 09:27:07,223.393831,39.897596,0.08922461790719108
2023-08-11 09:42:08,223.404259,37.688147,0.09493252792411233
2023-08-11 09:50:08,223.409815,36.567396,0.09560014956740956
2023-08-11 10:00:53,223.41728,35.132301,0.09613824566309631
2023-08-11 10:12:07,223.425081,33.730763,0.09861683031519099
2023-08-11 10:27:08,223.435509,32.03788,0.10386289778840913
2023-08-11 10:42:11,223.445961,30.581954,0.09635138840961746
2023-08-11 10:57:07,223.456331,29.412571,0.09283480716508775
2023-08-11 11:12:09,223.466771,28.547948,0.09446544039307328
2023-08-11 11:27:08,223.477176,28.028089,0.09227615518867308
2023-08-11 11:42:10,223.487616,27.869387,0.09607211730501934
2023-08-11 11:57:11,223.498044,28.080094,0.09137422976597535
2023-08-11 12:12:10,223.508449,28.649836,0.09292379890283772
2023-08-11 12:27:10,223.518866,29.558526,0.09272666857984743
2023-08-11 12:42:11,223.529294,30.776331,0.0891406258114358
2023-08-11 12:57:09,223.539688,32.260906,0.0883505018388816
2023-08-11 13:12:10,223.550116,33.984949,0.09114830738238389
2023-08-11 13:27:10,223.560532,35.906047,0.09028909102063205
2023-08-11 13:42:11,223.570961,37.996171,0.0900437870789851
2023-08-11 13:57:09,223.581354,40.217334,0.09496953458235359
2023-08-11 14:12:10,223.591782,42.560128,0.10125725941851282
2023-08-11 14:57:09,223.623021,50.072928,0.10334747018400525
2023-08-11 15:12:11,223.633461,52.699676,0.1102191746923143
2023-08-11 17:29:46,223.729005,77.561785,0.10746790679397646
2023-08-11 17:36:53,223.733947,78.833922,0.10802180693619562
2023-08-11 17:42:39,223.737951,79.859896,0.10818384168818809
2023-08-11 17:47:36,223.741389,80.736603,0.10795905703840893
2023-08-11 17:51:56,223.744398,81.500681,0.10888892495454856
2023-08-11 17:55:25,223.746817,82.112301,0.11042554864452651
2023-08-12 05:30:05,224.229225,81.64424,0.08416209457892868
2023-08-12 05:33:31,224.231609,81.040121,0.08437166687931247
2023-08-12 05:37:42,224.234514,80.30124,0.0831087381531401
2023-08-12 05:42:37,224.237928,79.429305,0.08425110539095908
2023-08-12 05:48:34,224.24206,78.369601,0.08590059219187368
2023-08-12 05:55:52,224.24713,77.063589,0.085575808950117
2023-08-12 06:04:59,224.253461,75.424912,0.08509840592185756
2023-08-12 06:13:52,224.25963,73.821498,0.08807993247138474
2023-08-12 06:15:43,224.260914,73.486883,0.08832269099329074
2023-08-12 06:19:25,224.263484,72.817028,0.08949202930777769
2023-08-12 06:25:26,224.267662,71.726187,0.09396073101865265
2023-08-12 06:40:19,224.277998,69.022021,0.09610176615549251
2023-08-12 07:00:37,224.292095,65.328533,0.09425824773671532
2023-08-12 07:13:51,224.301285,62.923784,0.09210321349506836
2023-08-12 08:03:51,224.336007,53.945059,0.10281201524776576
2023-08-12 08:12:25,224.341956,52.437251,0.10316950600665968
2023-08-12 08:27:00,224.352083,49.902054,0.1068956424733701
2023-08-12 08:42:01,224.362512,47.342425,0.10731012237578574
2023-08-12 08:50:03,224.36809,45.998637,0.11252078478076664
2023-08-12 08:57:01,224.372928,44.849862,0.11015532830620733
2023-08-12 09:12:01,224.383345,42.436525,0.10246703938583951
2023-08-12 09:27:00,224.39375,40.122701,0.1035047861661539
2023-08-12 09:42:02,224.40419,37.919497,0.10566446200639718
2023-08-12 09:57:01,224.414595,35.866242,0.10838149976133571
2023-08-12 10:12:00,224.425,33.983923,0.10753456317135751
2023-08-12 10:27:00,224.435417,32.303108,0.10677574236190736
2023-08-12 10:42:01,224.445845,30.859946,0.1070201982755325
2023-08-12 10:57:00,224.45625,29.695421,0.10786443347478024
2023-08-12 11:12:01,224.466678,28.839262,0.10451824321411113
2023-08-12 11:27:02,224.477106,28.323635,0.10646863200369121
2023-08-12 11:42:03,224.487535,28.167855,0.10624216138124724
2023-08-12 11:57:02,224.49794,28.377181,0.1076238842041689
2023-08-12 12:12:02,224.508356,28.943584,0.10988344919772997
2023-08-12 12:27:03,224.518785,29.847322,0.10831240276105829
2023-08-12 12:42:04,224.529213,31.057642,0.10519880927522639
2023-08-12 12:57:03,224.539618,32.535546,0.13201543232009516
2023-08-12 13:27:02,224.56044,36.159102,0.10447531922135368
2023-08-12 13:42:03,224.570868,38.240767,0.13246377091115466
2023-08-12 15:53:50,224.662384,60.379447,0.09565495687796796
2023-08-12 16:10:10,224.673727,63.342549,0.09468430250128886
2023-08-12 16:23:24,224.682917,65.751391,0.0976580326397096
2023-08-12 16:34:30,224.690625,67.774117,0.10087032240032107
2023-08-12 16:43:49,224.697095,69.471526,0.10034877998166232
2023-08-12 17:19:09,224.721632,75.881251,0.10198370754245067
2023-08-12 17:35:27,224.732951,78.806843,0.10066600577522852
2023-08-12 17:41:26,224.737106,79.872862,0.09854137387887636
2023-08-12 17:46:22,224.740532,80.747868,0.097147152714348
2023-08-12 17:50:32,224.743426,81.483742,0.09600150254964329
2023-08-12 17:54:16,224.746019,82.140333,0.09463726611751533
2023-08-13 05:31:01,225.229873,81.651548,0.09453919639129814
2023-08-13 05:34:46,225.232477,80.990583,0.09410023142627467
2023-08-13 05:38:43,225.23522,80.291754,0.09543781335618043
2023-08-13 05:43:41,225.238669,79.409655,0.09488754588893951
2023-08-13 05:49:32,225.242731,78.366369,0.09682377696146816
2023-08-13 05:56:50,225.247801,77.058839,0.0946714876682271
2023-08-13 06:05:51,225.254063,75.436568,0.09093936199060122
2023-08-13 06:14:58,225.260394,73.789708,0.09243319039651973
2023-08-13 06:16:48,225.261667,73.457865,0.09257292276936574
2023-08-13 06:20:19,225.264109,72.820793,0.09187995651382816
2023-08-13 06:26:23,225.268322,71.720319,0.0927983948442533
2023-08-13 06:33:19,225.273137,70.460885,0.08947478348721255
2023-08-13 06:41:29,225.278808,68.975937,0.08742305585354286
2023-08-13 06:47:09,225.282743,67.944961,0.08638552165420807
2023-08-13 06:50:34,225.285116,67.323262,0.08718728518212243
2023-08-13 07:14:47,225.301933,62.921716,0.09125899455637176
2023-08-13 07:31:07,225.313275,59.966994,0.0923190610150266
2023-08-13 08:11:49,225.341539,52.719587,0.08884460798990942
2023-08-13 08:26:50,225.351968,50.112471,0.08761551373168218
2023-08-13 08:41:50,225.362384,47.560511,0.0854378527836139
2023-08-13 08:49:54,225.367986,46.214114,0.08497725833961085
2023-08-13 08:56:52,225.372824,45.068145,0.08423134715914433
2023-08-13 09:11:52,225.383241,42.661512,0.08193718310710606
2023-08-13 09:26:51,225.393646,40.355294,0.08483961938707453
2023-08-13 09:41:53,225.404086,38.160591,0.08989925512507063
2023-08-13 09:56:51,225.414479,36.118747,0.09121978411519553
2023-08-13 10:11:51,225.424896,34.244016,0.08912659163815871
2023-08-13 10:26:51,225.435313,32.573186,0.09116339024286262
2023-08-13 10:41:52,225.445741,31.139731,0.08627576066719389
2023-08-13 10:56:51,225.456146,29.983966,0.08527676340475591
2023-08-13 11:11:51,225.466563,29.135695,0.0818575146294448
2023-08-13 11:26:51,225.476979,28.624838,0.08098211722987625
2023-08-13 11:41:51,225.487396,28.47016,0.07825949451292527
2023-08-13 11:56:53,225.497836,28.678481,0.07831851427969092
2023-08-13 12:11:51,225.508229,29.239321,0.07902821940102414
2023-08-13 12:26:54,225.518681,30.13841,0.07948682001433639
2023-08-13 12:56:53,225.539502,32.808053,0.08389271977913876
2023-08-13 13:11:53,225.549919,34.512008,0.08351449445217281
2023-08-13 13:26:51,225.560313,36.410677,0.08346672230042568
2023-08-13 13:57:12,225.581389,40.744213,0.08703734912952774
2023-08-13 14:41:54,225.612431,47.946104,0.09131948384088616
2023-08-13 14:50:03,225.61809,49.331519,0.08923457873584392
2023-08-13 15:18:56,225.638148,54.36212,0.09070296816295624
2023-08-13 15:52:35,225.661516,60.386062,0.09649498452597177
2023-08-13 16:09:03,225.672951,63.370978,0.10148994374921089
2023-08-13 16:22:12,225.682083,65.763643,0.10917774990412768
2023-08-13 16:33:10,225.689699,67.761773,0.1153947252287776
2023-08-13 16:42:29,225.696169,69.459325,0.12251038495209662
2023-08-13 17:45:12,225.739722,80.774925,0.12407494679652754
2023-08-13 17:49:18,225.742569,81.500067,0.13176796336945817
2023-08-13 17:53:00,225.745139,82.15181,0.1319142871721336
2023-08-14 05:31:55,226.230498,81.665367,0.10732438055599756
2023-08-14 05:35:29,226.232975,81.035846,0.10884681233812045
2023-08-14 05:39:39,226.235868,80.297703,0.1092478759738531
2023-08-14 05:44:36,226.239306,79.417388,0.11329798291481563
2023-08-14 05:50:33,226.243437,78.354935,0.11836199961413807
2023-08-14 05:57:45,226.248437,77.063872,0.1198849325301589
2023-08-14 06:06:48,226.254722,75.434086,0.11683352592456786
2023-08-14 06:17:42,226.262292,73.462996,0.11131395646890048
2023-08-14 06:27:19,226.26897,71.71853,0.11315346249624653
2023-08-14 06:34:12,226.27375,70.467772,0.113284388612046
2023-08-14 06:42:19,226.279387,68.991685,0.11476849652359941
2023-08-14 06:48:14,226.283495,67.915219,0.11697268785709188
2023-08-14 06:51:31,226.285775,67.317842,0.11798080431933183
2023-08-14 07:32:07,226.31397,59.957353,0.11225083589371398
2023-08-14 08:26:39,226.35184,50.32759,0.11517285533310863
2023-08-14 08:41:40,226.362269,47.777759,0.11686874960711421
2023-08-14 08:49:42,226.367847,46.439912,0.12135245275044643
2023-08-14 08:56:41,226.372697,45.29398,0.12055316564713785
2023-08-14 09:11:41,226.383113,42.894004,0.1229187539370972
2023-08-14 09:26:41,226.39353,40.592811,0.12099345090908574
2023-08-14 09:41:43,226.40397,38.406622,0.12074827279169169
2023-08-14 09:56:41,226.414363,36.373981,0.120112536586429
2023-08-14 10:11:40,226.424769,34.510945,0.12162229429025678
2023-08-14 10:26:40,226.435185,32.849764,0.11926487337911851
2023-08-14 10:41:41,226.445613,31.425596,0.11644030176863486
2023-08-14 10:56:42,226.456042,30.275872,0.11134445000058853
2023-08-14 11:11:40,226.466435,29.436391,0.11002130049477894
2023-08-14 11:26:40,226.476852,28.929728,0.1108022429280692
2023-08-14 11:41:44,226.487315,28.776515,0.10982213670014943
2023-08-14 11:56:43,226.49772,28.983474,0.1135976823688032
2023-08-14 12:11:43,226.508137,29.541855,0.11080228708077139
2023-08-14 12:26:44,226.518565,30.432899,0.10419106546484502
2023-08-14 12:41:44,226.528981,31.625732,0.10210823270006451
2023-08-14 12:56:43,226.539387,33.085486,0.10122461134350604
2023-08-14 13:11:43,226.549803,34.780094,0.10588688710972068
2023-08-14 13:26:41,226.560197,36.669578,0.108886343351897
2023-08-14 13:41:41,226.570613,38.731186,0.11351813425042867
2023-08-14 13:56:41,226.58103,40.933296,0.10892698039867471
2023-08-14 14:26:42,226.601875,45.669616,0.1081284379343803
2023-08-14 14:41:42,226.612292,48.163412,0.09948404572216538
2023-08-14 14:49:50,226.61794,49.543251,0.09423773421448779
2023-08-14 14:56:41,226.622697,50.718435,0.09048482666220257
2023-08-14 15:11:42,226.633125,53.330764,0.09184614644245008
2023-08-14 15:17:34,226.637199,54.362994,0.09218202823803195
2023-08-14 16:07:59,226.672211,63.413318,0.08828744814741897
2023-08-14 16:20:58,226.681227,65.774531,0.09064951985734537
2023-08-14 16:31:54,226.688819,67.76617,0.09212734893169765
2023-08-14 17:38:50,226.735301,79.881118,0.10054980235931678
2023-08-14 17:43:46,226.738727,80.758604,0.09950777532076338
2023-08-14 17:48:09,226.741771,81.534997,0.09956749498819106
2023-08-14 17:51:31,226.744109,82.128959,0.10117134664257585
2023-08-15 05:33:06,227.231319,81.629818,0.08186731901085358
2023-08-15 05:36:32,227.233704,81.022827,0.07929656718870609
2023-08-15 05:40:39,227.236562,80.292465,0.07923260224019646
2023-08-15 05:45:35,227.239988,79.413932,0.08172010545080163
2023-08-15 05:51:31,227.244109,78.353162,0.08325035817249603
2023-08-15 05:58:40,227.249074,77.069704,0.09384774747096965
2023-08-15 06:12:02,227.258356,74.658242,0.09466909887729867
2023-08-15 06:22:12,227.265417,72.816219,0.09990623711771933
2023-08-15 06:28:21,227.269688,71.699625,0.10207729917248505
2023-08-15 06:35:10,227.274421,70.460629,0.0974317258028032
2023-08-15 06:43:22,227.280116,68.969221,0.09644619201832332
2023-08-15 06:49:13,227.284178,67.904941,0.09411838088264637
2023-08-15 07:03:26,227.294051,65.319962,0.09228261954327271
2023-08-15 08:11:32,227.341343,53.128742,0.0936847142914582
2023-08-15 08:26:31,227.351748,50.535958,0.09776666957142094
2023-08-15 08:41:32,227.362176,47.991386,0.0992579901666582
2023-08-15 08:49:34,227.367755,46.656724,0.10119051700823718
2023-08-15 08:56:32,227.372593,45.516485,0.10214240355022895
2023-08-15 09:11:33,227.383021,43.120903,0.09612478521810934
2023-08-15 09:26:32,227.393426,40.830238,0.0953999106578894
2023-08-15 09:41:33,227.403854,38.655203,0.09411738538100103
2023-08-15 09:49:35,227.409433,37.549582,0.09115387575364545
2023-08-15 09:59:38,227.416412,36.231246,0.09101284865733181
2023-08-15 10:11:34,227.424699,34.770937,0.0948986609678472
2023-08-15 10:26:31,227.435081,33.125901,0.09111663821897166
2023-08-15 10:41:33,227.445521,31.710309,0.08723024367197262
2023-08-15 10:56:32,227.455926,30.572185,0.08484458260274054
2023-08-15 11:11:33,227.466354,29.73753,0.08734112674570373
2023-08-15 11:26:33,227.476771,29.236766,0.09212438196813227
2023-08-15 11:41:34,227.487199,29.086592,0.09176226012877088
2023-08-15 11:56:34,227.497616,29.292922,0.09416881352384954
2023-08-15 12:11:35,227.508044,29.848623,0.0959672341311534
2023-08-15 12:26:34,227.518449,30.731862,0.10120968115147137
2023-08-15 12:41:35,227.528877,31.918301,0.09190814109496916
2023-08-15 12:56:36,227.539306,33.372989,0.0920270114191155
2023-08-15 15:50:00,227.659722,60.399395,0.10275582292076328
2023-08-15 16:06:26,227.671134,63.37271,0.11764355655201783
2023-08-15 16:19:41,227.680336,65.780975,0.11479358281060993
2023-08-15 16:30:44,227.688009,67.793326,0.10903818787603924
2023-08-15 17:46:50,227.740856,81.54428,0.1165293813527431
2023-08-16 05:37:31,228.234387,81.022186,0.10390084494018893
2023-08-16 05:41:53,228.237419,80.246308,0.09846144024698926
2023-08-16 05:46:32,228.240648,79.417087,0.09760178740249871
2023-08-16 05:52:30,228.244792,78.349112,0.09776982426739599
2023-08-16 05:59:38,228.249745,77.067322,0.09904807939123565
2023-08-16 06:12:59,228.259016,74.65693,0.0947505015338936
2023-08-16 06:23:07,228.266053,72.819952,0.0931859584332649
2023-08-16 06:36:07,228.275081,70.457632,0.09408413718571819
2023-08-16 06:44:20,228.280787,68.963122,0.09219939388983221
2023-08-16 06:49:54,228.284653,67.950504,0.09218074479223619
2023-08-16 06:53:22,228.28706,67.32001,0.09288899160056954
2023-08-16 07:17:39,228.303924,62.913023,0.09734996945539111
2023-08-16 07:34:03,228.315313,59.955652,0.10105875480198488
2023-08-16 08:07:55,228.338831,53.942782,0.10020491816835775
2023-08-16 08:16:31,228.344803,52.445146,0.09605523150121707
2023-08-16 08:26:20,228.35162,50.75472,0.09892712086911744
2023-08-16 08:41:22,228.36206,48.212555,0.0969469855924513
2023-08-16 08:49:23,228.367627,46.883809,0.09721702205726554
2023-08-16 08:56:22,228.372477,45.743791,0.09484329503830884
2023-08-16 09:11:21,228.382882,43.360461,0.09647927528737414
2023-08-16 09:26:21,228.393299,41.075016,0.093563077556815
2023-08-16 09:41:25,228.403762,38.901657,0.09581464360945632
2023-08-16 09:49:27,228.40934,37.80124,0.09488560878670055
2023-08-16 10:00:24,228.416944,36.376031,0.09469370124288681
2023-08-16 10:26:20,228.434954,33.408414,0.08454880082306293
2023-08-16 10:41:22,228.445394,32.002398,0.08114158269628383
2023-08-16 10:56:21,228.455799,30.872821,0.08929522311979914
2023-08-16 11:11:22,228.466227,30.045042,0.09104148258744178
2023-08-16 11:26:21,228.476632,29.549169,0.1010879297266075
2023-08-16 11:41:23,228.487072,29.400365,0.11464317629757027
2023-08-16 11:56:23,228.497488,29.605456,0.11989108804181617
2023-08-16 12:11:23,228.507905,30.156332,0.12138219222646471
2023-08-16 12:26:23,228.518322,31.034047,0.12447586714597562
2023-08-16 12:41:25,228.528762,32.213949,0.11816276534283367
2023-08-16 12:56:24,228.539167,33.656447,0.1275776796075769
2023-08-16 13:11:24,228.549583,35.332942,0.12985429619575328
2023-08-16 13:26:23,228.559988,37.206656,0.12945274148770314
2023-08-16 13:41:23,228.570405,39.251252,0.13304661893073916
2023-08-16 13:56:23,228.580822,41.437574,0.13191412952746856
2023-08-16 14:11:23,228.591238,43.741978,0.12827820741397714
2023-08-16 14:26:22,228.601644,46.141448,0.1335156176216613
2023-08-16 14:41:24,228.612083,48.629619,0.13205863966908762
2023-08-16 14:49:30,228.617708,49.998466,0.1351904796735289
2023-08-16 14:56:22,228.622477,51.172336,0.1347548668162151
2023-08-16 15:11:23,228.632905,53.776693,0.13963648391201303
2023-08-16 15:14:50,228.635301,54.381378,0.13839115161218796
2023-08-16 16:38:43,228.693553,69.491964,0.17999851108179155
2023-08-17 11:11:11,229.4661,30.355847,0.19406323603907555
2023-08-17 11:41:10,229.486921,29.717713,0.1774527240049346
2023-08-17 12:26:10,229.518171,31.338233,0.17593246435235588
2023-08-17 12:41:12,229.528611,32.50969,0.157168345595789
2023-08-17 12:56:11,229.539016,33.942824,0.15304695703021798
2023-08-17 13:11:09,229.54941,35.605661,0.1532374491564859
2023-08-17 13:26:09,229.559826,37.471553,0.14901223789003765
2023-08-17 13:41:10,229.570255,39.509187,0.1456204268110629
2023-08-17 13:56:11,229.580683,41.689546,0.14987505699838938
2023-08-17 14:11:12,229.591111,43.989032,0.15070135919143554
2023-08-17 14:26:11,229.601516,46.381918,0.15313358845636718
2023-08-17 14:41:12,229.611944,48.861527,0.14476901876765402
2023-08-17 14:49:14,229.617523,50.216255,0.1447557462718753
2023-08-17 15:11:09,229.632743,53.993581,0.16125343031954004
2023-08-18 05:35:55,230.233275,81.655829,0.14733392211364574
2023-08-18 05:39:30,230.235764,81.019635,0.14632415854156627
2023-08-18 05:43:39,230.238646,80.280358,0.1466176239781052
2023-08-18 05:48:42,230.242153,79.377604,0.1469703248186459
2023-08-18 05:54:24,230.246111,78.355055,0.14812231276743332
2023-08-18 06:01:39,230.251146,77.049799,0.14671038291656352
2023-08-18 06:10:42,230.257431,75.414595,0.14675464171723332
2023-08-18 06:19:36,230.263611,73.801655,0.15027168133902738
2023-08-18 06:21:28,230.264907,73.46289,0.1503429487645632
2023-08-18 06:25:05,230.267419,72.806165,0.15287455666228977
2023-08-18 06:31:09,230.271632,71.703682,0.1534193848458121
2023-08-18 06:38:02,230.276412,70.451971,0.1539904049153096
2023-08-18 06:46:21,230.282187,68.939412,0.15317352239489118
2023-08-18 06:52:02,230.286134,67.906025,0.15408926998249897
2023-08-18 08:10:02,230.340301,53.942192,0.164840706231263
2023-08-18 08:25:57,230.351354,51.200473,0.16978934251020653
2023-08-18 08:40:58,230.361782,48.671784,0.17072982662199426
2023-08-18 08:48:59,230.36735,47.349416,0.17403653384272014
2023-08-18 08:55:58,230.372199,46.215362,0.17215362702422987
2023-08-18 09:10:58,230.382616,43.843536,0.17669793026817238
2023-08-18 09:25:57,230.393021,41.576501,0.17730180597037293
2023-08-18 09:40:59,230.403461,39.425268,0.1749505836781368
2023-08-18 09:49:03,230.409063,38.330144,0.17701970518806667
2023-08-18 11:10:58,230.465949,30.671332,0.16621549383773623
2023-08-18 11:40:59,230.486794,30.038675,0.1655639220188592
2023-08-18 11:55:59,230.497211,30.241135,0.16502455290117454
2023-08-18 15:10:57,230.632604,54.220893,0.18127540129522451
2023-08-18 15:12:50,230.633912,54.549753,0.1811671850432283
2023-08-18 15:45:55,230.656887,60.41917,0.1742855673450099
2023-08-18 16:02:21,230.668299,63.382312,0.166964987414329
2023-08-19 05:36:57,231.233993,81.648826,0.18269039196784256
2023-08-19 05:40:43,231.236609,80.979105,0.18213959287520165
2023-08-19 08:40:45,231.361632,48.907009,0.19073335332833044
2023-08-19 08:48:46,231.367199,47.587889,0.16174181067709134
2023-08-19 08:55:46,231.37206,46.454189,0.1768764082449143
2023-08-19 12:10:44,231.507454,31.101171,0.16878523471409335
2023-08-19 12:40:46,231.52831,33.114257,0.15905719590462422
2023-08-19 13:40:48,231.57,40.048655,0.1698938363720306
2023-08-19 13:55:45,231.580382,42.202819,0.16665010256985172
2023-08-19 14:10:46,231.59081,44.486952,0.16845030906991207
2023-08-19 14:25:47,231.601238,46.871573,0.17099386843500414
2023-08-19 14:40:47,231.611655,49.336585,0.17024456209555558
2023-08-19 14:48:53,231.61728,50.696902,0.17151717325305937
2023-08-19 14:55:47,231.622072,51.869797,0.1697182736038942
2023-08-19 15:10:27,231.632257,54.400466,0.16685099903171213
2023-08-19 15:44:32,231.655926,60.431548,0.17428795013381831
2023-08-19 16:14:17,231.676586,65.803845,0.17358145431244906
2023-08-19 16:25:17,231.684225,67.80354,0.17180972686295315
2023-08-19 16:34:36,231.690694,69.499757,0.16678252560885173
2023-08-19 16:42:33,231.696215,70.947824,0.16536679180776204
2023-08-19 16:50:49,231.701956,72.453374,0.16272020060709252
2023-08-19 17:00:58,231.709005,74.299782,0.1662599724299679
2023-08-19 17:02:57,231.710382,74.66014,0.16428488728414944
2023-08-19 17:06:56,231.713148,75.383326,0.16491969931076167
2023-08-19 17:09:59,231.715266,75.93649,0.16398685590627307
2023-08-19 17:18:58,231.721505,77.562232,0.16814612163704765
2023-08-19 17:26:08,231.726481,78.854521,0.17069396975636827
2023-08-19 17:32:01,231.730567,79.9115,0.1751390121942699
2023-08-20 05:38:03,232.234757,81.63045,0.18876833716631958
2023-08-20 05:41:30,232.237153,81.016268,0.18779287111782222
2023-08-20 05:45:38,232.240023,80.278141,0.18764919278963552
2023-08-20 05:50:40,232.243519,79.376341,0.18859683698774085
2023-08-20 05:56:21,232.247465,78.354742,0.18881168800436599
2023-08-20 06:03:37,232.252512,77.044246,0.1881300385554944
2023-08-20 06:12:33,232.258715,75.427982,0.18772435841559176
2023-08-20 06:21:26,232.264884,73.816608,0.18597164348811446
2023-08-20 06:23:19,232.266192,73.474593,0.1858683536403047
2023-08-20 06:26:59,232.268738,72.808428,0.18722231296036393
2023-08-20 06:33:05,232.272975,71.699534,0.18813240131887965
2023-08-20 06:39:57,232.277743,70.450838,0.1887597620805356
2023-08-20 06:48:10,232.283449,68.956997,0.19027369127665095
2023-08-20 06:53:58,232.287477,67.903138,0.19127625810911358
2023-08-20 06:57:14,232.289745,67.309972,0.1918063548078863
2023-08-20 07:08:16,232.297407,65.30959,0.1915459481790371
2023-08-20 07:38:02,232.318079,59.95432,0.1923409492840746
2023-08-20 08:12:13,232.341817,53.940694,0.19715195652420262
2023-08-20 08:25:32,232.351065,51.658988,0.19824358367489872
2023-08-20 08:40:33,232.361493,49.141347,0.20069022984357313
2023-08-20 08:48:35,232.367072,47.822874,0.2032816446888635
2023-08-20 08:55:31,232.371887,46.703038,0.20438175837213077
2023-08-20 09:10:31,232.382303,44.345531,0.20148645419322234
2023-08-20 09:25:32,232.392731,42.08959,0.2010970470674019
2023-08-20 09:40:32,232.403148,39.960784,0.20370707715267972
2023-08-20 09:48:39,232.408785,38.869027,0.20534868547942123
2023-08-20 09:59:05,232.41603,37.536007,0.2057673028000127
2023-08-20 10:10:32,232.423981,36.174617,0.20364308719308108
2023-08-20 10:40:32,232.444815,33.208748,0.19839045965267188
2023-08-20 10:55:51,232.455451,32.091559,0.19740689469275882
2023-08-20 11:10:32,232.465648,31.31163,0.19392090632406342
2023-08-20 11:25:34,232.476088,30.832125,0.18576791706774257
2023-08-20 11:40:35,232.486516,30.690841,0.18386113587214445
2023-08-20 11:55:52,232.49713,30.898507,0.17984933612944157
2023-08-20 12:10:35,232.50735,31.426912,0.17403029658864871
2023-08-20 12:40:35,232.528183,33.42571,0.17237238155343515
2023-08-20 12:55:34,232.538588,34.83226,0.17330330783069867
2023-08-20 13:10:35,232.549016,36.473006,0.177110962510467
2023-08-20 13:25:34,232.559421,38.309472,0.1705313806161292
2023-08-20 13:40:35,232.56985,40.320634,0.17277871040306894
2023-08-20 13:55:35,232.580266,42.473806,0.1676049966591928
2023-08-20 14:10:35,232.590683,44.748032,0.1674284639868183
2023-08-20 14:25:33,232.601076,47.117908,0.16512177143792492
2023-08-20 14:40:34,232.611505,49.57956,0.16617049248489818
2023-08-20 14:48:44,232.617176,50.948205,0.16782611900711145
2023-08-20 14:55:34,232.621921,52.107547,0.16522433117648658
2023-08-20 15:08:57,232.631215,54.410946,0.17080533879882992
2023-08-20 15:43:04,232.654907,60.433813,0.15735269093955984
2023-08-20 16:12:51,232.67559,65.805566,0.15436416556863014
2023-08-20 16:23:55,232.683275,67.816127,0.15759613270886913
2023-08-20 16:33:13,232.689734,69.508703,0.15397059677892314
2023-08-20 16:41:11,232.695266,70.959593,0.15175053758545953
2023-08-20 16:49:28,232.701019,72.468245,0.15332558933412568
2023-08-20 16:59:34,232.708032,74.30603,0.15250305790252328
2023-08-20 17:03:30,232.710764,75.020816,0.15380304231070627
2023-08-20 17:05:15,232.711979,75.338616,0.15393510996954554
2023-08-20 17:17:34,232.720532,77.570367,0.15963522151102488
2023-08-21 05:42:41,233.237975,80.982636,0.21728974409519486
2023-08-21 05:46:42,233.240764,80.264446,0.22279585210095962
2023-08-21 05:51:29,233.244086,79.406565,0.22727891446762652
2023-08-21 05:57:25,233.248206,78.339072,0.23807334319166198
2023-08-21 06:04:40,233.253241,77.030529,0.2443422980715717
2023-08-21 06:13:32,233.259398,75.425369,0.24274914175075116
2023-08-21 06:24:25,233.266956,73.450089,0.24150129532682188
2023-08-21 06:27:57,233.26941,72.808026,0.2404954767365094
2023-08-21 06:34:01,233.273623,71.70512,0.23902899003286554
2023-08-21 06:48:56,233.283981,68.993398,0.2367857702833318
2023-08-21 07:22:33,233.307326,62.90963,0.20580046946691694
2023-08-21 08:13:20,233.342593,53.939785,0.19916409138383095
2023-08-21 08:40:19,233.361331,49.383061,0.19909480537720686
2023-08-21 08:48:19,233.366887,48.073343,0.1982616750732292
2023-08-21 08:55:18,233.371736,46.948517,0.19600509462352994
2023-08-21 09:10:18,233.382153,44.598411,0.19611546457277862
2023-08-21 09:25:19,233.392581,42.350727,0.1922533045610371
2023-08-21 09:40:20,233.403009,40.228661,0.185064423007359
2023-08-21 09:48:25,233.408623,39.146515,0.17742496057871027
2023-08-21 09:57:33,233.414965,37.980852,0.1752627661719881
2023-08-21 10:10:19,233.423831,36.464419,0.17228966800024012
2023-08-21 10:25:18,233.434236,34.875111,0.17311125513238138
2023-08-21 10:40:19,233.444664,33.518129,0.164194943900561
2023-08-21 10:55:19,233.455081,32.42949,0.1466510210421302
2023-08-21 11:10:18,233.465486,31.637014,0.14370700884178583
2023-08-21 11:25:20,233.475926,31.161672,0.13869841691548643
2023-08-21 11:40:21,233.486354,31.021834,0.13123558684322847
2023-08-21 12:10:38,233.507384,31.765576,0.13751296281649245
2023-08-21 12:25:22,233.517616,32.600359,0.13665122797516335
2023-08-21 12:40:21,233.528021,33.736945,0.14831891890011056
2023-08-21 12:55:25,233.538484,35.142938,0.16233773854166936
2023-08-21 13:10:22,233.548866,36.76768,0.16093440660504074
2023-08-21 13:25:22,233.559282,38.597022,0.19461738949477952
2023-08-21 13:40:24,233.569722,40.601708,0.19369727802823702
2023-08-21 13:55:20,233.580093,42.736968,0.2002333280676106
2023-08-21 14:10:21,233.590521,45.005842,0.1868787415233349
2023-08-21 14:40:22,233.611366,49.829737,0.1766994338994262
2023-08-21 14:48:36,233.617083,51.206677,0.18395154733704724
2023-08-21 14:55:22,233.621782,52.352519,0.18710611527296167
2023-08-21 15:07:21,233.630104,54.40951,0.2144044352036999
2023-08-21 15:41:38,233.653912,60.446828,0.2473414969882335
2023-08-21 15:58:07,233.665359,63.406468,0.2591221868550586
2023-08-21 16:11:28,233.67463,65.820704,0.2575599491234957
2023-08-21 16:22:38,233.682384,67.848055,0.26307379752091925
2023-08-21 16:31:48,233.68875,69.515662,0.2628665990591427
2023-08-21 16:59:02,233.707662,74.47365,0.2572953010615233
2023-08-22 05:40:04,234.236157,81.627678,0.15358047947554865
2023-08-22 05:43:30,234.238542,81.014972,0.1527041047144015
2023-08-22 05:47:40,234.241435,80.269202,0.14987307418222634
2023-08-22 05:52:30,234.244792,79.401495,0.1488883763340151
2023-08-22 05:58:21,234.248854,78.348089,0.15000281528840884
2023-08-22 06:05:33,234.253854,77.047684,0.1510688124858537
2023-08-22 06:18:49,234.263067,74.643404,0.15573473550917444
2023-08-22 06:23:36,234.266389,73.774772,0.1563694762002682
2023-08-22 06:28:56,234.270093,72.805602,0.157321288394496
2023-08-22 06:35:01,234.274317,71.699666,0.15550915647286873
2023-08-22 06:49:54,234.284653,68.994719,0.15976438283194172
2023-08-22 07:10:15,234.298785,65.307008,0.15743283808550618
2023-08-22 07:23:34,234.308032,62.907563,0.1550728483471197
2023-08-22 07:40:07,234.319525,59.949364,0.15603796555313162
2023-08-22 08:25:04,234.350741,52.132942,0.15343098835682667
2023-08-22 08:40:06,234.361181,49.623869,0.15070176278281475
2023-08-22 08:55:05,234.371586,47.195968,0.15306718903173588
2023-08-22 09:10:05,234.382002,44.853386,0.153156060296291
2023-08-22 09:25:05,234.392419,42.616501,0.15378793582913558
2023-08-22 09:40:06,234.402847,40.503428,0.153541863360642
2023-08-22 09:48:06,234.408403,39.437248,0.15041738612623193
2023-08-22 09:56:31,234.414248,38.365649,0.14607979245634536
2023-08-22 10:10:04,234.423657,36.760522,0.14385571364333208
2023-08-22 10:25:05,234.434086,35.177571,0.13991902688428495
2023-08-22 10:40:06,234.444514,33.830242,0.13600507494467512
2023-08-22 10:55:05,234.454919,32.751231,0.13772240191636032
2023-08-22 11:10:08,234.46537,31.962506,0.13812271042307545
2023-08-22 11:25:07,234.475775,31.493922,0.13653835886179183
2023-08-22 11:40:07,234.486192,31.356026,0.1353041851317607
2023-08-22 11:55:08,234.49662,31.554435,0.13548296761045603
2023-08-22 12:10:06,234.507014,32.080781,0.13460005458041938
2023-08-22 12:25:06,234.517431,32.921146,0.12993365320376873
2023-08-22 12:40:08,234.52787,34.053556,0.12358479583127326
2023-08-22 12:55:07,234.538275,35.442533,0.12383669889299782
2023-08-22 13:10:09,234.548715,37.066586,0.12233624875872083
2023-08-22 13:25:06,234.559097,38.880381,0.12074260625720093
2023-08-22 13:40:05,234.569502,40.868736,0.11446548823551901
2023-08-22 13:55:05,234.579919,43.004561,0.11797499657156998
2023-08-22 14:10:05,234.590336,45.262921,0.11991717600566228
2023-08-22 14:25:05,234.600752,47.623937,0.11533520811681462
2023-08-22 14:40:07,234.611192,50.075954,0.11741956048511955
2023-08-22 14:48:14,234.616829,51.430189,0.12111746981115468
2023-08-22 14:55:05,234.621586,52.58761,0.12209813723261492
2023-08-22 15:05:46,234.629005,54.416389,0.13121644502684388
2023-08-22 15:40:08,234.65287,60.452668,0.13224267059986483
2023-08-22 15:56:39,234.66434,63.413523,0.13749176411443945
2023-08-22 16:10:00,234.673611,65.825021,0.14523884210244634
2023-08-22 16:21:02,234.681273,67.826562,0.15124743638829558
2023-08-22 16:30:25,234.687789,69.532706,0.15489714007598585
2023-08-22 16:38:18,234.693264,70.967706,0.1547751047711585
2023-08-22 16:46:34,234.699005,72.473171,0.15640171080648127
2023-08-22 16:56:48,234.706111,74.335836,0.1638670865769856
2023-08-22 16:58:40,234.707407,74.67534,0.16638127055645321
2023-08-22 17:00:34,234.708727,75.020788,0.1689020291042671
2023-08-22 17:02:19,234.709942,75.338846,0.17359423769463977
2023-08-22 17:05:50,234.712384,75.9776,0.17782606420860442
2023-08-22 17:15:06,234.718819,77.65761,0.18594172056895672
2023-08-22 17:21:51,234.723507,78.8776,0.19087153252265968
2023-08-22 17:27:46,234.727616,79.943584,0.17610946843711003
2023-08-23 05:41:01,235.236817,81.637409,0.14185005510449142
2023-08-23 05:44:40,235.239352,80.985271,0.14218953373360074
2023-08-23 05:48:38,235.242106,80.274523,0.1407201341948087
2023-08-23 05:53:30,235.245486,79.400021,0.13932168706930304
2023-08-23 05:59:20,235.249537,78.348765,0.1368071175753208
2023-08-23 06:06:32,235.254537,77.04751,0.1369142726785629
2023-08-23 06:15:30,235.260764,75.422668,0.13709150843159743
2023-08-23 06:24:38,235.267106,73.764352,0.13887152917685047
2023-08-23 06:26:25,235.268345,73.440311,0.14020760255373924
2023-08-23 06:29:59,235.270822,72.79208,0.140044889990231
2023-08-23 06:35:58,235.274977,71.704398,0.13560882989400716
2023-08-23 06:42:55,235.279803,70.441168,0.13544713775708503
2023-08-23 06:51:16,235.285602,68.924727,0.13634015135618055
2023-08-23 06:56:53,235.289502,67.905845,0.13506216887853242
2023-08-23 07:00:11,235.291794,67.307814,0.13489053015195646
2023-08-23 07:11:15,235.299479,65.306587,0.13679290037164518
2023-08-23 07:24:37,235.308762,62.901333,0.1324512782578132
2023-08-23 07:41:11,235.320266,59.945617,0.12783420290445113
2023-08-23 08:15:36,235.344167,53.940888,0.12392947194073022
2023-08-23 08:24:50,235.350579,52.37249,0.11960097237374295
2023-08-23 08:39:51,235.361007,49.871991,0.11354311574854556
2023-08-23 08:47:52,235.366574,48.56643,0.11295497199463161
2023-08-23 08:54:50,235.371412,47.450674,0.1165450628607977
2023-08-23 09:09:53,235.381863,45.107904,0.12552076660427033
2023-08-23 09:24:52,235.392269,42.882044,0.12173979723073765
2023-08-23 09:39:52,235.402685,40.780485,0.12292686731504537
2023-08-23 09:47:53,235.408252,39.717242,0.12356111905208658
2023-08-23 09:58:28,235.415602,38.385748,0.1238627404385739
2023-08-23 10:09:51,235.423507,37.055363,0.12905023788483522
2023-08-23 10:24:51,235.433924,35.484251,0.13395561799234465
2023-08-23 10:39:51,235.44434,34.147723,0.13139334923010706
2023-08-23 10:54:51,235.454757,33.075718,0.1371579689645268
2023-08-23 11:09:51,235.465174,32.295755,0.13910613550427722
2023-08-23 11:24:51,235.47559,31.83015,0.14145815947424728
2023-08-23 11:39:53,235.48603,31.693329,0.13831680010461492
2023-08-23 11:54:52,235.496435,31.88989,0.13703506476976637
2023-08-23 12:09:53,235.506863,32.41413,0.13036167748709235
2023-08-23 12:24:53,235.51728,33.248913,0.1267552444957287
2023-08-23 12:39:54,235.527708,34.372607,0.1304046014750562
2023-08-23 12:54:53,235.538113,35.752898,0.12952803858887854
2023-08-23 13:09:53,235.54853,37.363888,0.12933861940890545
2023-08-23 13:24:51,235.558924,39.170119,0.12979992450388678
2023-08-23 15:04:08,235.62787,54.420045,0.12832197436084725
2023-08-23 15:38:38,235.651829,60.463205,0.1339102084352497
2023-08-23 15:55:08,235.663287,63.416013,0.14408770302338955
2023-08-23 16:08:30,235.672569,65.827544,0.148689696101738
2023-08-23 16:19:33,235.680243,67.830366,0.15059043755563992
2023-08-23 16:28:51,235.686701,69.520355,0.15788836376377166
2023-08-23 16:36:51,235.692257,70.976064,0.16080131355201188
2023-08-23 16:45:00,235.697917,72.460054,0.16395682688742103
2023-08-23 16:51:15,235.702257,73.597954,0.16548528239886862
2023-08-23 16:56:19,235.705775,74.519961,0.16645574144399172
2023-08-23 16:58:19,235.707164,74.883735,0.1693506385313986
2023-08-23 17:00:24,235.708611,75.262535,0.16742415927940554
2023-08-23 17:04:12,235.71125,75.953052,0.17078231111871217
2023-08-24 05:42:06,236.237569,81.62382,0.18107348141596868
2023-08-24 05:45:36,236.24,80.997808,0.17960341658464424
2023-08-24 05:49:39,236.242813,80.271429,0.17867405869715822
2023-08-24 05:54:31,236.246192,79.396149,0.17910678844044214
2023-08-24 06:00:25,236.250289,78.332055,0.17862308494739199
2023-08-24 06:07:30,236.255208,77.051107,0.17141834384165422
2023-08-24 06:16:41,236.261586,75.386304,0.16912598550647642
2023-08-24 06:25:27,236.267674,73.794268,0.16969824436172856
2023-08-24 06:27:21,236.268993,73.449014,0.16981144025266479
2023-08-24 06:30:54,236.271458,72.803827,0.17304559953939383
2023-08-24 06:36:59,236.275683,71.698124,0.1715947353618054
2023-08-24 06:43:54,236.280486,70.441339,0.17311293214337425
2023-08-24 06:52:09,236.286215,68.943808,0.1691635677345656
2023-08-24 06:57:43,236.290081,67.934672,0.16714392466373593
2023-08-24 07:01:10,236.292477,67.309959,0.16517413874711354
2023-08-24 07:12:14,236.300162,65.310792,0.1579000781273745
2023-08-24 07:25:37,236.309456,62.905922,0.16215312080390135
2023-08-24 07:42:12,236.320972,59.952899,0.15671309322292737
2023-08-24 08:17:00,236.345139,53.900465,0.14917326908983586
2023-08-24 08:25:34,236.351088,52.451175,0.1465037686873685
2023-08-24 09:09:36,236.381667,45.377154,0.1420168524269626
2023-08-24 09:24:36,236.392083,43.156967,0.14720184083897359
2023-08-24 09:39:37,236.402512,41.062055,0.1512774860885169
2023-08-24 09:47:35,236.408044,40.010342,0.1496734199710103
2023-08-24 09:57:22,236.414838,38.782418,0.15378467191618925
2023-08-24 10:09:35,236.423322,37.358242,0.1436394212535631
2023-08-24 10:24:35,236.433738,35.796685,0.14806349853285167
2023-08-24 10:39:36,236.444167,34.467793,0.151396339274031
2023-08-24 10:54:36,236.454583,33.403915,0.15647032462644242
2023-08-24 11:09:35,236.464988,32.631054,0.1521310087910148
2023-08-24 11:39:55,236.486053,32.03426,0.14403477952510732
2023-08-24 11:54:38,236.496273,32.229345,0.13395996116064635
2023-08-24 12:09:39,236.506701,32.75009,0.13633823089440025
2023-08-24 12:24:35,236.517072,33.574808,0.13310925024484255
2023-08-24 12:39:40,236.527546,34.695401,0.13610940160804746
2023-08-24 12:54:39,236.537951,36.067159,0.13856152357831503
2023-08-24 13:09:39,236.548368,37.669046,0.13415143436747173
2023-08-24 13:39:41,236.569225,41.447699,0.13858835160952265
2023-08-24 13:54:39,236.579618,43.56231,0.13721824752269168
2023-08-24 14:09:37,236.590012,45.800191,0.13845669440363284
2023-08-24 14:24:37,236.600428,48.147093,0.13776855081778092
2023-08-24 14:39:42,236.610903,50.594799,0.13989269965276996
2023-08-24 14:47:44,236.616481,51.929107,0.13577891484489854
2023-08-24 14:54:39,236.621285,53.092952,0.13686772813839518
2023-08-24 15:02:31,236.626748,54.431925,0.13941738177735935
2023-08-24 15:37:01,236.650706,60.457658,0.13817066923495208
2023-08-24 15:53:40,236.662269,63.431871,0.14375874943563827
2023-08-24 16:07:03,236.671562,65.843288,0.14559404891423092
2023-08-24 16:18:04,236.679213,67.838195,0.14721837144978342
2023-08-24 16:27:23,236.685683,69.530094,0.14622677061757425
2023-08-24 16:35:22,236.691227,70.982145,0.14176051785187446
2023-08-24 16:43:36,236.696944,72.480973,0.14422853008634484
2023-08-24 16:49:12,236.700833,73.500495,0.14426966446045753
2023-08-24 16:55:18,236.705069,74.610644,0.1443780808289047
2023-08-24 17:02:44,236.710231,75.962214,0.14425082822999355
2023-08-24 17:37:11,236.734155,82.179253,0.1479864878932314
2023-08-25 05:43:11,237.238322,81.610674,0.16858326086791686
2023-08-25 05:46:33,237.24066,81.007893,0.16487004882030235
2023-08-25 05:50:53,237.243669,80.229937,0.1593469289572909
2023-08-25 05:55:33,237.24691,79.38988,0.16071366087821906
2023-08-25 06:01:33,237.251076,78.306965,0.16691710663945278
2023-08-25 06:08:35,237.255961,77.034336,0.16540205085312382
2023-08-25 06:17:32,237.262176,75.411297,0.16333612463716607
2023-08-25 06:26:36,237.268472,73.764598,0.15851197791847307
2023-08-25 06:28:30,237.269792,73.419349,0.15906643868635087
2023-08-25 06:32:01,237.272234,72.780276,0.15854299134684602
2023-08-25 06:44:50,237.281134,70.451811,0.1602964691944441
2023-08-25 06:52:59,237.286794,68.973269,0.15842344153529167
2023-08-25 06:58:39,237.290729,67.946776,0.15351870695485545
2023-08-25 07:02:12,237.293194,67.304536,0.1550333347247275
2023-08-25 07:13:15,237.300868,65.310638,0.15687720995815033
2023-08-25 07:26:41,237.310197,62.900467,0.1541727597577846
2023-08-25 07:43:18,237.321736,59.947646,0.15897269524599197
2023-08-25 08:24:20,237.350231,52.862284,0.1755235635759258
2023-08-25 08:39:21,237.36066,50.373631,0.16502365047703996
2023-08-25 08:54:20,237.371065,47.96582,0.15521608592642766
2023-08-25 09:09:19,237.38147,45.648382,0.14664605872619746
2023-08-25 09:24:20,237.391898,43.43399,0.1473182467996502
2023-08-25 09:39:20,237.402315,41.350316,0.14749087355043095
2023-08-25 09:47:20,237.40787,40.299221,0.13581241131166732
2023-08-25 09:57:09,237.414688,39.073669,0.13089775698193098
2023-08-25 10:09:19,237.423137,37.663492,0.1268642686820904
2023-08-25 10:24:19,237.433553,36.111564,0.1319164620463295
2023-08-25 10:39:21,237.443993,34.790398,0.13694149795930752
2023-08-25 10:54:19,237.454387,33.736754,0.14305384028615584
2023-08-25 11:09:19,237.464803,32.969032,0.1343550720134829
2023-08-25 11:24:18,237.475208,32.511471,0.13192154032432946
2023-08-25 11:39:21,237.48566,32.376777,0.12968080633826107
2023-08-25 11:54:20,237.496065,32.570304,0.13329186689337388
2023-08-25 12:09:19,237.50647,33.084835,0.1328155885413862
2023-08-25 12:24:19,237.516887,33.906368,0.12995756327409325
2023-08-25 12:39:20,237.527315,35.013553,0.13640914007460392
2023-08-25 12:54:20,237.537731,36.376962,0.14403112139199367
2023-08-25 13:09:19,237.548137,37.966796,0.1391330407493378
2023-08-25 13:24:19,237.558553,39.757689,0.13975578282965267
2023-08-25 13:39:21,237.568993,41.725114,0.14147592757456584
2023-08-25 13:54:19,237.579387,43.83041,0.14715078111068533
2023-08-25 14:09:20,237.589815,46.067375,0.14927795487528078
2023-08-25 14:24:20,237.600231,48.406875,0.15458731225928268
2023-08-25 14:39:21,237.61066,50.837006,0.1548028876161831
2023-08-25 14:47:27,237.616285,52.179096,0.1503070168267734
2023-08-25 14:54:20,237.621065,53.334764,0.15116056997916466
2023-08-25 15:00:47,237.625544,54.429202,0.15818185457438255
2023-08-25 15:35:26,237.649606,60.462679,0.15334817454117572
2023-08-25 15:52:03,237.661146,63.425133,0.14627283632142718
2023-08-25 16:05:27,237.670451,65.836053,0.14680855735965354
2023-08-25 16:16:32,237.678148,67.840917,0.1532070088004631
2023-08-25 16:25:53,237.684641,69.537603,0.15516760596338297
2023-08-25 16:33:54,237.690208,70.994982,0.14626680025503705
2023-08-25 16:42:11,237.695961,72.502469,0.13644379251918587
2023-08-25 16:48:17,237.700197,73.612879,0.13724350320020032
2023-08-25 16:54:22,237.704421,74.719974,0.12760587523123582
2023-08-25 16:56:07,237.705637,75.038334,0.12749725565632475
2023-08-25 16:58:05,237.707002,75.396023,0.12596280555449746
2023-08-25 17:10:24,237.715556,77.632921,0.12515690253976297
2023-08-25 17:17:24,237.720417,78.900577,0.12815956891906802
2023-08-26 05:51:49,238.244317,80.242912,0.23471466929836185
2023-08-26 05:56:31,238.247581,79.396243,0.2337937047034219
2023-08-26 06:02:24,238.251667,78.333766,0.2263999146047834
2023-08-26 06:09:31,238.256609,77.045505,0.23381204894690236
2023-08-26 08:39:03,238.360451,50.635275,0.2841195648832522
2023-08-26 08:47:08,238.366065,49.329511,0.3060848129681305
2023-08-26 09:24:04,238.391713,43.713091,0.24036218037196302
2023-08-26 09:39:05,238.402141,41.636277,0.24189371430460416
2023-08-26 09:47:13,238.407789,40.573294,0.23656366439783544
2023-08-26 09:57:46,238.415116,39.267273,0.2430733269534571
2023-08-26 10:09:04,238.422963,37.969243,0.23850509814068166
2023-08-26 10:24:04,238.43338,36.427254,0.2608534757907395
2023-08-26 10:39:05,238.443808,35.116799,0.25711921754288153
2023-08-28 12:53:33,240.537187,37.344645,0.06817819820972394
2023-08-28 13:08:32,240.547593,38.907125,0.06674648708038727
2023-08-28 13:23:31,240.557998,40.668123,0.07289114414132107
2023-08-28 13:38:33,240.568437,42.608073,0.07594490513271061
2023-08-28 13:53:32,240.578843,44.689782,0.08233163225915344
2023-08-28 14:38:31,240.610081,51.622698,0.05924579341366318
2023-08-28 14:46:32,240.615648,52.941258,0.05587372619844665
2023-08-28 14:55:35,240.621933,54.453123,0.050191883551534415
2023-08-28 15:47:14,240.657801,63.436524,0.050690072126227816
2023-08-28 16:00:50,240.667245,65.871618,0.049881241893773846
2023-08-28 16:11:52,240.674907,67.860189,0.05549466151374948
2023-08-28 16:21:15,240.681424,69.558262,0.059898283389296494
2023-08-28 16:43:20,240.696759,73.570113,0.054993384644683965
2023-08-28 17:05:36,240.712222,77.618646,0.04619779515649136
2023-08-29 05:47:10,241.241088,81.625486,0.0477066742735377
2023-08-29 05:50:47,241.2436,80.975694,0.04643395320851274
2023-08-29 05:54:50,241.246412,80.246358,0.045109606746513826
2023-08-29 05:59:39,241.249757,79.377034,0.04492122856158654
2023-08-29 06:05:31,241.253831,78.315966,0.04470602460856128
2023-08-29 06:12:32,241.258704,77.044534,0.04414493207796567
2023-08-29 06:21:31,241.264942,75.414409,0.043012427001057674
2023-08-29 06:30:27,241.271146,73.792365,0.04225178093996501
2023-08-29 06:32:17,241.272419,73.459506,0.042757876410814945
2023-08-29 06:35:58,241.274977,72.790888,0.04231858085441711
2023-08-29 06:41:58,241.279144,71.702333,0.04081575710597048
2023-08-29 06:48:56,241.283981,70.439891,0.03842997309787551
2023-08-29 06:57:10,241.289699,68.951006,0.03882021623107659
2023-08-29 07:02:51,241.293646,67.925631,0.04490498333130212
2023-08-29 07:06:17,241.29603,67.307326,0.046816783118713665
2023-08-29 07:17:26,241.303773,65.306359,0.048636900128465256
2023-08-29 09:08:13,241.380706,46.747741,0.03829387866664624
2023-08-29 09:23:14,241.391134,44.567345,0.039370802368692566
2023-08-29 09:38:16,241.401574,42.515825,0.03935947117318995
2023-08-29 09:46:19,241.407164,41.478938,0.039706540151829575
2023-08-29 09:56:41,241.414363,40.214508,0.04013841231107361
2023-08-29 10:08:14,241.422384,38.90922,0.035926304131623975
2023-08-29 10:23:13,241.432789,37.397723,0.03397608505941846
2023-08-29 10:38:15,241.443229,36.112799,0.03834850705081318
2023-08-29 10:53:13,241.453623,35.090635,0.03918535308418347
2023-08-29 11:08:14,241.464051,34.346973,0.041263932587773354
2023-08-29 11:23:18,241.474514,33.904062,0.038096439986309426
2023-08-29 11:38:17,241.484919,33.777089,0.035723333686268836
2023-08-29 11:53:14,241.495301,33.965635,0.03423994509196526
2023-08-29 12:08:15,241.505729,34.466648,0.040510358116885
2023-08-29 12:23:16,241.516157,35.266245,0.03888506205369557
2023-08-29 12:38:17,241.526586,36.344012,0.045017281512809176
2023-08-30 05:48:16,242.241852,81.611745,0.11994931167669917
2023-08-30 05:51:42,242.244236,80.994469,0.1354653769084019
2023-08-30 05:55:51,242.247118,80.246699,0.136174908017264
2023-08-30 06:00:47,242.250544,79.355866,0.1506264799701834
2023-08-30 06:13:35,242.259433,77.037797,0.22844582186920698
2023-08-30 06:26:56,242.268704,74.615009,0.32480331540942403
2023-08-30 06:59:21,242.291215,68.743952,0.6082682524921735
2023-08-30 07:05:18,242.295347,67.672355,0.6056429403995357
2023-08-30 07:07:21,242.296771,67.303802,0.6049978080255741
2023-08-30 07:18:30,242.304514,65.306085,0.6691801632643269
2023-08-30 07:48:50,242.325579,59.950771,0.8829807780370437
2023-08-30 08:24:14,242.350162,53.925175,1.1191706488983209
2023-08-30 08:38:14,242.359884,51.637207,1.1167594138780117
2023-08-30 08:47:10,242.366088,50.212823,1.0996688219748323
2023-08-30 08:52:58,242.370116,49.304618,1.0974716512148566
2023-08-30 09:22:59,242.390961,44.852174,1.0680503844564415
2023-08-30 09:38:00,242.401389,42.812425,1.0231152245401636
2023-08-30 09:48:18,242.408542,41.500835,1.0160863625370284
2023-08-30 09:58:12,242.415417,40.315524,1.0666400233102342
2023-08-30 10:08:03,242.422257,39.216782,1.1451678371131075
2023-08-30 10:22:57,242.432604,37.724105,1.2544843795242508
2023-08-30 10:37:57,242.443021,36.451032,1.2184726093738991
2023-08-30 10:52:57,242.453438,35.434444,1.218896267209285
2023-08-30 11:07:56,242.463843,34.698582,1.0736908637698463
2023-08-30 12:07:59,242.505544,34.819273,0.909514400453812
2023-08-30 12:23:00,242.515972,35.613534,0.7858962561092465
2023-08-30 12:52:57,242.536771,37.999201,0.6693499564359762
2023-08-30 13:07:58,242.547199,39.546617,0.6704120870271542
2023-08-30 13:23:04,242.557685,41.303263,0.6020273864334037
2023-08-30 13:38:00,242.568056,43.212788,0.5977784761568882
2023-08-30 13:46:24,242.573889,44.353238,0.5715774181948028
2023-08-30 13:52:59,242.578461,45.277173,0.6071909151684801
2023-08-30 14:22:59,242.599294,49.774063,0.5942796257720199
2023-08-30 14:52:03,242.619479,54.484072,0.47919243982490206
2023-08-30 17:09:36,242.715,78.9304,0.2466201447984542
2023-08-31 05:52:40,243.244907,81.004829,0.048905197342138405
2023-08-31 05:56:45,243.247743,80.268716,0.04702600125901953
2023-08-31 06:01:41,243.251169,79.377557,0.04483560052297805
2023-08-31 06:07:26,243.255162,78.336953,0.042637060412669237
2023-08-31 06:14:35,243.260127,77.040986,0.044176025369493874
2023-08-31 06:23:33,243.266354,75.414069,0.043109127127331594
2023-08-31 06:32:34,243.272616,73.777861,0.044106173323618644
2023-08-31 06:34:25,243.2739,73.442274,0.045456064726058454
2023-08-31 06:37:58,243.276366,72.798526,0.04308137203732934
2023-08-31 06:44:06,243.280625,71.687233,0.04366196513821035
2023-08-31 06:59:19,243.291192,68.938239,0.05299982264024375
2023-08-31 07:04:56,243.295093,67.927495,0.05087836639726332
2023-08-31 07:08:25,243.297512,67.301974,0.04814008232910375
2023-08-31 07:19:34,243.305255,65.307705,0.055747966353370246
2023-08-31 07:33:07,243.314664,62.904109,0.0432688167606466
2023-08-31 07:50:00,243.326389,59.948352,0.04079426943584637
2023-08-31 08:25:23,243.350961,53.950256,0.04758462151100819
2023-08-31 08:37:40,243.359491,51.95037,0.04386409571265591
2023-08-31 08:45:41,243.365058,50.673677,0.04450746850820294
2023-08-31 08:52:39,243.369896,49.584523,0.04770625391717686
2023-08-31 09:07:39,243.380313,47.311327,0.042481337198035665
2023-08-31 09:22:39,243.390729,45.150639,0.04196297189196465
2023-08-31 09:37:41,243.401169,43.117571,0.052738605640988624
2023-08-31 09:45:43,243.406748,42.093012,0.04356634773272779
2023-08-31 09:55:40,243.413657,40.89053,0.04339347685762184
2023-08-31 10:07:40,243.421991,39.547902,0.04399677654645398
2023-08-31 10:22:39,243.432396,38.05572,0.04584862811778766
2023-08-31 10:37:41,243.442836,36.788877,0.05036745670967573
2023-08-31 11:07:39,243.463646,35.051767,0.044159063399597485
2023-08-31 17:22:50,243.72419,81.619113,0.03707721225921953
2023-09-01 05:50:12,244.243194,81.633745,0.0461728993968053
2023-09-01 05:53:47,244.245683,80.988758,0.04568510654297574
2023-09-01 09:22:20,244.390509,45.44864,0.08585384864460616
2023-09-01 09:45:23,244.406516,42.407175,0.09575079255925492
2023-09-01 09:55:43,244.413692,41.166332,0.0994109042308812
2023-09-01 10:37:21,244.442604,37.133879,0.08837419672082773
2023-09-01 11:37:21,244.484271,34.853472,0.06283642958426516
2023-09-01 14:22:20,244.598843,50.328558,0.08142015181795703
2023-09-02 07:52:18,245.327986,59.957197,0.0924697306917138
2023-09-02 09:55:55,245.413831,41.427412,0.10592364809805618
2023-09-02 10:07:02,245.421551,40.201856,0.10166818786810905
2023-09-02 10:22:01,245.431956,38.728132,0.09164712510387774
2023-09-02 10:37:03,245.442396,37.478377,0.12595924198669817
2023-09-02 10:52:01,245.452789,36.486509,0.12438701133595775
2023-09-02 11:22:02,245.473634,35.339874,0.10301844017889572
2023-09-02 11:37:03,245.484062,35.216843,0.06872927382427897
2023-09-02 12:07:02,245.504884,35.886331,0.07748792743565025
2023-09-02 14:22:03,245.598646,50.617187,0.05777666804188068
2023-09-02 14:37:03,245.609062,52.99076,0.057887033546299926
2023-09-02 14:44:58,245.61456,54.276304,0.06226778841569251
2023-09-02 14:50:33,245.618437,55.195157,0.05701115604954136
2023-09-02 15:38:46,245.651921,63.459431,0.09032030802503273
2023-09-02 15:52:25,245.6614,65.878345,0.05091131689190048
2023-09-03 05:55:47,246.247072,81.000479,0.11240755107589993
2023-09-03 06:04:45,246.253299,79.380662,0.15404891604229465
2023-09-03 06:10:42,246.257431,78.303422,0.1811105260262582
2023-09-03 06:17:47,246.26235,77.019665,0.16305965045373916
2023-09-03 08:29:22,246.353727,53.959779,0.1668704390991136
2023-09-03 08:51:43,246.369248,50.431978,0.18436425477427149
2023-09-03 09:36:43,246.400498,44.046636,0.15826530688782972
2023-09-03 09:44:47,246.4061,43.033,0.1533741753481651
2023-09-03 09:54:30,246.412847,41.876462,0.16046116646953612
2023-09-03 10:36:45,246.442187,37.824846,0.15456629132181446
2023-09-03 10:51:41,246.452558,36.842494,0.174308121280871
2023-09-03 11:06:41,246.462975,36.128448,0.19162755807120985
2023-09-03 11:21:42,246.473403,35.704452,0.1995766518146855
2023-09-03 11:36:43,246.483831,35.582274,0.20485731486136738
2023-09-03 11:51:44,246.494259,35.765141,0.20994841237351722
2023-09-03 12:51:44,246.535926,39.343504,0.21774099130363195
2023-09-03 13:06:41,246.546308,40.847399,0.21618899514441575
2023-09-03 13:21:42,246.556736,42.555739,0.21355471269672943
2023-09-03 13:36:42,246.567153,44.435725,0.21957945297527343
2023-09-03 13:44:44,246.572731,45.505883,0.22664210588159325
2023-09-03 13:51:39,246.577535,46.459371,0.2516925743042737
2023-09-03 14:06:43,246.587998,48.629331,0.24583050250759375
2023-09-03 14:21:43,246.598414,50.901147,0.308736568303007
2023-09-03 14:36:43,246.608831,53.267604,0.21906635282952225
2023-09-03 14:44:42,246.614375,54.560582,0.21613320637776168
2023-09-03 14:50:32,246.618426,55.518518,0.21797687761220652
2023-09-03 15:19:58,246.638866,60.4952,0.19792366399387404
2023-09-03 15:36:59,246.650683,63.459965,0.19920270284485977
2023-09-03 16:01:55,246.667998,67.886169,0.2262604591762861
2023-09-03 16:11:20,246.674537,69.57665,0.20219948655652356
2023-09-03 16:19:26,246.680162,71.036849,0.19881335773223022
2023-09-03 16:27:56,246.686065,72.574085,0.18273745740275207
2023-09-03 16:34:05,246.690336,73.688602,0.18077168865647583
2023-09-03 16:35:56,246.69162,74.02415,0.17971299602145194
2023-09-03 16:37:46,246.692894,74.356781,0.18340567591762727
2023-09-03 16:46:26,246.698912,75.930241,0.20365007419772513
2023-09-03 16:48:24,246.700278,76.287429,0.20933270220543052
2023-09-03 16:57:29,246.706586,77.936977,0.22143043813928295
2023-09-03 17:03:00,246.710417,78.938069,0.227995502228504
2023-09-03 17:08:51,246.714479,79.998337,0.2370646392515316
2023-09-03 17:17:41,246.720613,81.595084,0.26770281192123685
2023-09-04 06:27:44,247.269259,75.404551,0.15086562449611784
2023-09-04 06:37:05,247.275752,73.711592,0.1590948416953191
2023-09-04 06:38:56,247.277037,73.376965,0.15548978560585772
2023-09-04 06:42:08,247.279259,72.798504,0.1491264793226779
2023-09-04 06:48:20,247.283565,71.679249,0.14171487079423492
2023-09-04 06:55:11,247.288322,70.445548,0.14257336716196614
2023-09-04 07:03:36,247.294167,68.934961,0.1517070552574625
2023-09-04 07:09:13,247.298067,67.930601,0.14361397386170038
2023-09-04 07:12:42,247.300486,67.309409,0.1400056263957589
2023-09-04 07:37:39,247.317813,62.907136,0.13791934783950544
2023-09-04 08:30:44,247.354676,53.964435,0.13544532512286414
2023-09-04 08:39:24,247.360694,52.583176,0.19094569251765312
2023-09-04 08:47:31,247.366331,51.315572,0.14794974314885065
2023-09-04 09:06:23,247.379433,48.479875,0.17949698578222648
2023-09-04 09:54:35,247.412905,42.154689,0.14494794747601633
2023-09-04 10:06:22,247.421088,40.866999,0.13750547230212357
2023-09-04 10:21:23,247.431516,39.408318,0.1504535802041516
2023-09-04 10:36:23,247.441933,38.178152,0.15853264998828248
2023-09-04 10:51:22,247.452338,37.199424,0.16395468381619122
2023-09-04 11:06:23,247.462766,36.490436,0.1641816822920022
2023-09-04 11:21:22,247.473171,36.070989,0.15330472264523756
2023-09-04 11:36:22,247.483588,35.949709,0.15220928182908797
2023-09-04 11:51:21,247.493993,36.129997,0.16119098485579053
2023-09-04 12:06:22,247.504421,36.60835,0.16067790521060374
2023-09-04 12:21:23,247.51485,37.372868,0.16027245864768813
2023-09-04 12:36:23,247.525266,38.404535,0.15476582986623746
2023-09-04 12:51:22,247.535671,39.680736,0.15196398042447593
2023-09-04 13:06:22,247.546088,41.180334,0.15314116792927884
2023-09-04 13:21:22,247.556505,42.877435,0.15669816777412904
2023-09-04 15:35:11,247.649433,63.461417,0.17858375393890458
2023-09-04 16:47:33,247.699688,76.441354,0.18551860842194554
2023-09-04 17:07:11,247.713322,80.003415,0.16412731677915957
2023-09-04 17:12:00,247.716667,80.875025,0.15652343803379395
2023-09-05 05:54:25,248.246123,81.621672,0.09614632834013251
2023-09-05 05:57:59,248.2486,80.978713,0.10119388930487536
2023-09-05 06:01:56,248.251343,80.265507,0.11014729237768005
2023-09-05 06:06:49,248.254734,79.382529,0.1279682771161323
2023-09-05 06:12:45,248.258854,78.308452,0.16508553764997133
2023-09-05 06:19:55,248.263831,77.01022,0.19134717475373678
2023-09-05 06:28:42,248.269931,75.419246,0.21830470780431088
2023-09-05 06:38:03,248.276424,73.727555,0.2461066767544297
2023-09-05 06:40:09,248.277882,73.348064,0.2509936159495529
2023-09-05 06:43:12,248.28,72.797285,0.27125441467665695
2023-09-05 06:49:23,248.284294,71.682319,0.2728379223173623
2023-09-05 06:56:20,248.28912,70.43232,0.2792816120340991
2023-09-05 07:04:34,248.294838,68.956989,0.3141613591880164
2023-09-05 07:10:42,248.299097,67.862358,0.30619376076052723
2023-09-05 07:13:49,248.301262,67.307746,0.29619570930493494
2023-09-05 07:38:48,248.318611,62.910936,0.2861517730213218
2023-09-05 08:32:08,248.355648,53.967807,0.20499253421365812
2023-09-05 08:40:54,248.361736,52.580442,0.2130172992300307
2023-09-05 08:48:57,248.367326,51.333062,0.21245358033524697
2023-09-05 08:54:29,248.371169,50.49164,0.2155801774400873
2023-09-05 09:06:02,248.37919,48.781195,0.21849868948629853
2023-09-05 09:21:01,248.389595,46.665697,0.21912975172081356
2023-09-05 09:36:04,248.400046,44.67592,0.21181006730139593
2023-09-05 09:44:15,248.405729,43.658231,0.21099083537354849
2023-09-05 09:54:38,248.41294,42.439164,0.21161139818356348
2023-09-05 10:06:03,248.420868,41.200592,0.22715245219407157
2023-09-05 10:21:02,248.431273,39.754168,0.22549028230464904
2023-09-05 10:36:03,248.441701,38.530794,0.22586570465409908
2023-09-05 11:06:01,248.462512,36.856777,0.19978912378591007
2023-09-05 11:21:02,248.47294,36.439404,0.18908689211186297
2023-09-05 11:36:04,248.48338,36.319191,0.18753502974959757
2023-09-05 11:51:01,248.493762,36.498011,0.18574463411681838
2023-09-05 12:06:01,248.504178,36.97198,0.19808302556982338
2023-09-05 12:21:02,248.514606,37.73049,0.17694419498253552
2023-09-05 12:36:03,248.525035,38.755863,0.1896194725026576
2023-09-05 12:51:02,248.53544,40.023656,0.1858486544473427
2023-09-05 13:06:01,248.545845,41.512392,0.1682924738147815
2023-09-05 13:21:02,248.556273,43.201901,0.13930033909758602
2023-09-05 13:36:03,248.566701,45.065382,0.1378536682602595
2023-09-05 13:44:04,248.572269,46.123635,0.1351288208254379
2023-09-05 13:51:04,248.57713,47.080493,0.13050866233461722
2023-09-05 14:06:03,248.587535,49.221836,0.12474727383431847
2023-09-05 14:21:03,248.597951,51.477939,0.12256738088356517
2023-09-05 14:40:18,248.611319,54.511944,0.11907779901200456
2023-09-05 15:16:17,248.636308,60.506985,0.12344615794619457
2023-09-05 15:33:23,248.648183,63.466652,0.12055038134896047
2023-09-05 15:47:04,248.657685,65.872888,0.12530897508843108
2023-09-05 15:58:22,248.665532,67.880466,0.1251396145682514
2023-09-05 16:07:50,248.672106,69.573939,0.1330316065443877
2023-09-05 16:15:53,248.677697,71.020854,0.1390048144840064
2023-09-05 16:24:23,248.6836,72.554362,0.13550649918298804
2023-09-05 16:30:06,248.687569,73.588238,0.1386103492896052
2023-09-05 16:31:53,248.688808,73.911096,0.1379021329936527
2023-09-05 16:39:21,248.693993,75.264227,0.13987648480451295
2023-09-05 16:45:15,248.69809,76.334528,0.14116361900724278
2023-09-05 16:54:28,248.704491,78.007126,0.14351309205326707
2023-09-05 16:59:38,248.708079,78.944404,0.14150395698275017
2023-09-05 17:10:25,248.715567,80.897461,0.14776237425412087
2023-09-06 05:55:29,249.246863,81.617946,0.09142904393037678
2023-09-06 05:59:04,249.249352,80.97186,0.09030220910074112
2023-09-06 06:03:22,249.252338,80.195343,0.09086835737565457
2023-09-06 06:08:01,249.255567,79.354533,0.09073036797505422
2023-09-06 06:13:50,249.259606,78.301758,0.08910600878555214
2023-09-06 06:20:53,249.264502,77.025127,0.08626163897634384
2023-09-06 06:29:53,249.270752,75.395876,0.08906542751931809
2023-09-06 06:38:42,249.276875,73.801983,0.09205684010309839
2023-09-06 06:40:35,249.278183,73.461943,0.09122619791976656
2023-09-06 06:44:22,249.28081,72.779434,0.09089703631089066
2023-09-06 06:50:20,249.284954,71.704869,0.09126814936962391
2023-09-06 06:57:19,249.289803,70.450635,0.09278228324435536
2023-09-06 07:05:33,249.295521,68.97774,0.09543702510320982
2023-09-06 07:14:55,249.302025,67.311001,0.09826020662197754
2023-09-06 07:26:13,249.309873,65.315426,0.10134538538274818
2023-09-06 07:39:58,249.319421,62.914331,0.09816860775637135
2023-09-06 08:33:32,249.35662,53.975352,0.09928888690699768
2023-09-06 08:42:10,249.362616,52.618629,0.09933918108579656
2023-09-06 08:52:22,249.369699,51.054701,0.10804834881168192
2023-09-06 09:05:43,249.37897,49.079342,0.09842389193130702
2023-09-06 09:20:43,249.389387,46.970355,0.09529820441406718
2023-09-06 09:35:44,249.399815,44.994268,0.09570592359650382
2023-09-06 09:43:43,249.405359,44.005846,0.0975422022052937
2023-09-06 09:53:22,249.41206,42.874646,0.10231091019835771
2023-09-06 10:05:43,249.420637,41.537687,0.09406641926366993
2023-09-06 10:20:42,249.431042,40.100284,0.09022592115170035
2023-09-06 10:35:44,249.441481,38.883975,0.0828008215562266
2023-09-06 10:43:48,249.447083,38.332676,0.08291347156160786
2023-09-06 10:50:43,249.451887,37.919641,0.08026879439342796
2023-09-06 11:05:42,249.462292,37.223001,0.09200763211868646
2023-09-06 11:20:45,249.472743,36.808722,0.09086479544745667
2023-09-06 11:50:45,249.493576,36.869421,0.1057497569923631
2023-09-06 12:05:45,249.503993,37.341096,0.09789588124199354
2023-09-06 12:20:45,249.51441,38.094268,0.09516814828036126
2023-09-06 12:35:46,249.524838,39.11333,0.10070993791488748
2023-09-06 12:50:43,249.53522,40.370556,0.09195387496926916
2023-09-06 13:05:43,249.545637,41.85231,0.0848734225416525
2023-09-06 13:20:43,249.556053,43.530977,0.08581067832057586
2023-09-06 13:35:45,249.566493,45.387536,0.08785329264545945
2023-09-06 13:43:44,249.572037,46.436666,0.09063882962031347
2023-09-06 13:50:43,249.576887,47.387096,0.09385341202020253
2023-09-06 14:20:44,249.597731,51.773077,0.09485156363188961
2023-09-06 15:45:19,249.65647,65.883933,0.09536046652110153
2023-09-06 15:56:34,249.664282,67.878053,0.10129733307823635
2023-09-06 16:06:03,249.670868,69.571236,0.10317810297599765
2023-09-06 16:14:09,249.676493,71.024788,0.10132176337183532
2023-09-06 16:22:25,249.682234,72.514135,0.10338273139447778
2023-09-06 16:28:18,249.686319,73.576909,0.10272238060061119
2023-09-06 16:30:01,249.687512,73.887375,0.10277930795862242
2023-09-06 16:32:46,249.689421,74.385021,0.10477230157424562
2023-09-06 16:37:31,249.69272,75.245327,0.10985008850317078
2023-09-06 16:44:33,249.697604,76.520425,0.11201040907086805
2023-09-06 16:53:38,249.703912,78.168095,0.11597596166584355
2023-09-06 16:57:52,249.706852,78.935828,0.11355805035138107
2023-09-06 17:03:44,249.710926,79.998994,0.11369066700361778
2023-09-06 17:08:33,249.714271,80.870723,0.11760377545848757
2023-09-06 17:12:37,249.717095,81.605509,0.1191638325301722
2023-09-07 05:56:29,250.247558,81.626901,0.084858306336014
2023-09-07 06:00:04,250.250046,80.980766,0.08347620322488589
2023-09-07 06:04:01,250.252789,80.267509,0.07061229885170674
2023-09-07 06:08:55,250.256192,79.381663,0.07210946312527823
2023-09-07 06:14:46,250.260255,78.323159,0.07291401006878818
2023-09-07 06:21:52,250.265185,77.038053,0.07389367572609934
2023-09-07 06:30:49,250.2714,75.418932,0.0663518204341089
2023-09-07 06:39:51,250.277674,73.787397,0.0624680806133083
2023-09-07 06:41:39,250.278924,73.462766,0.0643803205703807
2023-09-07 06:45:19,250.28147,72.802073,0.06329559937658694
2023-09-07 06:51:26,250.285718,71.70195,0.06293338630599642
2023-09-07 06:58:27,250.29059,70.443706,0.05993116175216273
2023-09-07 07:06:42,250.296319,68.970543,0.05771815086196542
2023-09-07 07:12:21,250.300243,67.96602,0.058613506184926736
2023-09-07 07:16:03,250.302812,67.310348,0.059502040831432366
2023-09-07 07:27:23,250.310683,65.313984,0.05714294325834457
2023-09-07 07:41:10,250.320255,62.914512,0.059439832706420725
2023-09-07 07:58:24,250.332222,59.968284,0.05810335673413131
2023-09-07 08:35:01,250.35765,53.973987,0.06359471696636951
2023-09-07 08:43:38,250.363634,52.630122,0.06503810761264556
2023-09-07 08:51:37,250.369178,51.412445,0.06129774879058411
2023-09-07 08:57:06,250.372986,50.592589,0.062405448792277704
2023-09-07 09:05:24,250.37875,49.379149,0.06180060309648917
2023-09-07 09:20:22,250.389144,47.283519,0.06126389920332006
2023-09-07 09:35:25,250.399595,45.312222,0.06268459545201685
2023-09-07 09:43:24,250.405139,44.32888,0.062035511427191894
2023-09-07 09:53:35,250.412211,43.143834,0.06236373138466432
2023-09-07 10:05:24,250.420417,41.874797,0.06054024146157249
2023-09-07 10:20:22,250.43081,40.448108,0.0695852335196647
2023-09-07 10:35:24,250.44125,39.240073,0.06234961246666569
2023-09-07 10:43:24,250.446806,38.696963,0.06392207585246136
2023-09-07 10:50:22,250.451644,38.283697,0.06272547152531774
2023-09-07 11:05:23,250.462072,37.59092,0.05984513892707569
2023-09-07 11:20:24,250.4725,37.180942,0.06582850022409924
2023-09-07 11:35:23,250.482905,37.063465,0.06500527688421824
2023-09-07 11:50:24,250.493333,37.240861,0.0673419493179646
2023-09-07 12:05:25,250.503762,37.70942,0.06710579824427344
2023-09-07 12:20:21,250.514132,38.453227,0.06892807629689535
2023-09-07 12:35:26,250.524606,39.469168,0.0673319447196299
2023-09-07 12:50:25,250.535012,40.721286,0.07012230480631351
2023-09-07 13:05:24,250.545417,42.192872,0.07326593948025747
2023-09-07 13:20:25,250.555845,43.864507,0.08010101083020577
2023-09-07 13:35:25,250.566262,45.707955,0.07471294114887456
2023-09-07 13:43:23,250.571794,46.750074,0.07425219241803678
2023-09-07 13:50:23,250.576655,47.698625,0.07650082671010197
2023-09-07 14:35:24,250.607917,54.406132,0.08089698995408007
2023-09-07 14:43:19,250.613414,55.67429,0.07884360033791799
2023-09-07 14:48:56,250.617315,56.586947,0.07744856698965807
2023-09-07 15:43:28,250.655185,65.880715,0.08109220401670722
2023-09-07 16:04:17,250.669641,69.574511,0.08533716442272013
2023-09-07 16:12:24,250.675278,71.028563,0.08606349355093289
2023-09-07 16:20:36,250.680972,72.503748,0.08666094248555378
2023-09-07 16:26:13,250.684873,73.517041,0.08796770047621535
2023-09-07 16:28:19,250.686331,73.896398,0.08806398335037507
2023-09-07 16:30:56,250.688148,74.369422,0.08943941653249816
2023-09-07 16:40:02,250.694468,76.016772,0.08958593867200339
2023-09-07 16:54:20,250.704398,78.609137,0.0923596514368589
2023-09-07 17:01:58,250.709699,79.992353,0.09889227953658336
2023-09-07 17:06:50,250.713079,80.873082,0.0930999615215779
2023-09-07 17:11:04,250.716019,81.637998,0.1001635018798552
2023-09-08 05:57:28,251.248241,81.639557,0.10537852527498248
2023-09-08 06:01:04,251.250741,80.990421,0.10270326753579968
2023-09-08 06:05:15,251.253646,80.235082,0.10123991369474764
2023-09-08 06:09:54,251.256875,79.394594,0.0992763361320792
2023-09-08 06:15:45,251.260938,78.336469,0.09853164638750049
2023-09-08 06:22:53,251.265891,77.046018,0.09682928181609243
2023-09-08 06:31:52,251.27213,75.422102,0.09723104552212694
2023-09-08 06:40:48,251.278333,73.81026,0.09614326566779971
2023-09-08 06:42:42,251.279653,73.467995,0.09609719032184151
2023-09-08 06:46:28,251.282269,72.79016,0.09559627532693855
2023-09-08 06:52:29,251.286447,71.709586,0.10028921852560892
2023-09-08 06:59:30,251.291319,70.453398,0.09755791803114182
2023-09-08 07:07:56,251.297176,68.950429,0.09555149019469165
2023-09-08 07:13:31,251.301053,67.959976,0.09650615270266813
2023-09-08 07:17:10,251.303588,67.314695,0.0964815808690538
2023-09-08 07:42:21,251.321076,62.920194,0.09668172905107394
2023-09-08 07:59:40,251.333102,59.971569,0.1012919888212014
2023-09-08 08:08:30,251.339236,58.496034,0.09661732989990421
2023-09-08 08:20:02,251.347245,56.603245,0.09665949581334495
2023-09-08 08:35:02,251.357662,54.206996,0.09526452987421423
2023-09-08 08:43:04,251.363241,52.958209,0.09328926450856487
2023-09-08 08:50:02,251.368079,51.896924,0.09441317400530651
2023-09-08 09:05:01,251.378484,49.690158,0.09672876666031123
2023-09-08 09:20:02,251.388912,47.59606,0.09282983738228893
2023-09-08 09:35:04,251.399352,45.636047,0.09680927517375297
2023-09-08 09:43:10,251.404977,44.643643,0.10033413871328602
2023-09-08 09:52:42,251.411597,43.53853,0.09601876979497544
2023-09-08 10:05:03,251.420174,42.216986,0.091139466860625
2023-09-08 10:20:03,251.43059,40.796125,0.09138993906896738
2023-09-08 10:35:03,251.441007,39.598998,0.09222414889667899
2023-09-08 10:42:59,251.446516,39.063863,0.09259384211718369
2023-09-08 10:50:03,251.451424,38.647527,0.09655033139108538
2023-09-08 11:05:02,251.461829,37.961678,0.09978117091365232
2023-09-08 11:20:03,251.472257,37.554786,0.0990694774531513
2023-09-08 11:35:02,251.482662,37.438144,0.10470421725748766
2023-09-08 11:50:01,251.493067,37.613345,0.1018520342328699
2023-09-08 12:05:04,251.503519,38.078923,0.10248230220560532
2023-09-08 12:20:03,251.513924,38.820047,0.10502922683213618
2023-09-08 12:35:08,251.524398,39.829607,0.10912254220164797
2023-09-08 12:50:04,251.534769,41.069656,0.11183620478140281
2023-09-08 13:05:04,251.545185,42.533982,0.11171836149226434
2023-09-08 13:20:02,251.555579,44.190658,0.11052772939459223
2023-09-08 13:35:04,251.566019,46.028697,0.10526133104234887
2023-09-08 13:43:00,251.571528,47.061548,0.10311584566607579
2023-09-08 13:50:03,251.576424,48.012641,0.10641777823429795
2023-09-08 14:05:03,251.58684,50.130939,0.10700560386944095
2023-09-08 14:20:03,251.597257,52.363433,0.10585007608412571
2023-09-08 14:35:05,251.607697,54.699239,0.10191229255522766
2023-09-08 14:43:05,251.613252,55.977336,0.1073945986372076
2023-09-08 15:27:49,251.644317,63.475484,0.12095122364717453
2023-09-08 15:41:40,251.653935,65.889627,0.11966908561119038
2023-09-08 15:52:58,251.661782,67.882688,0.11967883547222355
2023-09-08 16:02:30,251.668403,69.577724,0.11761843014876265
2023-09-08 16:10:40,251.674074,71.03809,0.12045260061710154
2023-09-08 16:19:02,251.679884,72.541016,0.11981579271465541
2023-09-08 16:24:48,251.683889,73.580102,0.1203052845785396
2023-09-08 16:26:41,251.685197,73.919937,0.1189542390171954
2023-09-08 16:29:12,251.686944,74.37438,0.11781827458963592
2023-09-08 16:34:01,251.690289,75.245058,0.1177746053930032
2023-09-08 16:38:26,251.693356,76.044301,0.11522875390327558
2023-09-08 16:52:18,251.702986,78.556567,0.12104744968603026
2023-09-08 16:54:22,251.704421,78.931064,0.11987521882708131
2023-09-08 17:00:21,251.708576,80.014839,0.12599919446963886
2023-09-08 17:05:09,251.71191,80.883362,0.12956950987394728
2023-09-08 17:09:06,251.714653,81.597096,0.12881342251928754
2023-09-09 05:58:44,252.24912,81.601886,0.11489730202825052
2023-09-09 06:02:03,252.251424,81.003859,0.10981606109831019
2023-09-09 06:06:10,252.254282,80.260704,0.10948661222301061
2023-09-09 06:10:59,252.257627,79.390353,0.10812367921642449
2023-09-09 06:16:55,252.261748,78.31762,0.10745299804998322
2023-09-09 06:24:05,252.266725,77.021952,0.10427358280409799
2023-09-09 06:33:00,252.272917,75.411491,0.10669955067239005
2023-09-09 06:42:04,252.279213,73.777492,0.10668785295120654
2023-09-09 06:43:58,252.280532,73.435692,0.106581952359772
2023-09-09 06:47:31,252.282998,72.797749,0.10633484498048272
2023-09-09 06:53:36,252.287222,71.706883,0.10538585733360448
2023-09-09 07:08:45,252.297743,69.006219,0.10862917536997903
2023-09-09 07:18:19,252.304387,67.315257,0.11033123371971955
2023-09-09 07:29:41,252.31228,65.323882,0.11073563822581131
2023-09-09 07:43:35,252.321933,62.919954,0.11000364065497399
2023-09-09 08:00:58,252.334005,59.972426,0.10822311274246203
2023-09-09 08:09:43,252.340081,58.517983,0.1086191406609949
2023-09-09 08:19:41,252.347002,56.888742,0.11009190055104347
2023-09-09 08:34:43,252.357442,54.494036,0.1118123957115431
2023-09-09 08:42:42,252.362986,53.256928,0.10726181308385961
2023-09-09 08:49:41,252.367836,52.196629,0.10834755629424889
2023-09-09 09:04:43,252.378275,49.990781,0.10929916950000888
2023-09-09 09:19:41,252.388669,47.912458,0.11148729819378443
2023-09-09 09:34:42,252.399097,45.963561,0.10984659940843552
2023-09-09 09:42:46,252.404699,44.979992,0.10726154350890514
2023-09-09 09:51:36,252.410833,43.958692,0.1081219671133107
2023-09-09 10:04:41,252.419919,42.562456,0.10900764241305627
2023-09-09 10:19:42,252.430347,41.148654,0.10597089530794604
2023-09-09 10:34:43,252.440775,39.958284,0.1076556939328162
2023-09-09 10:42:38,252.446273,39.428074,0.10641507745619985
2023-09-09 10:49:42,252.451181,39.014726,0.1053409923996247
2023-09-09 11:04:40,252.461574,38.334563,0.10700904256326485
2023-09-09 11:19:42,252.472014,37.930169,0.1113038346089324
2023-09-09 11:34:42,252.482431,37.81444,0.10748451956181511
2023-09-09 11:49:43,252.492859,37.989268,0.11028833574019824
2023-09-09 12:04:42,252.503264,38.449516,0.10680221438529595
2023-09-09 12:19:44,252.513704,39.187731,0.10862536953192595
2023-09-09 12:34:45,252.524132,40.185757,0.10880010606981254
2023-09-09 12:49:40,252.534491,41.415632,0.11406638365821994
2023-09-09 13:04:42,252.544931,42.873815,0.11616203689822886
2023-09-09 13:19:42,252.555347,44.524939,0.11296229378387748
2023-09-09 13:34:43,252.565775,46.351781,0.11347079270124122
2023-09-09 13:42:40,252.571296,47.382033,0.11470028083589037
2023-09-09 13:49:43,252.576192,48.329014,0.1099019864050825
2023-09-09 14:04:43,252.586609,50.43889,0.10037969099152588
2023-09-09 14:19:42,252.597014,52.660977,0.10734142953509786
2023-09-09 14:34:42,252.607431,54.984158,0.10464706853236978
2023-09-09 14:42:40,252.612963,56.253167,0.10270521549826284
2023-09-09 14:49:41,252.617836,57.388973,0.10460987665844938
2023-09-09 15:04:44,252.628287,59.876416,0.10044345610618415
2023-09-09 15:08:32,252.630926,60.514489,0.10434102893111968
2023-09-09 15:25:50,252.64294,63.463599,0.10308593827295882
2023-09-09 15:51:12,252.660556,67.895473,0.09630292486539346
2023-09-09 16:08:54,252.672847,71.044325,0.09779709353237036
2023-09-09 16:16:58,252.678449,72.490883,0.09306736614848625
2023-09-09 16:22:43,252.682442,73.525369,0.09072996156468502
2023-09-09 16:24:35,252.683738,73.861721,0.09234396796495088
2023-09-09 16:27:36,252.685833,74.405767,0.09376066918532575
2023-09-09 16:32:14,252.689051,75.242393,0.09427297370719498
2023-09-09 16:36:36,252.692083,76.03181,0.09374514588243597
2023-09-09 16:50:47,252.701933,78.599637,0.09028025600101625
2023-09-09 16:52:41,252.703252,78.943765,0.09091123321582019
2023-09-09 16:58:29,252.70728,79.99395,0.0904268939336371
2023-09-09 17:03:23,252.710683,80.880384,0.09065841817752925
2023-09-09 17:07:30,252.713542,81.624138,0.09055472659178594
2023-09-10 06:03:05,253.252141,81.009081,0.1185530422282656
2023-09-10 06:07:11,253.254988,80.269126,0.11844849467670959
2023-09-10 06:12:04,253.25838,79.387061,0.11707248461372241
2023-09-10 06:17:51,253.262396,78.341996,0.11986334053847496
2023-09-10 06:25:00,253.267361,77.050246,0.1207746393149185
2023-09-10 06:34:14,253.273773,75.384178,0.12100732763785915
2023-09-10 06:43:03,253.279896,73.797187,0.11873629956101137
2023-09-10 06:44:56,253.281204,73.458843,0.11764606063174798
2023-09-10 06:48:33,253.283715,72.809858,0.11593070847091981
2023-09-10 06:54:43,253.287998,71.705852,0.11573592688162354
2023-09-10 07:01:51,253.292951,70.433472,0.11780919663642112
2023-09-10 07:09:54,253.298542,69.004729,0.1156499410555622
2023-09-10 07:15:40,253.302546,67.986403,0.11684612146730372
2023-09-10 07:19:33,253.305243,67.303341,0.11582522174718317
2023-09-10 07:30:53,253.313113,65.323692,0.11368790980837565
2023-09-10 07:44:50,253.322801,62.919631,0.11707816119466226
2023-09-10 08:02:16,253.334907,59.976538,0.11594003096121394
2023-09-10 08:11:01,253.340984,58.529575,0.11586065741418815
2023-09-10 08:34:22,253.357199,54.787762,0.11362018571681852
2023-09-10 08:42:21,253.362743,53.554562,0.11268446147433156
2023-09-10 08:49:20,253.367593,52.497833,0.1141225932611001
2023-09-10 09:04:19,253.377998,50.307239,0.11655038953895884
2023-09-10 09:19:20,253.388426,48.230417,0.1153569774123491
2023-09-10 09:34:25,253.3989,46.282277,0.11705021751331728
2023-09-10 09:42:23,253.404433,45.315878,0.1211758363684991
2023-09-10 09:51:55,253.411053,44.221878,0.12256232333898937
2023-09-10 10:04:20,253.419676,42.907778,0.12349105528360126
2023-09-10 10:34:22,253.440532,40.320254,0.11538787054831051
2023-09-10 10:42:21,253.446076,39.789618,0.11490660778087897
2023-09-10 10:49:22,253.450949,39.382484,0.1135217292822386
2023-09-10 11:04:21,253.461354,38.707084,0.11582091001982181
2023-09-10 11:19:23,253.471794,38.306434,0.11696540036771463
2023-09-10 11:34:22,253.482199,38.192228,0.11587894806517045
2023-09-10 11:49:21,253.492604,38.365328,0.11918140989393369
2023-09-10 12:04:21,253.503021,38.822431,0.11705933702455404
2023-09-10 12:19:21,253.513438,39.553308,0.11636211823586015
2023-09-10 12:34:24,253.523889,40.546287,0.12100883807209886
2023-09-10 12:49:23,253.534294,41.774076,0.11490130375327327
2023-09-10 13:04:20,253.544676,43.215746,0.11186250090840519
2023-09-10 13:19:24,253.555139,44.865207,0.11366046927878763
2023-09-10 13:34:22,253.565532,46.677077,0.1145672904878639
2023-09-10 13:42:21,253.571076,47.706925,0.11141314948412606
2023-09-10 13:49:23,253.575961,48.647616,0.11360867223141069
2023-09-10 14:04:23,253.586377,50.749085,0.11515534942768893
2023-09-10 14:19:21,253.596771,52.96078,0.11470675398071528
2023-09-10 14:34:22,253.607199,55.279216,0.11490442140497127
2023-09-10 14:42:21,253.612743,56.547305,0.11189058969936665
2023-09-10 14:49:22,253.617616,57.680147,0.11571095346364012
2023-09-10 15:04:23,253.628044,60.156167,0.1265572555603917
2023-09-10 15:06:29,253.629502,60.507539,0.1251017508220425
2023-09-10 15:23:58,253.641644,63.475388,0.13448483319114304
2023-09-10 15:37:54,253.651319,65.887979,0.13220758513671474
2023-09-10 15:49:16,253.659213,67.88179,0.12776748632641063
2023-09-10 16:07:17,253.671725,71.079967,0.12683024419184424
2023-09-10 16:15:45,253.677604,72.5959,0.1312106467275722
2023-09-10 16:21:39,253.681701,73.656064,0.12981558857592315
2023-09-10 16:23:44,253.683148,74.031055,0.12861430277062477
2023-09-10 16:25:39,253.684479,74.376312,0.13007352860104412
2023-09-10 16:30:33,253.687882,75.26001,0.1314511024583168
2023-09-10 16:34:48,253.690833,76.027522,0.1290573604099876
2023-09-10 16:49:13,253.700845,78.635534,0.12044512157396446
2023-09-10 16:51:04,253.70213,78.970417,0.12220660371022832
2023-09-10 16:56:50,253.706134,80.014079,0.12509057133207827
2023-09-10 17:01:34,253.709421,80.870096,0.12612755000153805
2023-09-10 17:05:48,253.712361,81.634786,0.12755738549927598
2023-09-11 06:04:15,254.252951,80.991094,0.10600110393319505
2023-09-11 06:08:15,254.255729,80.269419,0.10635264715663473
2023-09-11 06:13:10,254.259144,79.38174,0.1068948116601182
2023-09-11 06:18:54,254.263125,78.346344,0.10395439653120916
2023-09-11 06:26:11,254.268183,77.031563,0.10280388279160271
2023-09-11 06:35:11,254.274433,75.40928,0.131950891320583
2023-09-11 06:44:10,254.280671,73.794395,0.104738575399924
2023-09-11 06:49:38,254.284468,72.814572,0.10426538478085945
2023-09-11 06:55:47,254.288738,71.715455,0.10464971285485705
2023-09-11 07:02:50,254.293634,70.460351,0.10588783577200842
2023-09-11 07:20:39,254.306007,67.317052,0.13705299785508746
2023-09-11 07:32:04,254.313935,65.328862,0.13873477936868533
2023-09-11 07:46:01,254.323623,62.933486,0.12796868601678665
2023-09-11 08:03:35,254.335822,59.981189,0.10384624449116348
2023-09-11 08:42:05,254.362558,53.840959,0.1429131451636919
2023-09-11 09:18:58,254.388171,48.552123,0.1218878958522317
2023-09-11 09:34:00,254.398611,46.619077,0.11595135082535434
2023-09-11 09:42:01,254.404178,45.651285,0.11312774894424497
2023-09-11 09:51:27,254.410729,44.574058,0.10938354780282143
2023-09-11 10:04:00,254.419444,43.252929,0.11389065612236221
2023-09-11 10:18:59,254.42985,41.859639,0.1149656273418747
2023-09-11 10:33:58,254.440255,40.687165,0.11476947897944983
2023-09-11 10:41:54,254.445764,40.162896,0.11650923978890063
2023-09-11 10:48:58,254.450671,39.755218,0.11529263519665424
2023-09-11 11:03:59,254.4611,39.08278,0.12106615116070632
2023-09-11 11:19:00,254.471528,38.685217,0.11559609710507408
2023-09-11 11:34:02,254.481968,38.571418,0.11226923557369273
2023-09-11 11:49:01,254.492373,38.743553,0.12148910607478353
2023-09-11 12:04:00,254.502778,39.196892,0.1342766418058444
2023-09-11 12:49:01,254.534039,42.1269,0.11975334289738217
2023-09-13 06:10:30,256.257292,80.251807,0.14522532409951341
2023-09-13 06:15:28,256.260741,79.356157,0.1566091434680989
2023-09-13 09:18:17,256.387697,49.193292,0.19707567520683478
2023-09-13 09:51:32,256.410787,45.171502,0.18390582598600502
2023-09-13 10:03:17,256.418947,43.952491,0.18023169655359988
2023-09-13 10:33:18,256.439792,41.415588,0.18348914387920856
2023-09-13 11:18:15,256.471007,39.446255,0.12025746270522417
2023-09-13 11:33:16,256.481435,39.333443,0.11799426277709858
2023-09-13 11:41:11,256.486933,39.38757,0.11517490385250849
2023-09-13 11:48:17,256.491863,39.502599,0.13292336943514452
2023-09-13 12:18:17,256.512697,40.664329,0.10864073373305902
2023-09-13 12:33:18,256.523125,41.6343,0.11954116484169125
2023-09-13 13:03:33,256.544132,44.285009,0.08421400022920124
2023-09-13 13:18:17,256.554363,45.872666,0.0789382552169903
2023-09-13 13:33:18,256.564792,47.662873,0.0757677626857991
2023-09-13 13:41:11,256.570266,48.665353,0.0733078719915027
2023-09-13 13:48:15,256.575174,49.597614,0.07579594963037826
2023-09-13 14:03:14,256.585579,51.670469,0.07182394156372114
2023-09-13 14:18:14,256.595995,53.862469,0.07338199984288184
2023-09-13 14:33:17,256.606447,56.163445,0.07882225588197053
2023-09-13 14:41:19,256.612025,57.428352,0.08109017803759427
2023-09-13 14:48:15,256.61684,58.538569,0.08473546158584751
2023-09-13 15:00:18,256.625208,60.505209,0.07305661269252159
2023-09-13 15:43:40,256.655324,67.893363,0.06476010036013607
2023-09-13 15:53:17,256.662002,69.58195,0.06999626663703423
2023-09-13 16:01:28,256.667685,71.029509,0.06726009582662286
2023-09-13 16:09:42,256.673403,72.49459,0.06731284754121268
2023-09-13 16:15:35,256.677488,73.545986,0.06621286585920672
2023-09-13 16:17:24,256.67875,73.871307,0.06599742278258613
2023-09-13 16:20:12,256.680694,74.373284,0.06449388427061897
2023-09-13 16:25:09,256.684132,75.262239,0.06473735914837103
2023-09-13 16:29:22,256.68706,76.020851,0.0656258123573519
2023-09-13 16:44:31,256.697581,78.753638,0.07128695666351328
2023-09-13 16:46:14,256.698773,79.063711,0.07164290233044258
2023-09-13 16:51:30,256.702431,80.015091,0.07339115616154646
2023-09-13 16:56:15,256.705729,80.872884,0.0710884341132929
2023-09-13 17:00:22,256.708588,81.615719,0.07134226053817591
2023-09-14 12:47:54,257.533264,43.193961,0.0993587744368334
2023-09-14 13:47:54,257.574931,49.921682,0.06282705733311884
2023-09-14 14:17:53,257.595752,54.170045,0.07826409925018674
2023-09-14 14:32:54,257.606181,56.458371,0.06936566733131544
2023-09-14 14:40:50,257.61169,57.703604,0.06541386954204079
2023-09-14 15:15:58,257.636088,63.465759,0.06757486057547452
2023-09-14 15:30:08,257.645926,65.881851,0.06682883785144654
2023-09-14 15:41:41,257.653947,67.882382,0.0657592456297385
2023-09-14 15:51:23,257.660683,69.580635,0.06821757857985897
2023-09-14 15:59:40,257.666435,71.042233,0.0801139088014885
2023-09-14 16:08:00,257.672222,72.521954,0.07318181808144679
2023-09-14 16:13:48,257.67625,73.556503,0.07161111638851717
2023-09-14 16:15:39,257.677535,73.887205,0.07444477282631827
2023-09-14 16:18:19,257.679387,74.364453,0.07756621923031527
2023-09-14 16:23:11,257.682766,75.236999,0.08325639476320489
2023-09-14 16:27:34,257.68581,76.024426,0.08117293072950883
2023-09-14 16:36:36,257.692083,77.650832,0.08888749418247745
2023-09-14 16:43:45,257.697049,78.940531,0.09256026723504267
2023-09-14 16:49:38,257.701134,80.002438,0.09889622260405553
2023-09-14 16:54:33,257.704549,80.889744,0.10020128878707907
2023-09-14 16:58:39,257.707396,81.629165,0.09547893867938072
2023-09-15 06:12:42,258.258819,80.247257,0.06071379745107184
2023-09-15 06:17:22,258.26206,79.407007,0.056862544751958836
2023-09-15 06:23:12,258.266111,78.357062,0.06495653057042917
2023-09-15 06:30:25,258.271123,77.05965,0.05565880718462102
2023-09-15 08:47:32,258.366343,54.032756,0.061143599144047815
2023-09-15 09:17:31,258.387164,49.85106,0.057736699039251944
2023-09-15 09:32:32,258.397593,47.955671,0.05548940028506273
2023-09-15 09:47:32,258.408009,46.219589,0.07364813521710921
2023-09-15 10:02:32,258.418426,44.660584,0.0641353947220643
2023-09-15 10:32:34,258.439282,42.153531,0.0529661902075698
2023-09-15 10:40:29,258.44478,41.644822,0.052926641082551004
2023-09-15 10:47:31,258.449664,41.250402,0.05286607358421507
2023-09-15 11:02:35,258.460127,40.595284,0.052974777958497046
2023-09-15 11:17:33,258.470521,40.210902,0.04975172618868721
2023-09-17 14:47:42,260.616458,59.856395,0.5855573588493311
2023-09-17 14:51:53,260.619363,60.528003,0.5939388251327543
2023-09-17 15:24:08,260.641759,65.878472,0.6045873754642872
2023-09-17 15:35:50,260.649884,67.882852,0.6531966856462307
2023-09-17 15:53:53,260.662419,71.026097,0.6146275348601187
2023-09-17 16:02:37,260.668484,72.565647,0.6214270780806282
2023-09-17 16:10:36,260.674028,73.981656,0.5617343880117056
2023-09-17 16:12:44,260.675509,74.361286,0.5560988995086283
2023-09-17 16:17:38,260.678912,75.235015,0.5299414328175412
2023-09-17 16:21:56,260.681898,76.003598,0.5198334452027908
2023-09-17 16:31:22,260.688449,77.694697,0.5579194679160508
2023-09-19 06:09:16,262.256435,81.656286,0.06301535627750197
2023-09-19 06:12:49,262.2589,81.019642,0.05827421170664739
2023-09-19 06:16:53,262.261725,80.290236,0.05646523485590459
2023-09-19 06:21:45,262.265104,79.417629,0.061722647963438286
2023-09-19 06:27:39,262.269201,78.360801,0.06055867425741926
2023-09-19 06:34:56,262.274259,77.058787,0.05608812304536661
2023-09-19 06:43:59,262.280544,75.446606,0.05562102071991977
2023-09-19 06:53:00,262.286806,73.848455,0.05380714477005539
2023-09-19 06:54:47,262.288044,73.533488,0.05273837722646786
2023-09-19 06:58:50,262.290856,72.819708,0.051909075266448675
2023-09-19 07:05:05,262.295197,71.722648,0.05170319435096227
2023-09-19 07:12:12,262.300139,70.480763,0.04839704812201058
2023-09-19 07:20:26,262.305856,69.054978,0.04266248730289103
2023-09-19 07:30:26,262.312801,67.340705,0.040654826480135034
2023-09-19 07:42:11,262.320961,65.354254,0.0384186006027805
2023-09-19 07:56:38,262.330995,62.958919,0.03350512983864293
2023-09-19 08:14:56,262.343704,60.014141,0.032330450140652785
2023-09-19 08:31:05,262.354919,57.512882,0.029699557898325187
2023-09-19 08:39:10,262.360532,56.300416,0.02979214800240286
2023-09-19 08:46:04,262.365324,55.288413,0.029512015368120734
2023-09-19 09:16:05,262.386169,51.168861,0.03211660060611451
2023-09-19 09:31:07,262.396609,49.306888,0.029605411568622942
2023-09-19 09:39:09,262.402188,48.375518,0.031565651343480834
2023-09-19 09:48:30,262.408681,47.352158,0.03456769628627401
2023-09-19 10:01:04,262.417407,46.087362,0.03394743753699192
2023-09-19 10:16:07,262.427859,44.75427,0.04414971098193863
2023-09-19 10:31:05,262.438252,43.642821,0.04975954307952208
2023-09-19 10:46:03,262.448646,42.762654,0.06294805470420249
2023-09-19 11:46:06,262.490347,41.804982,0.0780492295872241
2023-09-19 12:16:06,262.511181,42.916152,0.04669145732837498
2023-09-19 15:31:47,262.647072,67.869974,0.07276229622840516
2023-09-19 15:41:40,262.653935,69.57196,0.04293654031549282
2023-09-22 11:44:57,265.489549,42.964148,0.05804369157285612
2023-09-22 12:00:00,265.5,43.382305,0.044593549306179495
2023-09-22 12:14:58,265.510394,44.050165,0.0456223104309229
2023-09-22 12:29:57,265.520799,44.958808,0.049071516269542245
2023-09-22 12:37:54,265.526319,45.533465,0.051483247324566786
2023-09-22 12:44:58,265.531227,46.095552,0.05376581652484352
2023-09-22 12:59:57,265.541632,47.438352,0.052206726997319805
2023-09-22 13:30:16,265.562685,50.717971,0.05525053840977057
2023-09-22 13:38:10,265.568171,51.681738,0.05707044694009507
2023-09-22 13:44:58,265.572894,52.543496,0.0574575284560419
2023-09-22 13:59:58,265.58331,54.54165,0.05548542324786037
2023-09-22 14:30:16,265.604352,58.930836,0.05596253954211048
2023-09-22 14:38:15,265.609896,60.15434,0.05630537341286368
2023-09-22 14:59:19,265.624525,63.494364,0.06895545806881527
2023-09-22 15:13:47,265.634572,65.869072,0.06845044581168794
2023-09-22 15:26:02,265.643079,67.923538,0.0658302174374835
2023-09-22 15:35:42,265.649792,69.569363,0.06934852843867254
2023-09-22 15:44:09,265.65566,71.023811,0.08377698938034032
2023-09-22 15:52:21,265.661354,72.447931,0.07636177463838989
2023-09-22 16:03:19,265.66897,74.369356,0.06909521409727434
2023-09-22 16:12:32,265.67537,75.99683,0.07626813485532559
2023-09-22 16:21:42,265.681736,77.624786,0.07215353420811431
2023-09-22 16:29:10,265.686921,78.956171,0.07599448176030633
2023-09-22 16:35:01,265.690984,80.001694,0.07338616840608314
2023-09-22 16:42:28,265.696157,81.334893,0.06798705159996297
2023-09-22 16:44:23,265.697488,81.677982,0.06523603439713259
2023-09-23 06:13:47,266.259572,81.652093,0.06559899431507049
2023-09-23 06:17:22,266.26206,81.012471,0.0697326732621261
2023-09-23 06:21:27,266.264896,80.283839,0.06685021233116982
2023-09-23 06:26:23,266.268322,79.404322,0.06740172871133818
2023-09-23 06:32:15,266.272396,78.360177,0.0673119283480293
2023-09-23 06:39:28,266.277407,77.079384,0.07021142505876446
2023-09-23 06:48:46,266.283866,75.436492,0.06153414086369036
2023-09-23 06:57:47,266.290127,73.853812,0.058483525600833995
2023-09-23 06:59:46,266.291505,73.507216,0.05909651974894801
2023-09-23 07:03:36,266.294167,72.839032,0.0775068127802454
2023-09-23 07:09:57,266.298576,71.73746,0.10057387767382395
2023-09-23 07:17:11,266.3036,70.491449,0.07705789008485629
2023-09-23 07:25:33,266.30941,69.063264,0.054554602376216794
2023-09-23 07:31:14,266.313356,68.101714,0.051095180703243086
2023-09-23 07:35:40,266.316435,67.356844,0.050789314468752206
2023-09-23 07:47:40,266.324769,65.365527,0.05204758881669861
2023-09-23 08:02:25,266.335012,62.973624,0.050860266933348185
2023-09-23 08:30:15,266.35434,58.662055,0.10715349464442499
2023-09-23 08:38:27,266.360035,57.450999,0.07188394063888125
2023-09-23 08:44:38,266.364329,56.558015,0.05299387606844748
2023-09-23 08:59:39,266.374757,54.468335,0.04191591008290872
2023-09-23 09:14:39,266.385174,52.50491,0.04553923666590351
2023-09-23 09:29:40,266.395602,50.679615,0.04372716312026981
2023-09-23 09:37:43,266.401192,49.764913,0.04201698920290426
2023-09-23 09:47:04,266.407685,48.76302,0.04198719112435034
2023-09-23 09:59:37,266.4164,47.527867,0.04562610152750139
2023-09-23 10:14:37,266.426817,46.230138,0.04614796847176923
2023-09-23 10:29:39,266.437257,45.141408,0.046827964417014985
2023-09-23 10:37:38,266.442801,44.655217,0.04611800218912714
2023-09-23 10:44:38,266.447662,44.283759,0.04382163403872811
2023-09-23 10:59:37,266.458067,43.667256,0.04503461289065249
2023-09-23 11:14:38,266.468495,43.302147,0.04350694987943142
2023-09-23 11:29:39,266.478924,43.196778,0.04531678564768629
2023-09-23 11:37:38,266.484468,43.247389,0.04425045270574967
2023-09-23 11:44:36,266.489306,43.351866,0.045588227784889385
2023-09-23 11:59:36,266.499722,43.765315,0.04693764980474569
2023-09-23 12:14:38,266.510162,44.431304,0.04885598743077206
2023-09-23 12:29:40,266.520602,45.337642,0.0476486393435982
2023-09-23 12:37:36,266.526111,45.907922,0.050934825113377956
2023-09-23 12:44:38,266.530995,46.464141,0.05383884687863812
2023-09-23 12:59:36,266.541389,47.797698,0.05984266502016893
2023-09-23 13:14:36,266.551806,49.324158,0.051660784965992294
2023-09-23 13:29:39,266.562257,51.028518,0.05359808672637774
2023-09-23 13:37:34,266.567755,51.988417,0.05738809771097523
2023-09-23 13:44:38,266.572662,52.879419,0.05774006493686417
2023-09-23 13:59:36,266.583056,54.864767,0.06360994257666013
2023-09-23 14:14:38,266.593495,56.980308,0.08061772152814384
2023-09-23 14:29:37,266.6039,59.195104,0.09254298296407207
2023-09-23 14:37:34,266.609421,60.408686,0.0902548692032842
2023-09-23 14:43:10,266.61331,61.278173,0.08164071148423634
2023-09-23 15:11:40,266.633102,65.867274,0.08721904498797764
2023-09-23 15:33:41,266.648391,69.567725,0.09518303791518869
2023-09-23 15:42:08,266.654259,71.016763,0.10150739370792584
2023-09-23 15:50:32,266.660093,72.470859,0.09096244543057698
2023-09-23 15:56:29,266.664225,73.508117,0.09615090011574709
2023-09-23 15:58:23,266.665544,73.840511,0.10023001293888507
2023-09-23 16:01:20,266.667593,74.357652,0.10735802007678473
2023-09-23 16:06:14,266.670995,75.219311,0.10436530033764768
2023-09-23 16:10:43,266.674109,76.010405,0.12169541570667627
2023-09-23 16:20:15,266.680729,77.70004,0.12658671619840037
2023-09-23 16:27:13,266.685567,78.940024,0.11235688536170689
2023-09-23 16:33:02,266.689606,79.97782,0.1004399469779118
2023-09-23 16:41:13,266.695289,81.440145,0.10794565014978523
2023-09-23 16:43:05,266.696586,81.773845,0.1217452663125017
2023-09-24 06:15:02,267.26044,81.632494,0.037103597989899886
2023-09-24 06:18:23,267.262766,81.035361,0.036267798022141744
2023-09-24 06:22:31,267.265637,80.29892,0.0355890585491509
2023-09-24 06:27:25,267.269039,79.426779,0.03464715815769458
2023-09-24 06:33:32,267.273287,78.34015,0.033964968531212635
2023-09-24 06:40:38,267.278218,77.082701,0.03283991714234894
2023-09-24 06:49:51,267.284618,75.458304,0.03369837582699779
2023-09-24 06:58:49,267.290845,73.888464,0.03387095158905989
2023-09-24 07:00:36,267.292083,73.577648,0.034228046006619016
2023-09-24 07:04:50,267.295023,72.841851,0.033217131491625085
2023-09-24 07:11:16,267.299491,71.72949,0.03316928076689383
2023-09-24 07:18:27,267.304479,70.496531,0.03230048124966011
2023-09-24 07:26:43,267.31022,69.090829,0.03145573418432279
2023-09-24 07:32:15,267.314062,68.158382,0.03094182305150765
2023-09-24 07:37:01,267.317373,67.360985,0.030127494104610922
2023-09-24 07:49:06,267.325764,65.366025,0.030496631071574565
2023-09-24 08:03:55,267.336053,62.977706,0.02943055926643819
2023-09-24 08:22:51,267.349201,60.034197,0.02921294749689886
2023-09-24 08:31:30,267.355208,58.735711,0.028693322454643955
2023-09-24 08:39:36,267.360833,57.549142,0.02835970896037944
2023-09-24 08:45:07,267.364664,56.75837,0.02804842624283346
2023-09-24 08:59:16,267.374491,54.799834,0.02656150662056969
2023-09-24 09:14:16,267.384907,52.844557,0.02742514663695835
2023-09-24 09:29:18,267.395347,51.025609,0.02756462475117159
2023-09-24 09:37:20,267.400926,50.117261,0.028117382350793724
2023-09-24 09:46:45,267.407465,49.113565,0.029714044759562214
2023-09-24 09:59:17,267.416169,47.887214,0.02927827369500366
2023-09-24 10:14:17,267.426586,46.597454,0.02871252196357991
2023-09-24 10:29:17,267.437002,45.51803,0.029342702819607967
2023-09-24 10:37:14,267.442523,45.036798,0.0304414045873236
2023-09-24 10:44:17,267.447419,44.665034,0.02953413204540162
2023-09-24 10:59:16,267.457824,44.052819,0.029181971620905408
2023-09-24 11:14:17,267.468252,43.690329,0.027656313318008243
2023-09-24 11:29:17,267.478669,43.585719,0.02720069102020435
2023-09-24 11:37:13,267.484178,43.635287,0.027717725258014022
2023-09-24 11:44:16,267.489074,43.740069,0.02743347915750249
2023-09-24 11:59:17,267.499502,44.151508,0.024323355164317523
2023-09-24 12:14:16,267.509907,44.810893,0.030414505507631095
2023-09-24 12:29:18,267.520347,45.711026,0.028902720448748316
2023-09-24 12:37:11,267.525822,46.27381,0.02980318283080778
2023-09-24 12:59:17,267.541169,48.160538,0.028006275977682554
2023-09-24 13:14:16,267.551574,49.67728,0.028117595342827047
2023-09-24 13:29:17,267.562002,51.369296,0.030952745970789404
2023-09-24 13:37:16,267.567546,52.332793,0.025412347347882638
2023-09-24 13:44:16,267.572407,53.211479,0.025562112346444076
2023-09-24 13:59:15,267.582812,55.190594,0.025586725026662267
2023-09-24 14:14:16,267.593241,57.295665,0.02556147933950924
2023-09-24 14:29:17,267.603669,59.50776,0.025331597990438152
2023-09-24 14:37:19,267.609248,60.730374,0.025986757803445754
2023-09-24 14:42:52,267.613102,61.589666,0.025565917523729803
2023-09-24 14:54:40,267.621296,63.453297,0.025334890734107864
2023-09-24 15:09:31,267.631609,65.862495,0.02521253823613578
2023-09-24 15:21:36,267.64,67.868874,0.024958775072155878
2023-09-24 15:31:37,267.646956,69.559478,0.025468277563169977
2023-09-24 15:40:10,267.652894,71.020021,0.026195385019057937
2023-09-24 15:48:19,267.658553,72.425815,0.02619446565120506
2023-09-24 15:53:59,267.662488,73.410207,0.02617220400581208
2023-09-24 15:55:47,267.663738,73.724,0.026532836578585964
2023-09-24 15:59:24,267.66625,74.356009,0.02657076820385688
2023-09-24 16:04:22,267.669699,75.22704,0.026811847127725184
2023-09-24 16:08:48,267.672778,76.007343,0.027099894210924434
2023-09-24 16:18:01,267.679178,77.636965,0.02725740345861387
2023-09-24 16:25:19,267.684248,78.933577,0.02618790571548817
2023-09-24 16:31:10,267.68831,79.975463,0.026978227850848215
2023-09-24 16:42:14,267.695995,81.95025,0.026567329413588584
2023-09-25 06:15:58,268.261088,81.670584,0.050536493504194056
2023-09-25 06:19:31,268.263553,81.038745,0.051772397728176
2023-09-25 06:23:52,268.266574,80.264971,0.053679614813595615
2023-09-25 06:28:44,268.269954,79.400339,0.05588086042156608
2023-09-25 06:34:35,268.274016,78.363111,0.053544432637532786
2023-09-25 06:41:47,268.279016,77.090666,0.052657093318273514
2023-09-25 06:51:03,268.285451,75.461459,0.04934175512648344
2023-09-25 07:02:05,268.293113,73.536939,0.050657769332356765
2023-09-25 07:06:02,268.295856,72.852619,0.05139195100191084
2023-09-25 07:19:43,268.305359,70.504082,0.05046735721279131
2023-09-25 07:27:54,268.311042,69.118067,0.04879898397009628
2023-09-25 07:33:29,268.314919,68.181197,0.04768120982308476
2023-09-25 07:38:21,268.318299,67.370826,0.04838667719232125
2023-09-25 07:50:27,268.326701,65.383385,0.050905098048336865
2023-09-25 08:05:26,268.337106,62.982921,0.05085594612806244
2023-09-25 08:24:30,268.350347,60.041202,0.04826461539067222
2023-09-25 08:33:07,268.356331,58.759187,0.04879256186032686
2023-09-25 08:41:12,268.361944,57.586392,0.04700184173737281
2023-09-25 08:46:38,268.365718,56.815419,0.04477602174671126
2023-09-25 08:58:54,268.374236,55.130015,0.043574779902099015
2023-09-25 09:13:54,268.384653,53.18298,0.04563977729146727
2023-09-25 09:28:54,268.395069,51.376262,0.04824486601866494
2023-09-25 09:36:55,268.400637,50.474015,0.04692393463613789
2023-09-25 09:46:14,268.407106,49.485369,0.04881405430488649
2023-09-25 09:58:54,268.415903,48.251833,0.05613766019229397
2023-09-25 10:13:54,268.426319,46.969262,0.05469038112316178
2023-09-25 10:28:56,268.436759,45.893999,0.053159342655962685
2023-09-25 10:36:56,268.442315,45.413112,0.057633231597886074
2023-09-25 10:43:54,268.447153,45.048256,0.05578275362262568
2023-09-25 11:28:55,268.478414,43.974759,0.06485767967360297
2023-09-25 11:36:51,268.483924,44.023816,0.06406467737379178
2023-09-25 11:43:55,268.488831,44.128027,0.06297992642202145
2023-09-25 11:58:55,268.499248,44.535975,0.0617413012366595
2023-09-25 12:13:54,268.509653,45.190579,0.060486229878414836
2023-09-25 12:28:55,268.520081,46.083425,0.06089892742007986
2023-09-25 12:36:49,268.525567,46.643639,0.06116543038042864
2023-09-25 12:43:54,268.530486,47.196559,0.06026518114594099
2023-09-25 12:58:55,268.540914,48.518813,0.05945407134648191
2023-09-25 13:13:54,268.551319,50.027067,0.05660358324036903
2023-09-25 13:28:55,268.561748,51.710357,0.0586609355756408
2023-09-25 13:37:03,268.567396,52.687623,0.05740769350223212
2023-09-25 13:43:53,268.572141,53.541722,0.054720228597717344
2023-09-25 13:58:55,268.582581,55.518971,0.05812025209165721
2023-09-25 14:13:54,268.592986,57.611322,0.054618336546786515
2023-09-25 14:28:55,268.603414,59.815661,0.051010394864385036
2023-09-25 14:36:51,268.608924,61.019004,0.05233560617029415
2023-09-25 14:42:28,268.612824,61.885811,0.05150625274786842
2023-09-25 14:52:25,268.619734,63.449481,0.05188757839947703
2023-09-25 15:07:22,268.630116,65.860201,0.0515422779804317
2023-09-25 15:19:29,268.63853,67.861743,0.05428838601434145
2023-09-25 15:29:36,268.645556,69.561569,0.054443015336346955
2023-09-25 15:38:11,268.651516,71.022003,0.054627574607828334
2023-09-25 15:46:32,268.657315,72.457302,0.05521862097218804
2023-09-25 15:52:15,268.661285,73.447335,0.054589121005640694
2023-09-25 15:54:14,268.662662,73.792114,0.055457030522769936
2023-09-25 15:57:28,268.664907,74.355545,0.05680890240708795
2023-09-25 16:02:22,268.66831,75.21243,0.05690351712348387
2023-09-25 16:06:49,268.6714,75.993552,0.056279477627006046
2023-09-25 16:16:05,268.677836,77.628037,0.05711866876895486
2023-09-25 16:29:21,268.687049,79.982567,0.05695336184391258
2023-09-25 16:40:15,268.694618,81.924498,0.056129622406293
2023-09-26 06:24:48,269.267222,80.306524,0.05997908888928185
2023-09-26 06:29:59,269.270822,79.387331,0.0589224612551194
2023-09-26 06:35:40,269.274769,78.381711,0.057323306042684936
2023-09-26 06:43:07,269.279942,77.068099,0.05774493754106053
2023-09-26 06:52:16,269.286296,75.463622,0.0580955784241955
2023-09-26 07:01:22,269.292616,73.879622,0.05781518690060211
2023-09-26 07:03:06,269.293819,73.579398,0.056928765222122577
2023-09-26 07:07:22,269.296782,72.842583,0.05544543063833823
2023-09-26 07:13:42,269.301181,71.754998,0.05488364802850758
2023-09-26 07:21:02,269.306273,70.505646,0.054453524659544394
2023-09-26 07:29:14,269.311968,69.122664,0.053182828548033315
2023-09-26 07:34:56,269.315926,68.17066,0.052530056112936756
2023-09-26 07:39:45,269.319271,67.372593,0.05232207521364933
2023-09-26 07:51:56,269.327731,65.382384,0.056109268489753596
2023-09-26 08:06:59,269.338183,62.986731,0.05381687016866302
2023-09-26 08:26:13,269.351539,60.042816,0.05294016785540649
2023-09-26 08:34:50,269.357523,58.772775,0.05306575742823794
2023-09-26 08:42:56,269.363148,57.609538,0.05249682771968848
2023-09-26 08:48:25,269.366956,56.840053,0.053188682229899524
2023-09-26 08:58:34,269.374005,55.45663,0.055230628735348425
2023-09-26 09:13:33,269.38441,53.520154,0.05543515761253015
2023-09-26 09:28:35,269.39485,51.718066,0.05385280677037552
2023-09-26 09:36:37,269.400428,50.818699,0.05459970764390771
2023-09-26 09:45:56,269.406898,49.835577,0.05477672323752197
2023-09-26 09:58:35,269.415683,48.610892,0.05640242175717158
2023-09-26 10:13:33,269.426076,47.338901,0.05602261307564085
2023-09-26 10:28:35,269.436516,46.270321,0.0564596993900985
2023-09-26 10:36:37,269.442095,45.790684,0.05775588293260138
2023-09-26 10:43:33,269.44691,45.430085,0.05796534192714789
2023-09-26 10:58:34,269.457338,44.824544,0.05805858850671225
2023-09-26 11:13:33,269.467743,44.467569,0.05648260771907181
2023-09-26 11:28:34,269.478171,44.36383,0.05438620717857533
2023-09-26 11:36:28,269.483657,44.412154,0.053736223359499534
2023-09-26 11:43:35,269.4886,44.516265,0.052932714036990396
2023-09-26 11:58:34,269.499005,44.921001,0.049008805929703095
2023-09-26 12:13:33,269.50941,45.571107,0.04867154644876733
2023-09-26 12:28:34,269.519838,46.458077,0.048442068882203544
2023-09-26 12:36:27,269.525312,47.013504,0.05125763913073827
2023-09-26 12:43:35,269.530266,47.566954,0.04911822250310484
2023-09-26 12:58:33,269.54066,48.877181,0.049448717861141044
2023-09-26 13:13:34,269.551088,50.380515,0.051094111851324286
2023-09-26 13:28:34,269.561505,52.05352,0.04976978014501298
2023-09-26 13:36:31,269.567025,53.003746,0.05282020080065801
2023-09-26 13:43:33,269.57191,53.878481,0.05357150703591532
2023-09-26 13:58:32,269.582315,55.840724,0.05426144543431011
2023-09-26 14:13:32,269.592731,57.927144,0.05591447201966865
2023-09-26 14:28:34,269.603171,60.1262,0.05590280919834926
2023-09-26 14:36:30,269.608681,61.325687,0.056270795383895046
2023-09-26 14:42:06,269.612569,62.18727,0.05737807872845807
2023-09-26 14:50:37,269.618484,63.519656,0.058758166424343734
2023-09-26 15:05:13,269.628623,65.860317,0.057007789635948755
2023-09-26 15:17:24,269.637083,67.862234,0.05621208714463979
2023-09-26 15:27:33,269.644132,69.559773,0.05599702781306013
2023-09-26 15:36:04,269.650046,71.00278,0.05586744145376405
2023-09-26 15:44:16,269.655741,72.406747,0.05559100294146475
2023-09-26 15:52:02,269.661134,73.748242,0.057032260772112466
2023-09-26 15:55:28,269.663519,74.344577,0.05712621850707627
2023-09-26 16:00:24,269.666944,75.204715,0.05897660699296394
2023-09-26 16:04:52,269.670046,75.986577,0.05941046446466154
2023-09-26 16:14:12,269.676528,77.628691,0.060285088351948166
2023-09-26 16:21:39,269.681701,78.946283,0.05847527829683911
2023-09-26 16:27:27,269.685729,79.975314,0.05867019363835879
2023-09-26 16:32:32,269.689259,80.878889,0.059355240656256456
2023-09-27 06:18:22,270.262755,81.655694,0.06698398074936313
2023-09-27 06:21:49,270.26515,81.04367,0.06718603862473777
2023-09-27 06:25:58,270.268032,80.308053,0.06807678727721853
2023-09-27 06:31:08,270.27162,79.393611,0.06934145540559211
2023-09-27 06:36:50,270.275579,78.387197,0.06907456127933977
2023-09-27 06:44:11,270.280683,77.094235,0.06739846446358778
2023-09-27 06:53:38,270.287245,75.441611,0.06705522649961429
2023-09-27 07:02:41,270.29353,73.871257,0.06801004982072179
2023-09-27 07:04:32,270.294815,73.551912,0.06908709043361458
2023-09-27 07:08:34,270.297616,72.857798,0.0692163929634135
2023-09-27 07:14:59,270.302072,71.75986,0.06963030172173645
2023-09-27 07:22:25,270.307234,70.498535,0.06959139177521079
2023-09-27 07:30:43,270.312998,69.104978,0.07333866443165557
2023-09-27 07:36:22,270.316921,68.165929,0.07287332040633192
2023-09-27 07:41:09,270.320243,67.377421,0.07275433216963209
2023-09-27 07:53:25,270.328762,65.384837,0.08046593957550335
2023-09-27 08:08:34,270.339282,62.989262,0.08335897202204029
2023-09-27 08:27:55,270.35272,60.051644,0.08220459984233461
2023-09-27 08:36:30,270.358681,58.798518,0.07995141410187165
2023-09-27 08:44:40,270.364352,57.637873,0.08094063941598184
2023-09-27 08:50:11,270.368183,56.872448,0.08268715360598036
2023-09-27 08:58:12,270.37375,55.788552,0.08511509725937785
2023-09-27 09:13:11,270.384155,53.86019,0.08613969804804139
2023-09-27 09:28:12,270.394583,52.068238,0.08418087622983411
2023-09-27 09:36:12,270.400139,51.176763,0.085173269968404
2023-09-27 09:45:29,270.406586,50.201656,0.08829696688234616
2023-09-27 09:58:10,270.415394,48.979605,0.09114922535777084
2023-09-27 10:13:10,270.42581,47.711527,0.09181300866901518
2023-09-27 10:28:12,270.43625,46.649031,0.09089034467349787
2023-09-27 10:36:12,270.441806,46.174021,0.09023385952986493
2023-09-27 10:43:12,270.446667,45.812074,0.0872348634156492
2023-09-27 10:58:12,270.457083,45.211066,0.09028811351257493
2023-09-27 11:13:12,270.4675,44.855929,0.09341469183097009
2023-09-27 11:28:14,270.47794,44.752834,0.09583791048187344
2023-09-27 11:36:09,270.483437,44.801083,0.09790896318504197
2023-09-27 11:43:12,270.488333,44.903444,0.09957227612890272
2023-09-27 11:58:18,270.498819,45.308807,0.09334863109591592
2023-09-27 12:13:13,270.509178,45.95235,0.09493878702103595
2023-09-27 12:28:13,270.519595,46.832615,0.0945142573639335
2023-09-27 12:36:06,270.525069,47.384517,0.09207796525800378
2023-09-27 12:43:13,270.530012,47.933214,0.0933711109390467
2023-09-27 12:58:13,270.540428,49.238634,0.09070134036106711
2023-09-27 13:13:12,270.550833,50.730411,0.08678882598213862
2023-09-27 13:28:14,270.561273,52.398625,0.08617485638671543
2023-09-27 15:43:00,270.654861,72.529268,0.07270176945541232
2023-09-27 15:50:44,270.660231,73.861336,0.09045898079172746
2023-09-27 16:19:38,270.680301,78.920962,0.07711612077220886
2023-09-27 16:25:40,270.684491,79.989156,0.0775733344862718
2023-09-27 16:30:29,270.687836,80.843699,0.06490529689761972
2023-09-28 08:27:52,271.352685,60.322232,0.07080983300517527
2023-09-28 14:27:51,271.602674,60.744654,0.04651497937219074
2023-09-28 14:35:46,271.608171,61.933803,0.044384456838969646
2023-09-28 14:45:34,271.614977,63.439915,0.04505700036200807
2023-09-28 15:00:48,271.625556,65.848739,0.052364869287914645
2023-09-28 15:13:09,271.634132,67.855319,0.05152450898888696
2023-09-28 15:23:21,271.641215,69.544497,0.04544965319690827
2023-09-28 15:32:02,271.647245,71.002905,0.04745231162836287
2023-09-28 15:40:16,271.652963,72.401536,0.046424136766046106
2023-09-28 15:45:56,271.656898,73.372194,0.04693362697512166
2023-09-28 15:47:47,271.658183,73.690409,0.0483600703528234
2023-09-28 15:51:31,271.660775,74.334455,0.0500481000473761
2023-09-28 15:56:31,271.664248,75.200754,0.04860603740351296
2023-09-28 16:01:02,271.667384,75.986738,0.05624355421836107
2023-09-28 16:10:22,271.673866,77.620097,0.055527356212332554
2023-09-28 16:17:49,271.679039,78.931443,0.05805146588685273
2023-09-28 16:23:50,271.683218,79.994394,0.05666932471114477
2023-09-28 16:28:40,271.686574,80.850197,0.05911700937496798
2023-09-28 16:32:54,271.689514,81.600716,0.061128467595643284
2023-09-29 06:20:38,272.264329,81.669917,0.08043648968298255
2023-09-29 06:24:10,272.266782,81.045404,0.0791493667905791
2023-09-29 06:28:32,272.269815,80.274437,0.07938031388554367
2023-09-29 06:33:14,272.273079,79.446086,0.07987432914001383
2023-09-29 06:39:21,272.277326,78.371022,0.08144095470529011
2023-09-29 06:46:46,272.282477,77.073056,0.08000994986755536
2023-09-29 06:56:05,272.288947,75.453103,0.08295625809696812
2023-09-29 07:05:09,272.295243,73.889905,0.08474098566237728
2023-09-29 07:06:56,272.296481,73.584155,0.08432507814662987
2023-09-29 07:11:11,272.299433,72.857949,0.0862755769588459
2023-09-29 07:17:37,272.3039,71.76561,0.08748177234941351
2023-09-29 07:25:05,272.309086,70.509168,0.0847156383051627
2023-09-29 07:33:21,272.314826,69.133768,0.08647425199181688
2023-09-29 07:39:02,272.318773,68.198371,0.0869689515769148
2023-09-29 07:44:02,272.322245,67.382786,0.08835962249733761
2023-09-29 07:56:28,272.33088,65.386946,0.0904338843384755
2023-09-29 08:11:47,272.341516,62.998659,0.09458208743230015
2023-09-29 08:27:33,272.352465,60.633114,0.09405202047584363
2023-09-29 08:35:36,272.358056,59.46613,0.0925043688331266
2023-09-29 08:42:29,272.362836,58.492143,0.09190542605461921
2023-09-29 08:57:29,272.373252,56.452497,0.08906854849273858
2023-09-29 09:12:29,272.383669,54.538256,0.09148564841501645
2023-09-29 09:27:31,272.394109,52.760937,0.09426905028466062
2023-09-29 09:35:34,272.399699,51.872927,0.09652840880340315
2023-09-29 09:44:21,272.405799,50.958546,0.0957469074184277
2023-09-29 09:57:29,272.414919,49.70457,0.09137038297254643
2023-09-29 10:12:31,272.425359,48.448604,0.09170560690725064
2023-09-29 10:27:32,272.435787,47.400621,0.09054940141305745
2023-09-29 10:35:31,272.441331,46.932676,0.09096207354271911
2023-09-29 10:42:32,272.446204,46.574617,0.09411010569243819
2023-09-29 10:57:29,272.456586,45.983379,0.09501104006406393
2023-09-29 11:12:30,272.467014,45.632191,0.09462995420702591
2023-09-29 11:27:30,272.477431,45.530072,0.0958818041472007
2023-09-29 11:35:25,272.482928,45.577145,0.09732693802748535
2023-09-29 11:42:27,272.487813,45.677338,0.09501211652967062
2023-09-29 11:57:33,272.498299,46.075944,0.09152114552462443
2023-09-29 12:12:29,272.508669,46.710595,0.09045601561296562
2023-09-29 12:27:30,272.519097,47.5798,0.091541698299433
2023-09-29 12:35:25,272.524595,48.126992,0.08894039289412849
2023-09-29 12:42:31,272.529525,48.667704,0.08881630400926396
2023-09-29 12:57:30,272.539931,49.956224,0.09167491473563928
2023-09-29 13:12:30,272.550347,51.433175,0.08873248060656798
2023-09-29 13:27:31,272.560775,53.082521,0.101632795547183
2023-09-29 13:35:28,272.566296,54.019201,0.09970238942992755
2023-09-29 13:42:31,272.571192,54.884075,0.10100306662351162
2023-09-29 13:57:30,272.581597,56.821391,0.10178273289334819
2023-09-29 14:12:31,272.592025,58.886041,0.10096394457763563
2023-09-29 14:27:30,272.602431,61.054786,0.1033951206738484
2023-09-29 14:35:27,272.607951,62.245088,0.09916003451957027
2023-09-29 14:43:16,272.61338,63.439883,0.10032943195238511
2023-09-29 14:58:37,272.624039,65.85043,0.09538402384814712
2023-09-29 15:11:05,272.632697,67.864241,0.10394171731390668
2023-09-29 15:21:19,272.639803,69.550399,0.10637536163032307
2023-09-29 15:30:00,272.645833,71.00218,0.10767774165801357
2023-09-29 15:38:17,272.651586,72.403508,0.1091799985676976
2023-09-29 15:44:00,272.655556,73.379054,0.10775466317158183
2023-09-29 15:45:49,272.656817,73.690413,0.10725286098500697
2023-09-29 15:49:33,272.65941,74.332208,0.1084805652282532
2023-09-29 15:54:41,272.662975,75.218713,0.10951817604612508
2023-09-29 15:59:05,272.66603,75.982048,0.11224830859304788
2023-09-29 16:08:30,272.672569,77.625332,0.11337595497826353
2023-09-29 16:15:47,272.677627,78.904071,0.11774930901633637
2023-09-29 16:21:47,272.681794,79.961576,0.11949399439543756
2023-09-29 16:26:53,272.685336,80.862687,0.11619970157810669
2023-09-29 16:30:54,272.688125,81.573409,0.11671670386610448
2023-09-30 06:21:47,273.265127,81.676166,0.03995225618346828
2023-09-30 06:25:18,273.267569,81.055821,0.03924101073836598
2023-09-30 06:29:29,273.270475,80.31874,0.03818485654322485
2023-09-30 06:34:30,273.273958,79.436543,0.039228886063345084
2023-09-30 06:40:26,273.278079,78.396236,0.0412770670171428
2023-09-30 06:47:53,273.283252,77.095838,0.03986699436829874
2023-09-30 06:57:13,273.289734,75.477717,0.03942539247805408
2023-09-30 07:06:04,273.29588,73.956669,0.04261431903025582
2023-09-30 07:07:59,273.297211,73.629142,0.04278487041067419
2023-09-30 07:12:29,273.300336,72.863009,0.04306515898732248
2023-09-30 07:18:59,273.30485,71.763817,0.04521461591042801
2023-09-30 07:26:25,273.310012,70.518465,0.046753173342099684
2023-09-30 07:34:47,273.315822,69.133125,0.04536280887031238
2023-09-30 07:40:17,273.319641,68.232515,0.047498967821186185
2023-09-30 07:45:28,273.323241,67.391574,0.04694159776938828
2023-09-30 07:57:56,273.331898,65.402549,0.04996804021257314
2023-09-30 08:13:26,273.342662,63.003127,0.05941304560156803
2023-09-30 08:27:11,273.352211,60.952137,0.06071273807547713
2023-09-30 08:42:09,273.362604,58.813904,0.08619147327471989
2023-09-30 08:57:07,273.372998,56.786621,0.09064581972860287
2023-09-30 09:12:08,273.383426,54.878248,0.09793250124191545
2023-09-30 09:27:09,273.393854,53.110938,0.07263457386143184
2023-09-30 09:35:10,273.399421,52.230709,0.06867133735812467
2023-09-30 09:43:53,273.405475,51.327307,0.07072943996338385
2023-09-30 10:12:11,273.425127,48.818103,0.08914951080364537
2023-09-30 10:27:10,273.435532,47.778602,0.09474019084025317
2023-09-30 10:35:10,273.441088,47.312455,0.1036228209441125
2023-09-30 10:42:07,273.445914,46.959737,0.10034684585229865
2023-09-30 10:57:07,273.456331,46.369524,0.1190091602798683
2023-09-30 11:57:08,273.498009,46.457464,0.0907098233011194
2023-09-30 12:12:07,273.508414,47.089087,0.09555534205001352
2023-09-30 12:27:08,273.518843,47.952229,0.09280232493700047
2023-09-30 12:35:04,273.524352,48.496996,0.09487345122376574
2023-09-30 12:42:08,273.529259,49.031716,0.1100156194795923
2023-09-30 12:57:09,273.539688,50.315231,0.10995577560919532
2023-09-30 13:12:10,273.550116,51.785752,0.10850749350898004
2023-09-30 13:27:10,273.560532,53.42493,0.09686924901850996
2023-09-30 13:35:05,273.56603,54.353111,0.0934360564471942
2023-09-30 13:42:09,273.570938,55.215925,0.09571874382544411
2023-09-30 13:57:11,273.581377,57.15139,0.10449462539015845
2023-09-30 14:12:10,273.591782,59.203493,0.10804988865888637
2023-09-30 14:27:10,273.602199,61.366971,0.11320572190682761
2023-09-30 14:35:07,273.60772,62.553407,0.1139377057201454
2023-09-30 14:40:54,273.611736,63.432431,0.1153237350725188
2023-09-30 14:56:23,273.622488,65.846369,0.12002128237232002
2023-09-30 15:09:10,273.631366,67.89923,0.12323414870813443
2023-09-30 15:19:14,273.638356,69.549468,0.135964099690772
2023-09-30 15:27:53,273.644363,70.988758,0.12643537619740253
2023-09-30 15:42:43,273.654664,73.49769,0.13863272649273814
2023-09-30 15:44:52,273.656157,73.865164,0.13621338078054707
2023-09-30 15:47:38,273.658079,74.339342,0.11936228679758111
2023-09-30 15:53:02,273.661829,75.26887,0.11865343282149364
2023-09-30 16:06:35,273.671238,77.622189,0.13351764010540162
2023-09-30 16:13:59,273.676377,78.918032,0.13990744286288964
2023-09-30 16:20:03,273.68059,79.984801,0.13276415039633604
2023-09-30 16:29:13,273.686956,81.602117,0.12934662868901936
2023-10-01 06:23:15,274.266146,81.628071,0.1260020924030173
2023-10-01 06:26:39,274.268507,81.029586,0.12626258575828286
2023-10-01 06:30:41,274.271308,80.32052,0.12753837234996085
2023-10-01 06:35:50,274.274884,79.417042,0.12657586558604098
2023-10-01 06:41:40,274.278935,78.396922,0.12340056770377021
2023-10-01 06:49:05,274.284086,77.105949,0.12160315895258278
2023-10-01 06:58:39,274.290729,75.452661,0.1185741224386472
2023-10-01 07:07:46,274.29706,73.891759,0.11447423459039666
2023-10-01 07:09:43,274.298414,73.559947,0.11415794824851672
2023-10-01 07:20:21,274.305799,71.764615,0.10944659886387957
2023-10-01 07:27:51,274.311007,70.513846,0.10486771883919094
2023-10-01 07:36:36,274.317083,69.072753,0.10614332575997991
2023-10-01 07:42:16,274.321019,68.150596,0.10742450630925186
2023-10-01 07:46:59,274.324294,67.390153,0.10429718469118984
2023-10-01 07:59:31,274.332998,65.403355,0.0959517563801975
2023-10-01 08:15:07,274.343831,63.006743,0.08503101408589833
2023-10-01 08:26:50,274.351968,61.269463,0.08280613818684983
2023-10-01 08:35:01,274.35765,60.09144,0.07974270341179239
2023-10-01 08:41:48,274.362361,59.138698,0.0767469654280291
2023-10-01 08:56:47,274.372766,57.117005,0.07216630234780495
2023-10-01 09:11:50,274.383218,55.212698,0.07963573501293084
2023-10-01 09:26:49,274.393623,53.457645,0.08104390436822183
2023-10-01 09:34:48,274.399167,52.585295,0.08185830631906174
2023-10-01 09:43:36,274.405278,51.677992,0.082769744570638
2023-10-01 09:56:49,274.414456,50.42927,0.08675847490194641
2023-10-01 10:11:49,274.424873,49.190238,0.08540427034453235
2023-10-01 10:26:50,274.435301,48.154462,0.08975115324450185
2023-10-01 10:34:50,274.440856,47.691218,0.08838152583384538
2023-10-01 10:41:48,274.445694,47.339952,0.09083886255307064
2023-10-01 10:56:48,274.456111,46.753806,0.08770865912528467
2023-10-01 11:11:49,274.466539,46.406975,0.08305471739593473
2023-10-01 11:26:49,274.476956,46.305856,0.08979530959675933
2023-10-01 11:34:45,274.482465,46.352245,0.0897831082432335
2023-10-01 11:41:49,274.487373,46.45161,0.09595567281730827
2023-10-01 11:56:46,274.497755,46.840152,0.09752834367943737
2023-10-01 12:26:47,274.5186,48.325172,0.08567845760534784
2023-10-01 12:34:47,274.524155,48.87123,0.08210271818677119
2023-10-01 12:41:47,274.529016,49.397813,0.0825106193050341
2023-10-01 12:56:49,274.539456,50.675217,0.09129525867054827
2023-10-01 13:11:48,274.549861,52.134345,0.08791067987412936
2023-10-01 13:26:47,274.560266,53.763027,0.08836727557924004
2023-10-01 13:34:46,274.56581,54.694506,0.08397911855026902
2023-10-01 13:41:47,274.570683,55.54729,0.08321840094643805
2023-10-01 13:56:47,274.5811,57.469808,0.0767638522403103
2023-10-01 14:11:49,274.591539,59.520427,0.08328896954947736
2023-10-01 14:26:49,274.601956,61.67615,0.08681204897755859
2023-10-01 14:34:55,274.607581,62.881208,0.08266547815137518
2023-10-01 14:40:30,274.611458,63.72726,0.07830240330573605
2023-10-01 14:54:08,274.620926,65.841891,0.07878211453708261
2023-10-01 15:06:46,274.629699,67.857465,0.07916359998513771
2023-10-01 15:17:04,274.636852,69.536267,0.07913899996197579
2023-10-01 15:25:49,274.642928,70.984981,0.08256100553290883
2023-10-01 15:33:59,274.6486,72.354248,0.08303021003001046
2023-10-01 15:39:58,274.652755,73.366947,0.08745877281211904
2023-10-01 15:41:56,274.65412,73.701455,0.09004231283923933
2023-10-01 15:45:46,274.656782,74.35568,0.08811374977805429
2023-10-01 15:50:42,274.660208,75.201748,0.08393698760058593
2023-10-01 15:55:14,274.663356,75.983034,0.08058992340141452
2023-10-01 16:04:52,274.670046,77.654196,0.08420891296319424
2023-10-01 16:12:08,274.675093,78.923322,0.085184017341755
2023-10-01 16:18:14,274.679329,79.993316,0.08747302653440092
2023-10-01 16:22:58,274.682616,80.825898,0.08490912144499567
2023-10-01 16:27:27,274.685729,81.615888,0.08984434385144764
2023-10-02 06:24:05,275.266725,81.692959,0.08481348599164497
2023-10-02 06:27:48,275.269306,81.040116,0.08594913808915838
2023-10-02 06:31:52,275.27213,80.326825,0.08654029149897753
2023-10-02 06:36:58,275.275671,79.434294,0.08136249598712204
2023-10-02 06:42:54,275.279792,78.399415,0.08296515482788566
2023-10-02 06:50:24,275.285,77.097766,0.08148716456330787
2023-10-02 06:59:52,275.291574,75.467062,0.07775025320038575
2023-10-02 07:08:47,275.297766,73.945654,0.07288631872459805
2023-10-02 07:10:44,275.29912,73.615013,0.07288610522580133
2023-10-02 07:15:10,275.302199,72.866271,0.07154989090224141
2023-10-02 07:21:43,275.306748,71.768018,0.07048631180748068
2023-10-02 07:29:16,275.311991,70.514815,0.06989806389674405
2023-10-02 07:37:28,275.317685,69.170621,0.06933167807736157
2023-10-02 07:43:12,275.321667,68.241903,0.06881228852142969
2023-10-02 07:48:28,275.325324,67.397384,0.06878319208494045
2023-10-02 08:01:07,275.334109,65.405281,0.06844264562712887
2023-10-02 08:16:50,275.345023,63.009633,0.06800425839544488
2023-10-02 08:26:28,275.351713,61.589912,0.06813953410289411
2023-10-02 08:34:38,275.357384,60.418201,0.06827694590879332
2023-10-02 08:41:29,275.362141,59.459533,0.0667930960473895
2023-10-02 08:56:27,275.372535,57.447989,0.06915549985285814
2023-10-02 09:11:28,275.382963,55.555797,0.07091816571085915
2023-10-02 09:26:28,275.39338,53.806625,0.07530691512189042
2023-10-02 09:34:33,275.398993,52.92785,0.07640346369949572
2023-10-02 09:43:17,275.405058,52.032318,0.07128631780041489
2023-10-02 09:56:30,275.414236,50.790427,0.07336402809620639
2023-10-02 10:11:28,275.42463,49.56111,0.07801955125934583
2023-10-02 10:26:28,275.435046,48.532255,0.07732749109216949
2023-10-02 10:34:29,275.440613,48.070682,0.07536301961187745
2023-10-02 10:41:27,275.445451,47.721476,0.07392742174202084
2023-10-02 10:56:28,275.45588,47.138229,0.07736895551388666
2023-10-02 11:11:27,275.466285,46.794048,0.07544906070061348
2023-10-02 11:26:28,275.476713,46.692917,0.07258317960862148
2023-10-02 11:34:27,275.482257,46.739259,0.07320475267892915
2023-10-02 11:41:27,275.487118,46.836939,0.0777180489138059
2023-10-02 11:56:27,275.497535,47.223862,0.0815158500680087
2023-10-02 12:26:47,275.5186,48.719893,0.0877928558604845
2023-10-02 12:34:41,275.524086,49.257866,0.08839362552435644
2023-10-02 12:41:27,275.528785,49.764527,0.08434813341814923
2023-10-02 12:56:25,275.539178,51.028466,0.08460797406777312
2023-10-02 13:11:26,275.549606,52.482307,0.0758324070245784
2023-10-02 13:26:27,275.560035,54.106195,0.0726181511912281
2023-10-02 13:34:24,275.565556,55.029291,0.07197070040439833
2023-10-02 13:41:28,275.570463,55.884197,0.07128457584979792
2023-10-02 13:56:29,275.580891,57.800833,0.07168548494930478
2023-10-02 14:11:29,275.591308,59.839038,0.07704121915557503
2023-10-02 14:26:30,275.601736,61.989541,0.08298834911151746
2023-10-02 14:34:29,275.60728,63.173194,0.08621050908952207
2023-10-02 14:40:05,275.611169,64.018901,0.0865915218711414
2023-10-02 14:51:53,275.619363,65.839585,0.0869381355956491
2023-10-02 15:04:35,275.628183,67.852661,0.08604115083994121
2023-10-02 15:14:57,275.635382,69.532743,0.08926036826248586
2023-10-02 15:23:48,275.641528,70.990652,0.09183859876975244
2023-10-02 15:32:22,275.647477,72.420873,0.08936133762310423
2023-10-02 15:38:14,275.651551,73.410086,0.08795865711166534
2023-10-02 15:40:11,275.652905,73.740532,0.0874202855578739
2023-10-02 15:43:38,275.655301,74.327084,0.08704310057103598
2023-10-02 15:53:23,275.662072,75.997092,0.08509717886593071
2023-10-02 16:02:50,275.668634,77.631237,0.08916245272315199
2023-10-02 16:10:05,275.673669,78.893728,0.08474682593231557
2023-10-02 16:16:09,275.677882,79.955003,0.08162744178235497
2023-10-02 16:25:20,275.684259,81.567806,0.08786137348377343
2023-10-03 06:51:35,276.285822,77.114609,0.09746967565598363
2023-10-03 07:01:04,276.292407,75.486377,0.07805823895240303
2023-10-03 08:26:11,276.351516,61.898927,0.2084477717398454
2023-10-03 08:34:23,276.357211,60.726742,0.13313238848221373
2023-10-03 10:34:09,276.440382,48.448971,0.14614994973165277
2023-10-03 10:56:07,276.455637,47.522694,0.07506661293312245
2023-10-03 11:11:09,276.466076,47.179543,0.07978796988265997
2023-10-03 11:26:09,276.476493,47.07935,0.11127812605745843
2023-10-03 11:34:06,276.482014,47.125049,0.15708294844516751
2023-10-03 12:26:10,276.518171,49.074173,0.08114054709530176
2023-10-03 12:34:07,276.523692,49.610233,0.09292510322561923
2023-10-03 12:41:08,276.528565,50.131718,0.08104480397434224
2023-10-03 14:34:12,276.607083,63.486855,0.10169231653717889
2023-10-04 06:26:30,277.268403,81.695189,0.08541020185214732
2023-10-04 06:30:10,277.270949,81.0541,0.08337810500249436
2023-10-04 06:34:24,277.273889,80.315214,0.08300008740031205
2023-10-04 06:45:26,277.281551,78.39835,0.08269300527050272
2023-10-04 08:04:21,277.336354,65.415261,0.10835701342233187
2023-10-04 08:25:50,277.351273,62.218231,0.0914589158831718
2023-10-04 08:33:58,277.356921,61.059382,0.08860160417557623
2023-10-04 08:40:50,277.36169,60.105326,0.09123519689227455
2023-10-04 08:55:50,277.372106,58.105055,0.08431278200613945
2023-10-04 09:25:51,277.392951,54.496287,0.07503488303240749
2023-10-04 09:33:53,277.39853,53.631458,0.07653590935665194
2023-10-04 09:42:36,277.404583,52.746479,0.07348938659432953
2023-10-04 09:55:48,277.41375,51.518817,0.08185895752925484
2023-10-04 10:10:48,277.424167,50.300074,0.08622758433018492
2023-10-04 10:25:49,277.434595,49.282019,0.09360991491702525
2023-10-04 10:33:49,277.44015,48.826897,0.1024164334882963
2023-10-04 10:40:50,277.445023,48.479548,0.11016880184808887
2023-10-04 11:10:48,277.465833,47.565098,0.1137753855426543
2023-10-04 11:25:49,277.476262,47.464981,0.12337081276402054
2023-10-04 11:33:45,277.481771,47.510024,0.13184234025900407
2023-10-04 11:40:48,277.486667,47.606741,0.12740840017440994
2023-10-04 11:55:47,277.497072,47.987672,0.11906944733726214
2023-10-04 12:10:48,277.5075,48.60355,0.12105543597966166
2023-10-04 12:25:48,277.517917,49.443608,0.11169417327167089
2023-10-04 12:33:42,277.523403,49.972502,0.11061958340602072
2023-10-04 12:40:49,277.528345,50.497958,0.10739476432868236
2023-10-04 15:10:42,277.632431,69.526929,0.1441523967441923
2023-10-05 06:35:42,278.274792,80.306173,0.12819141888278707
2023-10-05 06:54:23,278.287766,77.079744,0.07745829062751874
2023-10-05 07:03:43,278.294248,75.488765,0.08168846701693877
2023-10-05 09:10:32,278.382315,56.567353,0.10312699119872916
2023-10-05 09:25:32,278.392731,54.842417,0.09900822805920934
2023-10-05 11:40:31,278.48647,47.990988,0.0772721424439041
2023-10-05 12:25:30,278.517708,49.81621,0.06411403587092844
2023-10-05 12:33:26,278.523218,50.344322,0.05291962843736215
2023-10-05 12:40:29,278.528113,50.861853,0.046902319237344774
2023-10-05 12:55:30,278.538542,52.108598,0.04710343225300648
2023-10-05 13:10:29,278.548947,53.536298,0.04893567294468831
2023-10-05 13:40:28,278.569769,56.883516,0.06495683463477245
2023-10-05 13:55:30,278.580208,58.777582,0.10396667384524608
2023-10-05 14:25:32,278.601065,62.921727,0.07952482636254296
2023-10-05 14:33:31,278.606609,64.093662,0.08838209599482509
2023-10-05 14:39:13,278.610567,64.946435,0.08761441145780986
2023-10-05 15:17:36,278.637222,70.988772,0.0863192144302731
2023-10-05 15:25:59,278.643044,72.367806,0.08496242023824783
2023-10-05 15:31:41,278.647002,73.315539,0.08015949434976502
2023-10-05 15:33:58,278.648588,73.697344,0.09095651092698669
2023-10-05 15:37:41,278.651169,74.321342,0.08610227734768279
2023-10-05 15:42:46,278.654699,75.17962,0.07835805756937851
2023-10-05 15:47:25,278.657928,75.969337,0.07737360453380761
2023-10-05 15:56:59,278.664572,77.606649,0.07864013157022763
2023-10-05 16:04:24,278.669722,78.886285,0.08024304620433872
2023-10-05 16:10:30,278.673958,79.944433,0.0810973751481533
2023-10-05 16:15:40,278.677546,80.843994,0.08037481280809788
2023-10-05 16:19:42,278.680347,81.547916,0.08493018392206632
2023-10-05 16:23:18,278.682847,82.17714,0.07818906543917102
2023-10-06 07:20:45,279.306076,72.866592,0.14016853236292676
2023-10-06 07:27:25,279.310706,71.769571,0.09844590904601067
2023-10-06 07:35:01,279.315984,70.53341,0.08361501531718579
2023-10-06 07:43:18,279.321736,69.205176,0.09481152215447983
2023-10-06 07:48:57,279.32566,68.311297,0.09163717723938122
2023-10-06 07:54:43,279.329664,67.409723,0.10080674695815173
2023-10-06 09:10:12,279.382083,56.907833,0.08190106345851136
2023-10-06 09:55:12,279.413333,52.238199,0.12423741700212798
2023-10-06 10:10:11,279.423738,51.034472,0.09165253687123448
2023-10-06 10:25:13,279.434178,50.027319,0.0872574560914385
2023-10-06 10:33:17,279.43978,49.57433,0.08495645573598948
2023-10-06 10:40:12,279.444583,49.236355,0.08188855098020457
2023-10-06 10:55:11,279.454988,48.668771,0.0816822425107317
2023-10-06 11:10:11,279.465405,48.332563,0.09301655577205381
2023-10-06 11:25:11,279.475822,48.233565,0.08044957695231139
2023-10-06 11:33:05,279.481308,48.277453,0.08070686381940131
2023-10-06 11:40:10,279.486227,48.373017,0.08187824585066084
2023-10-06 11:55:09,279.496632,48.748563,0.08310429378747278
2023-10-06 12:10:10,279.50706,49.356196,0.08919480101393729
2023-10-06 12:25:12,279.5175,50.18762,0.08638235088618276
2023-10-06 12:33:06,279.522986,50.710262,0.08627595674863145
2023-10-06 12:55:11,279.538322,52.465418,0.08353501054535276
2023-10-06 13:10:12,279.54875,53.888772,0.08447119188170964
2023-10-06 13:25:12,279.559167,55.479003,0.08323806199279248
2023-10-06 13:33:07,279.564664,56.381037,0.08376958824510318
2023-10-06 13:40:12,279.569583,57.222517,0.08178320552804565
2023-10-06 13:55:10,279.579977,59.100244,0.08224732767802452
2023-10-06 14:10:14,279.59044,61.115617,0.08286850325126875
2023-10-06 14:25:11,279.600822,63.226151,0.09820622203725281
2023-10-06 14:33:14,279.606412,64.403921,0.09274489685563421
2023-10-06 14:38:49,279.610289,65.236512,0.08732126002335454
2023-10-06 14:42:43,279.612998,65.82535,0.08606417697391829
2023-10-06 14:55:39,279.621979,67.818209,0.08475240213037084
2023-10-06 15:06:27,279.629479,69.525898,0.08344368245593489
2023-10-06 15:15:25,279.635706,70.970959,0.08668129863072013
2023-10-06 15:23:42,279.641458,72.326131,0.08811506768724182
2023-10-06 15:29:25,279.645428,73.271756,0.08361457668859226
2023-10-06 15:31:30,279.646875,73.618356,0.08384707897611257
2023-10-06 15:35:38,279.649745,74.309007,0.08372466401493796
2023-10-06 15:40:49,279.653345,75.180484,0.08109526225860396
2023-10-06 15:45:23,279.656516,75.952954,0.0819987465663126
2023-10-06 15:55:00,279.663194,77.592709,0.08176588016763545
2023-10-06 16:02:38,279.668495,78.90544,0.08484091921764435
2023-10-06 16:08:36,279.672639,79.937382,0.0860192978089446
2023-10-06 16:13:48,279.67625,80.840202,0.0870414360364876
2023-10-06 16:17:51,279.679062,81.545171,0.08920995374159975
2023-10-06 16:21:29,279.681586,82.178638,0.08974597431301895
2023-10-07 06:30:10,280.270949,81.702871,0.08475572077992376
2023-10-07 06:33:51,280.273507,81.063785,0.08419474642658448
2023-10-07 06:38:04,280.276435,80.333719,0.08319282320257082
2023-10-07 06:43:11,280.279988,79.450562,0.0814042051602396
2023-10-07 06:49:14,280.28419,78.410891,0.08085201158886304
2023-10-07 06:56:54,280.289514,77.101724,0.0803387075172858
2023-10-07 07:11:18,280.299514,74.672598,0.08042501200169912
2023-10-07 07:16:12,280.302917,73.856135,0.08179481543258625
2023-10-07 07:22:04,280.306991,72.886099,0.08054199727716568
2023-10-07 07:28:44,280.31162,71.794375,0.08025267017550718
2023-10-07 07:36:30,280.317014,70.53782,0.07865590234841251
2023-10-07 07:44:44,280.322731,69.225313,0.07816434205897589
2023-10-07 07:50:26,280.32669,68.329147,0.07837915919499534
2023-10-07 07:56:19,280.330775,67.41555,0.08002874647307757
2023-10-07 08:09:26,280.339884,65.423572,0.08049275498768076
2023-10-07 08:24:53,280.350613,63.164927,0.07775262409320774
2023-10-07 08:33:01,280.356262,62.018045,0.07630859177891355
2023-10-07 08:39:54,280.361042,61.072032,0.07651889110762262
2023-10-07 08:54:53,280.371447,59.097031,0.07708455650779665
2023-10-07 09:09:53,280.381863,57.246517,0.07493957319823087
2023-10-07 09:24:55,280.392303,55.533238,0.07400389756152632
2023-10-07 09:32:57,280.397882,54.680821,0.07330588097089653
2023-10-07 09:41:19,280.403692,53.842933,0.07582072351577122
2023-10-07 09:54:52,280.413102,52.600507,0.07321238563150016
2023-10-07 10:09:54,280.423542,51.399328,0.0738083956553255
2023-10-07 10:24:54,280.433958,50.400224,0.07163718852909523
2023-10-07 10:32:52,280.439491,49.955009,0.06935452134162975
2023-10-07 10:39:53,280.444363,49.613768,0.06871454793070891
2023-10-07 10:54:53,280.45478,49.048918,0.07120917120027886
2023-10-07 11:09:53,280.465197,48.714775,0.07132238708988331
2023-10-07 11:32:51,280.481146,48.660506,0.07351758917168953
2023-10-07 11:39:53,280.48603,48.755034,0.07401853789732536
2023-10-07 11:54:53,280.496447,49.128854,0.08212471203524527
2023-10-07 12:09:54,280.506875,49.733058,0.08219988622053521
2023-10-07 12:24:54,280.517292,50.557723,0.08507116236503717
2023-10-07 12:32:51,280.522812,51.080696,0.07944230064111653
2023-10-07 12:39:53,280.527697,51.591051,0.07786351806807511
2023-10-07 12:54:53,280.538113,52.822399,0.07498670438924616
2023-10-07 13:09:53,280.54853,54.236564,0.07055104451510559
2023-10-07 13:24:54,280.558958,55.820611,0.06842055681038973
2023-10-07 13:32:56,280.564537,56.731971,0.06654952676323546
2023-10-07 13:39:54,280.569375,57.55613,0.06628163961938899
2023-10-07 13:54:52,280.579769,59.425903,0.06573509598458553
2023-10-07 14:09:54,280.590208,61.428859,0.06770013727578754
2023-10-07 14:24:55,280.600637,63.541246,0.06870263540841456
2023-10-07 14:32:52,280.606157,64.700469,0.0712926058952024
2023-10-07 14:40:24,280.611389,65.822989,0.06828745166577317
2023-10-07 15:13:19,280.634248,70.967573,0.06258542541293027
2023-10-07 15:21:37,280.640012,72.318187,0.062304473629220085
2023-10-07 15:27:21,280.643993,73.26184,0.06233457723880257
2023-10-07 15:29:11,280.645266,73.565332,0.062165279220212415
2023-10-07 15:33:39,280.648368,74.308129,0.06328828698968281
2023-10-07 15:38:50,280.651968,75.175846,0.06358807871507108
2023-10-07 15:43:25,280.65515,75.947961,0.06346861598211725
2023-10-07 15:53:02,280.661829,77.5815,0.0660862537972837
2023-10-07 16:00:37,280.667095,78.881108,0.06659009427069568
2023-10-07 16:06:43,280.671331,79.932765,0.07064608821087
2023-10-07 16:11:55,280.674942,80.832955,0.07421477187289406
2023-10-07 16:16:04,280.677824,81.553364,0.07722486283084846
2023-10-08 06:31:37,281.271956,81.669138,0.10049760382740672
2023-10-08 06:35:07,281.274387,81.063562,0.09931005288578054
2023-10-08 06:39:28,281.277407,80.312622,0.09878982421123705
2023-10-08 06:44:31,281.280914,79.443702,0.09862382060200865
2023-10-08 06:50:41,281.285197,78.387554,0.09853263898718317
2023-10-08 06:58:17,281.290475,77.094527,0.09810093329494668
2023-10-08 07:07:51,281.297118,75.482447,0.09703545786928229
2023-10-08 07:17:25,281.303762,73.89009,0.09617837745526125
2023-10-08 07:19:20,281.305093,73.573654,0.09531911225075193
2023-10-08 07:23:30,281.307986,72.888917,0.09503191605744397
2023-10-08 07:30:20,281.312731,71.775791,0.09531918251456756
2023-10-08 07:38:00,281.318056,70.542482,0.09354608179501388
2023-10-08 07:46:26,281.323912,69.206492,0.09229542764544688
2023-10-08 07:52:01,281.327789,68.334596,0.09350979957909089
2023-10-08 07:58:00,281.331944,67.412077,0.09606916046271957
2023-10-08 08:11:12,281.341111,65.423474,0.09874063837863889
2023-10-08 08:24:36,281.350417,63.476651,0.10011805529627392
2023-10-08 08:32:44,281.356065,62.333808,0.0995637203313433
2023-10-08 08:39:35,281.360822,61.395787,0.09975181046736616
2023-10-08 08:54:35,281.371238,59.426144,0.10267699884959602
2023-10-08 09:09:35,281.381655,57.583361,0.10461657494152163
2023-10-08 09:24:36,281.392083,55.879605,0.10766359131570062
2023-10-08 09:32:44,281.397731,55.020875,0.10936854866404153
2023-10-08 09:41:27,281.403785,54.153923,0.1082157204236805
2023-10-08 09:54:35,281.412905,52.958215,0.108044401482541
2023-10-08 10:09:37,281.423345,51.763754,0.10984193041810417
2023-10-08 10:24:35,281.433738,50.772506,0.11139579334823217
2023-10-08 10:32:38,281.439329,50.325439,0.11118643128126503
2023-10-08 10:39:36,281.444167,49.988902,0.10773060391848198
2023-10-08 10:54:35,281.454572,49.428139,0.1062025724523714
2023-10-08 11:09:36,281.465,49.095686,0.10724843684164076
2023-10-08 11:24:37,281.475428,48.99793,0.10765597280868514
2023-10-08 11:32:33,281.480937,49.041676,0.11024785202114026
2023-10-08 11:39:37,281.485845,49.136059,0.11153354712227305
2023-10-08 11:54:35,281.496238,49.506709,0.10998985112598914
2023-10-08 12:09:36,281.506667,50.106928,0.10816747534822661
2023-10-08 12:24:36,281.517083,50.926405,0.11122785159576938
2023-10-08 12:32:35,281.522627,51.448509,0.11071033217017183
2023-10-08 12:39:36,281.5275,51.954804,0.11094669152354646
2023-10-08 12:54:37,281.537928,53.18086,0.10941193199374544
2023-10-08 13:09:35,281.548322,54.584578,0.10968962513268905
2023-10-08 13:24:37,281.558762,56.162598,0.15577182364078365
2023-10-08 13:32:41,281.564363,57.073621,0.15110709374621378
2023-10-08 13:39:35,281.569155,57.886279,0.11464657150098063
2023-10-08 13:54:36,281.579583,59.754375,0.11287252168626352
2023-10-08 14:09:36,281.59,61.745193,0.1114283262625
2023-10-08 14:24:37,281.600428,63.850003,0.11254423782672682
2023-10-08 14:32:44,281.606065,65.029856,0.11312343907598488
2023-10-08 14:38:28,281.610046,65.879769,0.1128280015268602
2023-10-08 14:51:15,281.618924,67.820494,0.11074328876018734
2023-10-08 15:25:45,281.642882,73.329118,0.10983667746948844
2023-10-08 15:31:38,281.646968,74.30187,0.11132195532571527
2023-10-08 15:41:28,281.653796,75.945726,0.11104311032661869
2023-10-08 15:58:45,281.665799,78.882192,0.11555195104515405
2023-10-08 16:09:56,281.673565,80.807785,0.1196618046616591
2023-10-08 16:14:15,281.676562,81.554983,0.12143311577277098
2023-10-09 06:32:42,282.272708,81.700534,0.14251195746482412
2023-10-09 06:36:22,282.275255,81.067894,0.14108719712760467
2023-10-09 06:40:45,282.278299,80.313459,0.1413783572872616
2023-10-09 06:45:55,282.281887,79.427321,0.14240048848364162
2023-10-09 06:51:48,282.285972,78.423068,0.1410829665900125
2023-10-09 06:59:27,282.291285,77.126061,0.14289971883529956
2023-10-09 07:09:08,282.298009,75.500674,0.13814003545287792
2023-10-09 07:18:54,282.304792,73.882344,0.13552509896855236
2023-10-09 07:20:55,282.306192,73.551058,0.1359611534403287
2023-10-09 07:25:03,282.309062,72.875323,0.1430416087683338
2023-10-09 07:31:50,282.313773,71.776308,0.13541835817655004
2023-10-09 07:39:33,282.319132,70.542137,0.13373736516248294
2023-10-09 07:48:10,282.325116,69.185939,0.13479882726776024
2023-10-09 07:53:50,282.329051,68.307399,0.13609028016257266
2023-10-09 07:59:37,282.333067,67.422365,0.13551677889335703
2023-10-09 08:13:00,282.342361,65.422541,0.13894819541393696
2023-10-09 08:24:18,282.350208,63.791128,0.13749156048988234
2023-10-09 08:32:27,282.355868,62.649919,0.1406087868375829
2023-10-09 08:39:18,282.360625,61.715325,0.14086473277642267
2023-10-09 08:54:20,282.371065,59.749114,0.14732011579293322
2023-10-09 09:09:19,282.38147,57.916353,0.14479350047337752
2023-10-09 09:24:18,282.391875,56.2241,0.14274220367563542
2023-10-09 09:32:29,282.397558,55.364285,0.14225718855298192
2023-10-09 09:41:09,282.403576,54.506651,0.1415389396768144
2023-10-09 09:54:18,282.412708,53.315573,0.1399339593709482
2023-10-09 10:09:19,282.423137,52.12887,0.13896089673336864
2023-10-09 10:24:18,282.433542,51.142108,0.1374015616594025
2023-10-09 10:32:24,282.439167,50.695121,0.1358580882704504
2023-10-09 10:39:18,282.443958,50.363921,0.13574642243676116
2023-10-09 10:54:18,282.454375,49.805844,0.1363837621311512
2023-10-09 11:09:18,282.464792,49.475677,0.1328072289293168
2023-10-09 11:24:19,282.47522,49.378221,0.130636228749234
2023-10-09 11:32:20,282.480787,49.422315,0.13037124226205113
2023-10-09 11:39:18,282.485625,49.514855,0.12789426684170688
2023-10-09 11:54:19,282.496053,49.884189,0.12822870550829785
2023-10-09 12:09:19,282.50647,50.480082,0.12755692735172802
2023-10-09 12:24:19,282.516887,51.294573,0.12440740948492927
2023-10-09 12:32:18,282.522431,51.813601,0.12480969840347031
2023-10-09 12:39:19,282.527303,52.316984,0.121752360263852
2023-10-09 12:54:17,282.537697,53.531893,0.12147765580577373
2023-10-09 13:09:20,282.548148,54.935966,0.11928252729192997
2023-10-09 13:24:21,282.558576,56.504811,0.11886587832036156
2023-10-09 13:32:21,282.564132,57.404041,0.11779001176654112
2023-10-09 13:39:18,282.568958,58.218832,0.11770428503207662
2023-10-09 13:54:17,282.579363,60.074796,0.11589866220428552
2023-10-09 14:09:24,282.589861,62.073511,0.11984946415197384
2023-10-09 14:24:19,282.60022,64.157109,0.12348148129956689
2023-10-09 14:32:30,282.605903,65.342763,0.12010017418285607
2023-10-09 14:38:13,282.609873,66.187607,0.12329132155999527
2023-10-09 14:49:03,282.617396,67.823578,0.11997789028295346
2023-10-09 15:09:09,282.631354,70.968253,0.11990447178969824
2023-10-09 15:17:28,282.63713,72.306548,0.11829412413498261
2023-10-09 15:23:11,282.6411,73.237683,0.11430001292469197
2023-10-09 15:25:24,282.642639,73.601062,0.11555571570455869
2023-10-09 15:29:45,282.64566,74.317773,0.11343733478852328
2023-10-09 15:34:57,282.649271,75.180545,0.11146270804224034
2023-10-09 15:39:53,282.652697,76.004784,0.11127440444047185
2023-10-09 15:49:42,282.659514,77.660059,0.11124790126126143
2023-10-09 15:56:49,282.664456,78.871335,0.11042970607346919
2023-10-09 16:03:05,282.668808,79.944697,0.1081707117234313
2023-10-09 16:08:07,282.672303,80.810726,0.10830573223506995
2023-10-09 16:12:18,282.675208,81.532708,0.10864116855343131
2023-10-09 16:15:59,282.677766,82.169721,0.10864406402492521
2023-10-10 06:34:05,283.273669,81.681722,0.11770375176594888
2023-10-10 06:37:36,283.276111,81.076757,0.11202719175031897
2023-10-10 06:42:01,283.279178,80.318914,0.11696663363112286
2023-10-10 06:47:01,283.28265,79.464082,0.1247348895984264
2023-10-10 07:00:49,283.292234,77.125826,0.15258246268663989
2023-10-10 07:10:33,283.298993,75.498896,0.14400022567087117
2023-10-10 07:20:21,283.305799,73.882635,0.13675857722597376
2023-10-10 07:22:29,283.30728,73.53396,0.1451361691997921
2023-10-10 07:33:13,283.314734,71.798313,0.11312333579435888
2023-10-10 07:41:04,283.320185,70.550059,0.11319012838442928
2023-10-10 07:49:42,283.326181,69.199897,0.1130052942884046
2023-10-10 07:55:23,283.330127,68.3248,0.10782505951454044
2023-10-10 08:01:19,283.334248,67.423535,0.10903426079571203
2023-10-10 08:14:46,283.343588,65.430569,0.11461553015686855
2023-10-10 08:24:01,283.350012,64.10356,0.11233146725895093
2023-10-10 08:32:18,283.355764,62.947969,0.11120867282846995
2023-10-10 08:39:01,283.360428,62.035107,0.11279671389654165
2023-10-10 08:54:00,283.370833,60.082775,0.11239572011889645
2023-10-10 09:09:03,283.381285,58.249383,0.10965524999608504
2023-10-10 09:24:01,283.391678,56.566669,0.11005510929659511
2023-10-10 09:32:07,283.397303,55.719392,0.11122389073879209
2023-10-10 09:40:53,283.403391,54.855898,0.11410118693766258
2023-10-10 09:54:01,283.412512,53.672495,0.11628557581074168
2023-10-10 10:09:01,283.422928,52.493365,0.13180973794214143
2023-10-10 10:24:02,283.433356,51.509952,0.1384026568069705
2023-10-10 10:32:01,283.4389,51.071621,0.13488222446881762
2023-10-10 10:39:01,283.443762,50.73724,0.12889219114724143
2023-10-10 10:54:00,283.454167,50.182929,0.13474515981718208
2023-10-10 11:09:01,283.464595,49.854171,0.13168017766233536
2023-10-10 11:24:03,283.475035,49.757175,0.13414023316320195
2023-10-10 11:31:57,283.480521,49.799912,0.12926464646992342
2023-10-10 11:39:01,283.485428,49.892734,0.13248205762710463
2023-10-10 11:54:01,283.495845,50.259029,0.11633637810744249
2023-10-10 12:09:00,283.50625,50.850052,0.10420974762053119
2023-10-10 12:24:02,283.51669,51.661077,0.10125031655541224
2023-10-10 12:31:57,283.522187,52.172467,0.09978505139613583
2023-10-10 12:39:01,283.527095,52.676235,0.10017008336206903
2023-10-10 12:54:00,283.5375,53.885612,0.09517048490450684
2023-10-10 13:09:00,283.547917,55.277391,0.09372687426798147
2023-10-10 13:24:02,283.558356,56.839819,0.09619716837920993
2023-10-10 13:32:06,283.563958,57.742324,0.09870891835955947
2023-10-10 13:39:00,283.56875,58.547664,0.09742733426104658
2023-10-10 13:54:01,283.579178,60.399881,0.09919003635718501
2023-10-10 14:09:00,283.589583,62.372855,0.09492063705166566
2023-10-10 14:24:02,283.600023,64.464812,0.09476674917845697
2023-10-10 14:32:02,283.605579,65.619716,0.10068440310762196
2023-10-10 14:57:45,283.623438,69.504548,0.09454638907398667
2023-10-10 15:21:43,283.640081,73.326485,0.0935192349282562
2023-10-10 15:27:36,283.644167,74.289643,0.0990337781817335
2023-10-10 15:32:53,283.647836,75.161964,0.10141022382033307
2023-10-10 15:37:36,283.651111,75.946276,0.1033253280724092
2023-10-10 15:47:23,283.657905,77.588445,0.10636571492006479
2023-10-10 15:54:56,283.663148,78.868429,0.11665114369466778
2023-10-10 16:01:06,283.667431,79.920986,0.11782587056695758
2023-10-10 16:06:28,283.671157,80.841431,0.11837678724900484
2023-10-10 16:10:30,283.673958,81.53547,0.11420494867489935
2023-10-10 16:14:13,283.676539,82.176409,0.11629561351761136
2023-10-11 07:57:17,284.331447,68.292249,0.09564728341391587
2023-10-11 08:03:01,284.335428,67.428317,0.09523288401549113
2023-10-11 08:16:35,284.34485,65.43538,0.09982312161319862
2023-10-11 08:23:45,284.349826,64.413909,0.09790770518654804
2023-10-11 08:31:50,284.35544,63.289786,0.09290006212982131
2023-10-11 08:38:47,284.360266,62.34838,0.0938950102102085
2023-10-11 08:53:44,284.370648,60.408075,0.08668459384790338
2023-10-11 09:08:44,284.381065,58.588213,0.0865825284171946
2023-10-11 09:23:45,284.391493,56.907259,0.0908072346332312
2023-10-11 09:31:55,284.397164,56.05727,0.09140358537598758
2023-10-11 09:40:41,284.403252,55.198472,0.09541222379112772
2023-10-11 09:53:46,284.412338,54.026082,0.09585163281109675
2023-10-11 10:08:44,284.422731,52.855954,0.09527582098614855
2023-10-11 10:23:45,284.43316,51.877905,0.09231346228451916
2023-10-11 10:31:46,284.438727,51.440322,0.09713843836988278
2023-10-11 10:38:46,284.443588,51.108043,0.09693099717250078
2023-10-11 10:53:44,284.453981,50.557821,0.09623076049458396
2023-10-11 11:08:44,284.464398,50.231309,0.09236447422526414
2023-10-11 11:23:46,284.474838,50.134621,0.09324710220410712
2023-10-11 11:31:41,284.480336,50.177085,0.09246704552104647
2023-10-11 11:38:44,284.485231,50.269022,0.09297533606242646
2023-10-11 11:53:44,284.495648,50.632734,0.08560000671543394
2023-10-11 12:08:45,284.506076,51.221407,0.08510396356536004
2023-10-11 12:23:47,284.516516,52.027823,0.09135973818240979
2023-10-11 12:31:43,284.522025,52.5375,0.08538853115328425
2023-10-11 12:38:46,284.526921,53.037389,0.08728103467848806
2023-10-11 12:53:46,284.537338,54.241826,0.09337286594295369
2023-10-11 13:08:43,284.54772,55.621926,0.08994077472269409
2023-10-11 13:38:46,284.568588,58.882539,0.08181621749077359
2023-10-11 13:53:42,284.578958,60.71671,0.07951697644523986
2023-10-11 14:08:45,284.58941,62.690675,0.07839836645924729
2023-10-11 14:23:48,284.599861,64.777694,0.07843941393617487
2023-10-11 14:31:54,284.605486,65.943441,0.07208889640809779
2023-10-11 14:37:34,284.609421,66.77538,0.07582598741931676
2023-10-11 14:44:29,284.614225,67.80814,0.07616280873563573
2023-10-11 14:55:34,284.621921,69.500205,0.07735968210287053
2023-10-11 15:04:53,284.628391,70.955342,0.0766531379678793
2023-10-11 15:13:19,284.634248,72.296389,0.07286260754686041
2023-10-11 15:20:53,284.639502,73.517298,0.07150533152158894
2023-10-11 15:25:38,284.642801,74.291695,0.07282832586282946
2023-10-11 15:30:54,284.646458,75.157073,0.07535944135741002
2023-10-11 15:35:36,284.649722,75.935005,0.07756400367749491
2023-10-11 15:45:23,284.656516,77.570098,0.0760646766734345
2023-10-11 15:59:42,284.666458,79.996097,0.0770033542596853
2023-10-11 16:04:25,284.669734,80.802475,0.07848895215742871
2023-10-11 16:08:38,284.672662,81.525736,0.08447574393997323
2023-10-11 16:12:19,284.67522,82.159018,0.0881207590922577
2023-10-12 06:36:37,285.275428,81.689291,0.10426852488804107
2023-10-12 06:40:18,285.277986,81.059572,0.10553275234765946
2023-10-12 06:44:36,285.280972,80.326531,0.10810952091207786
2023-10-12 06:49:37,285.284456,79.474671,0.10878874276585625
2023-10-12 06:56:16,285.289074,78.351876,0.10890088333933064
2023-10-12 07:03:32,285.29412,77.134477,0.10722377913621146
2023-10-12 07:13:21,285.300937,75.50778,0.1091675050777942
2023-10-12 07:22:53,285.307558,73.950173,0.11255667240803466
2023-10-12 07:25:11,285.309155,73.577935,0.11334976179241005
2023-10-12 07:29:26,285.312106,72.893946,0.11629619403695578
2023-10-12 07:36:17,285.316863,71.802494,0.11233170554391564
2023-10-12 07:44:20,285.322454,70.538288,0.11342384248122435
2023-10-12 07:52:55,285.328414,69.214073,0.11394686086759502
2023-10-12 07:58:30,285.332292,68.366604,0.11143320592478566
2023-10-12 08:04:48,285.336667,67.424311,0.1130796747869356
2023-10-12 08:18:32,285.346204,65.425245,0.10647188161788654
2023-10-12 08:23:33,285.349688,64.715114,0.10492697507121816
2023-10-12 08:31:46,285.355394,63.576928,0.1038200730959307
2023-10-12 08:38:29,285.360058,62.670693,0.10700643801568163
2023-10-12 08:53:28,285.370463,60.733389,0.11867406748848151
2023-10-12 09:08:29,285.380891,58.919126,0.12993435807797535
2023-10-12 09:23:30,285.391319,57.245813,0.11006297097889198
2023-10-12 09:31:34,285.396921,56.409974,0.10503308593288326
2023-10-12 09:40:16,285.402963,55.561091,0.10502373762695318
2023-10-12 09:53:29,285.412141,54.381889,0.09556215524128656
2023-10-12 10:08:27,285.422535,53.217757,0.0922607873718784
2023-10-12 10:23:28,285.432963,52.244892,0.09244942147949954
2023-10-12 10:31:28,285.438519,51.810508,0.09408334001928055
2023-10-12 10:38:29,285.443391,51.479182,0.09052856723229614
2023-10-12 10:53:29,285.453808,50.930924,0.09413657335906613
2023-10-12 11:08:30,285.464236,50.606286,0.09034667375451008
2023-10-12 11:23:30,285.474653,50.5105,0.09448598504165487
2023-10-12 11:31:29,285.480197,50.553235,0.0977181116370234
2023-10-12 11:38:30,285.485069,50.644442,0.09281128713312038
2023-10-12 11:53:30,285.495486,51.006236,0.093956153017623
2023-10-12 12:08:30,285.505903,51.590896,0.09676726983889132
2023-10-12 12:23:32,285.516343,52.392651,0.08867394072814913
2023-10-12 12:31:27,285.52184,52.898335,0.08994524390440613
2023-10-12 12:38:30,285.526736,53.395364,0.08840528849934935
2023-10-12 12:53:30,285.537153,54.593178,0.09025697249169423
2023-10-12 13:08:34,285.547616,55.977502,0.09060221453269256
2023-10-12 13:38:29,285.568391,59.209475,0.08620140902624265
2023-10-12 14:08:29,285.589225,63.004187,0.08186773471121216
2023-10-12 14:23:30,285.599653,65.079024,0.08133930069196546
2023-10-12 14:31:35,285.605266,66.238337,0.08226614177014291
2023-10-12 14:37:10,285.609144,67.055202,0.08098914292733081
2023-10-12 14:42:19,285.61272,67.819762,0.0828233859469607
2023-10-12 15:02:46,285.626921,70.95227,0.08230313890303956
2023-10-12 15:11:07,285.63272,72.271753,0.08104333407792821
2023-10-12 15:16:58,285.636782,73.208676,0.08088921901194798
2023-10-12 15:18:53,285.638113,73.51777,0.07832381469160592
2023-10-12 15:23:44,285.641481,74.3044,0.07781086213978866
2023-10-12 15:28:55,285.645081,75.151913,0.07644396314920318
2023-10-12 15:43:33,285.655243,77.579156,0.07970569206971828
2023-10-12 15:51:12,285.660556,78.86605,0.07724409376648786
2023-10-12 15:57:36,285.665,79.950734,0.07770489639056237
2023-10-12 16:02:30,285.668403,80.785494,0.08509253285823667
2023-10-12 16:06:49,285.6714,81.523502,0.07920128517205297
2023-10-12 16:10:30,285.673958,82.154839,0.07986854476743029
2023-10-13 07:45:52,286.323519,70.552533,0.18951679763846502
2023-10-13 07:54:27,286.329479,69.237301,0.24396096943375692
2023-10-13 08:53:16,286.370324,61.050331,0.2338696110581348
2023-10-13 11:53:17,286.495336,51.378352,0.1410595661508982
2023-10-13 13:23:16,286.557824,57.853162,0.15052756510113546
2023-10-13 13:38:15,286.568229,59.540159,0.1369913092253877
2023-10-13 13:53:15,286.578646,61.367432,0.13107419542321788
2023-10-14 06:42:52,287.279769,81.072049,0.1882939710704467
2023-10-14 06:47:10,287.282755,80.343973,0.19231608467789538
2023-10-14 06:52:33,287.286493,79.436513,0.20719857440702047
2023-10-14 08:08:22,287.339144,67.427481,0.19404813133241255
2023-10-14 08:24:13,287.35015,65.169647,0.20436584785997208
2023-10-14 08:32:35,287.355961,64.023648,0.19561392485397397
2023-10-14 08:38:14,287.359884,63.269041,0.20252235167215152
2023-10-14 08:52:58,287.370116,61.379622,0.1920857290374021
2023-10-14 10:52:59,287.453461,51.672847,0.27970935958155146
2023-10-14 13:22:59,287.557627,58.183619,0.21063834268819745
2023-10-14 13:38:06,287.568125,59.878285,0.1970908044424966
2023-10-14 14:31:14,287.605023,66.862345,0.16915508908580934
2023-10-14 14:36:56,287.608981,67.691432,0.1698061013794529
2023-10-14 14:38:44,287.610231,67.955998,0.16778762098346367
2023-10-14 14:48:59,287.61735,69.486531,0.1664711893674123
2023-10-14 14:58:30,287.623958,70.942031,0.1674682686038057
2023-10-14 15:07:19,287.630081,72.317971,0.15835678395277913
2023-10-14 15:13:13,287.634178,73.252366,0.1560782335417027
2023-10-14 15:15:01,287.635428,73.539501,0.15877376615111854
2023-10-14 15:19:41,287.638669,74.288248,0.16385194324332372
2023-10-14 15:25:05,287.642419,75.16213,0.16517025021362594
2023-10-14 15:29:45,287.64566,75.923465,0.16684417748781327
2023-10-14 15:39:41,287.652558,77.56152,0.15122662572281845
2023-10-14 15:47:28,287.657963,78.860085,0.1393018480078544
2023-10-14 15:53:47,287.66235,79.922484,0.14582688517580855
2023-10-14 15:58:52,287.66588,80.782293,0.1465416326659404
2023-10-14 16:03:19,287.66897,81.538025,0.1530110430572126
2023-10-21 08:21:33,294.348299,67.454542,0.02817512218108543
2023-10-21 08:29:44,294.353981,66.355426,0.03086529392571474
2023-10-21 08:36:33,294.358715,65.464853,0.030610051476910607
2023-10-21 09:21:34,294.389977,60.235378,0.0311872145802958
2023-10-21 09:29:43,294.395637,59.425371,0.029098395853655586
2023-10-21 12:21:35,294.514988,55.588047,0.03585330514733822
2023-10-21 12:29:34,294.520532,56.073115,0.03697687264455776
2023-10-21 12:36:37,294.525428,56.546602,0.04006652953625576
2023-10-21 15:26:28,294.64338,77.519754,0.034675903611940555
2023-10-21 15:34:34,294.649005,78.828317,0.03741988026901628
2023-10-21 15:41:01,294.653484,79.881261,0.03687328387515075
2023-10-21 15:46:25,294.657234,80.769452,0.036903099073788
2023-10-21 15:50:47,294.660266,81.491616,0.038441433486367055
2023-10-21 15:54:43,294.662998,82.144745,0.038124201451162854
2023-10-24 12:21:08,297.514676,56.613015,0.09324058133313783
2023-10-24 13:06:07,297.545914,59.977214,0.054492138176281416
2023-10-24 13:21:10,297.556366,61.442557,0.05320837307882769
2023-10-24 13:29:06,297.561875,62.27635,0.046933814796395926
2023-10-24 13:36:06,297.566736,63.045358,0.04491201859089613
2023-10-24 14:21:10,297.598032,68.661312,0.04624093217001647
2023-10-24 14:29:11,297.6036,69.766405,0.048507790257877534
2023-10-24 14:34:54,297.607569,70.571512,0.05052502119813091
2023-10-24 14:37:16,297.609213,70.908854,0.0520095913373433
2023-10-24 14:45:27,297.614896,72.092742,0.05345062250766292
2023-10-24 14:51:13,297.6189,72.942508,0.04615228600701305
2023-10-24 14:53:26,297.62044,73.27242,0.04583813868914418
2023-10-24 14:59:55,297.624942,74.24736,0.04526591317172389
2023-10-24 15:05:38,297.628912,75.118897,0.042819364271030225
2023-10-24 15:10:42,297.632431,75.900182,0.044479670219591955
2023-10-24 15:21:04,297.63963,77.522945,0.039442487237089
2023-10-24 15:35:50,297.649884,79.884732,0.039109787687448716
2023-10-24 15:41:13,297.653623,80.758504,0.04079367150073331
2023-10-24 15:45:42,297.656736,81.490651,0.04196904450059522
2023-10-25 10:05:58,298.42081,57.726334,0.04033751431899643
2023-10-25 10:20:59,298.431238,56.818662,0.04015128546657006
2023-10-25 10:29:01,298.436817,56.412578,0.044059485370096414
2023-10-25 10:35:59,298.441655,56.106589,0.04998249542688995
2023-10-25 10:50:59,298.452072,55.596846,0.04814382538392953
2023-10-25 11:05:59,298.462488,55.29529,0.04473586878249019
2023-10-25 11:21:00,298.472917,55.205506,0.04122688980030131
2023-10-25 11:29:00,298.478472,55.244797,0.04262737531173718
2023-10-25 11:35:59,298.483322,55.328519,0.04290877943257312
2023-10-25 11:50:59,298.493738,55.662923,0.039429431998671084
2023-10-25 12:06:00,298.504167,56.205485,0.04552517480841904
2023-10-25 12:21:02,298.514606,56.950687,0.04881577427771673
2023-10-25 12:51:00,298.535417,59.005268,0.05017333852607128
2023-10-27 08:33:33,300.356632,67.521481,0.020618680792702775
2023-10-27 08:39:06,300.360486,66.822698,0.022132167784365282
2023-10-27 08:50:45,300.368576,65.40928,0.020876004364144145
2023-10-27 09:05:46,300.379005,63.701378,0.022844112728663237
2023-10-27 09:20:46,300.389421,62.134268,0.025978491348394396
2023-10-27 09:28:48,300.395,61.356145,0.026587387938632436
2023-10-27 09:37:24,300.400972,60.573017,0.028012867663730706
2023-10-27 09:50:44,300.410231,59.465806,0.02777975366035972
2023-10-27 10:05:46,300.420671,58.381975,0.02414286205682395
2023-10-27 10:20:47,300.4311,57.483452,0.025390885212542513
2023-10-27 10:28:49,300.436678,57.081577,0.025991389298501085
2023-10-27 10:35:47,300.441516,56.778811,0.025049230895195465
2023-10-27 10:50:46,300.451921,56.274999,0.02588304312866548
2023-10-27 11:05:46,300.462338,55.976558,0.02577918636837886
2023-10-27 11:20:47,300.472766,55.88763,0.02485442024484181
2023-10-27 11:28:45,300.478299,55.926151,0.02488595015113246
2023-10-27 11:35:46,300.483171,56.009206,0.02328786339492568
2023-10-27 11:50:46,300.493588,56.339928,0.025486614776314004
2023-10-27 12:05:47,300.504016,56.876685,0.024887575054000455
2023-10-27 12:20:48,300.514444,57.613227,0.026069015361782823
2023-10-27 12:28:50,300.520023,58.086603,0.02519394517376062
2023-10-27 12:35:47,300.52485,58.539398,0.026179453781223806
2023-10-27 12:50:48,300.535278,59.649931,0.024802921574920377
2023-10-27 14:05:48,300.587361,67.542435,0.04302279906301534
2023-10-27 14:30:55,300.604803,70.895221,0.04580928594368988
2023-10-27 14:39:10,300.610532,72.058061,0.046814486703676425
2023-10-27 14:44:46,300.614421,72.863129,0.04879943123237068
2023-10-27 14:47:31,300.616331,73.262945,0.04899111970359128
2023-10-28 07:19:13,301.305012,78.418024,0.034460787025540236
2023-10-28 07:27:33,301.310799,77.127074,0.03488275921400032
2023-10-28 07:38:12,301.318194,75.508425,0.03424661512353741
2023-10-28 07:47:29,301.324641,74.128699,0.035180588438737365
2023-10-28 07:49:19,301.325914,73.85988,0.03518882528774176
2023-10-28 08:12:38,301.342106,70.556309,0.03706067387277499
2023-10-28 08:50:40,301.368519,65.702719,0.03513273087021212
2023-10-28 10:28:48,301.436667,57.408352,0.07274596339196444
2023-10-28 10:50:41,301.451863,56.609063,0.06026134122447967
2023-10-28 11:05:41,301.46228,56.312226,0.04942403441863737
2023-10-28 11:20:44,301.472731,56.22384,0.051123177163147585
2023-10-28 11:28:50,301.478356,56.26357,0.04634538896957908
2023-10-28 11:35:41,301.483113,56.344767,0.04481381140110662
2023-10-28 11:50:41,301.49353,56.673781,0.045540003077097595
2023-10-28 12:05:42,301.503958,57.207795,0.04696768806403494
2023-10-28 12:20:43,301.514387,57.94065,0.05805920842446875
2023-10-28 12:28:48,301.52,58.414809,0.05264965694122396
2023-10-28 12:35:42,301.524792,58.862324,0.05530456327461528
2023-10-28 12:50:42,301.535208,59.966338,0.0459383261438332
2023-10-28 13:05:42,301.545625,61.241422,0.05851896308862594
2023-10-28 13:20:43,301.556053,62.67817,0.04651650013422887
2023-10-28 13:28:48,301.561667,63.513918,0.049984649136012554
2023-10-28 13:35:42,301.566458,64.260071,0.05227110977061508
2023-10-28 13:50:42,301.576875,65.98059,0.0475101752790322
2023-10-28 14:05:44,301.587315,67.830837,0.040136747770365945
2023-10-28 14:20:44,301.597731,69.791432,0.03953726635924143
2023-10-28 14:28:50,301.603356,70.893904,0.045760244193865235
2023-10-28 14:34:25,301.607234,71.670678,0.046920851030448324
2023-10-28 14:42:32,301.61287,72.823006,0.040068285432505166
2023-10-28 14:48:09,301.616771,73.635689,0.04175211818985367
2023-10-28 14:50:02,301.618079,73.91088,0.04313246355023221
2023-10-28 14:52:13,301.619595,74.231554,0.042835192002782504
2023-10-28 14:58:04,301.623657,75.099255,0.04753034170272913
2023-10-28 15:03:14,301.627245,75.875511,0.05029363989017685
2023-10-28 15:13:54,301.634653,77.505675,0.03883194190984276
2023-10-28 15:22:09,301.640382,78.790035,0.03848536183082204
2023-10-28 15:28:57,301.645104,79.862632,0.04277817023583043
2023-10-28 15:34:35,301.649016,80.759873,0.04662170063932004
2023-10-28 15:39:01,301.652095,81.470976,0.04706501577964211
2023-10-31 08:09:14,304.339745,71.810222,0.030405474806059193
2023-10-31 09:20:45,304.38941,63.318359,0.02920038021482705
2023-10-31 09:28:52,304.395046,62.546856,0.030078347579003482
2023-10-31 09:50:32,304.410093,60.715245,0.031381535664507194
2023-10-31 10:20:28,304.43088,58.777825,0.02992466559434341
2023-10-31 10:28:28,304.436435,58.385014,0.03157422506558515
2023-10-31 10:35:30,304.441319,58.085123,0.028822096218285482
2023-10-31 10:50:30,304.451736,57.590818,0.026137425109752043
2023-10-31 11:05:30,304.462153,57.298488,0.02560640123984994
2023-10-31 11:20:31,304.472581,57.211385,0.023017240661417252
2023-10-31 11:28:31,304.478137,57.249382,0.023259612875725956
2023-10-31 11:35:30,304.482986,57.330436,0.023190689112794958
2023-10-31 11:50:30,304.493403,57.654369,0.02354531446803087
2023-10-31 12:05:30,304.503819,58.179603,0.02406126581020857
2023-10-31 12:20:32,304.514259,58.902333,0.025247063186272754
2023-10-31 12:28:28,304.519769,59.360491,0.025905045595495873
2023-10-31 13:28:39,304.561562,64.405828,0.027538292349950717
2023-10-31 14:22:35,304.599016,70.88434,0.031684053951680974
2023-10-31 14:30:37,304.604595,71.974806,0.0317075244512517
2023-10-31 15:17:09,304.63691,78.789497,0.025540997316233077
2023-10-31 15:23:58,304.641644,79.847762,0.03378635773745226
2023-11-05 07:10:28,309.298935,81.676226,0.030793448472448928
2023-11-05 07:14:29,309.301725,81.055082,0.026497173427071335
2023-11-05 07:19:17,309.305058,80.318204,0.026861817213966816
2023-11-05 07:24:56,309.308981,79.458995,0.027227118173826195
2023-11-05 07:31:55,309.313831,78.410206,0.02826479460883241
2023-11-05 07:40:40,309.319907,77.118376,0.02983849013354058
2023-11-05 09:20:28,309.389213,64.778785,0.02724719252588981
2023-11-05 09:28:40,309.394907,64.013639,0.024824120054417108
2023-11-05 09:36:34,309.400394,63.319908,0.023375979912052116
2023-11-05 09:50:26,309.410023,62.209876,0.029501520988032975
2023-11-05 10:05:27,309.420451,61.170289,0.028019033030803664
2023-11-05 10:20:28,309.43088,60.308657,0.03752418795645556
2023-11-05 10:28:37,309.436539,59.91846,0.046542962523566336
2023-11-05 10:35:28,309.441296,59.633747,0.04802924873900106
2023-11-05 10:50:28,309.451713,59.151169,0.04730101157544407
2023-11-05 11:05:27,309.462118,58.866079,0.046963239144291374
2023-11-05 11:20:28,309.472546,58.780859,0.0381620814800795
2023-11-05 11:28:30,309.478125,58.818085,0.03595239393170225
2023-11-05 11:35:27,309.482951,58.896796,0.03308318224193789
2023-11-05 11:50:28,309.49338,59.213175,0.030211561219695232
2023-11-05 12:05:28,309.503796,59.725967,0.03108362781206335
2023-11-05 12:20:30,309.514236,60.431961,0.03409677213501706
2023-11-05 12:28:30,309.519792,60.883711,0.032708578259834274
2023-11-05 12:35:30,309.524653,61.321111,0.03167830305709688
2023-11-05 12:50:30,309.535069,62.386489,0.03253336444172684
2023-11-05 13:05:30,309.545486,63.618753,0.047375373753782646
2023-11-05 13:20:32,309.555926,65.011082,0.04288336630213401
2023-11-05 13:28:34,309.561505,65.816013,0.04249496484608105
2023-11-05 13:35:30,309.566319,66.543198,0.04472600121390291
2023-11-05 13:50:32,309.576759,68.218021,0.04442299633023063
2023-11-05 14:05:30,309.587153,70.010047,0.04249123601371482
2023-11-05 14:20:35,309.597627,71.931465,0.0452488936848237
2023-11-05 14:28:42,309.603264,73.009712,0.04143854873814095
2023-11-05 14:34:20,309.607176,73.775134,0.04067474510339322
2023-11-05 14:36:13,309.608484,74.03404,0.04296805651015019
2023-11-05 14:38:02,309.609745,74.285179,0.04443789071340866
2023-11-05 14:43:38,309.613634,75.067779,0.04367284987297049
2023-11-05 14:49:12,309.6175,75.857964,0.04428777389539286
2023-11-05 15:00:30,309.625347,77.497388,0.04528427878724779
2023-11-05 15:09:06,309.631319,78.774629,0.04456853541694009
2023-11-05 15:16:06,309.636181,79.831488,0.042500351796145856
2023-11-05 15:21:50,309.640162,80.707695,0.040959636946622795
2023-11-05 15:26:37,309.643484,81.445412,0.04280970067988782
2023-11-05 15:30:41,309.646308,82.07698,0.04217048607815481
2023-11-06 10:05:31,310.420498,61.458962,0.050563298210102754
2023-11-06 10:20:32,310.430926,60.601477,0.05254065647782841
2023-11-06 10:28:36,310.436528,60.216928,0.05879011131664279
2023-11-06 10:50:31,310.451748,59.45047,0.054797655352622904
2023-11-06 11:05:31,310.462164,59.166701,0.052769862741906426
2023-11-06 11:20:33,310.472604,59.082324,0.06048119495796715
2023-11-06 11:28:32,310.478148,59.119313,0.054376469092175694
2023-11-06 11:35:31,310.482998,59.198125,0.05312378559169793
2023-11-06 11:50:33,310.493438,59.513916,0.05439211031811862
2023-11-06 12:05:32,310.503843,60.024314,0.05387445977389107
2023-11-06 12:20:33,310.514271,60.726666,0.05998201224899243
2023-11-06 12:28:32,310.519815,61.175545,0.05024163342611238
2023-11-06 12:35:31,310.524664,61.609967,0.05140938608786531
2023-11-06 15:25:07,310.642442,81.434854,0.05281729348741189
2023-11-06 15:29:20,310.64537,82.086527,0.05209331693433798
2023-11-07 07:13:25,311.300984,81.683047,0.03294827467105739
2023-11-07 07:17:33,311.303854,81.050212,0.032519449609080375
2023-11-07 07:22:17,311.307141,80.331073,0.031695455368915354
2023-11-07 07:28:07,311.311192,79.453631,0.033216299922694995
2023-11-07 07:35:10,311.316088,78.407203,0.034349024580402995
2023-11-07 07:44:08,311.322315,77.100271,0.033966425320590084
2023-11-07 09:20:36,311.389306,65.322347,0.04141686983536636
2023-11-07 09:28:44,311.394954,64.569284,0.04726132959421929
2023-11-07 09:36:38,311.40044,63.880872,0.049079487157339875
2023-11-07 09:50:32,311.410093,62.777129,0.04323616098700978
2023-11-07 10:05:32,311.420509,61.747467,0.037294185719747686
2023-11-07 10:20:34,311.430949,60.892435,0.03478708365628216
2023-11-07 10:28:44,311.43662,60.505064,0.03398985417795853
2023-11-07 10:35:31,311.441331,60.225644,0.034485925608248126
2023-11-07 10:50:34,311.451782,59.745741,0.03681963965436757
2023-11-07 11:05:33,311.462188,59.46349,0.03384667061422389
2023-11-07 11:20:34,311.472616,59.379278,0.030185390670783633
2023-11-07 11:28:42,311.478264,59.417097,0.0308886951076955
2023-11-07 11:35:34,311.483032,59.494598,0.0316750282319383
2023-11-07 11:50:33,311.493438,59.807589,0.033068599617342584
2023-11-07 12:05:33,311.503854,60.315735,0.031178287541950445
2023-11-07 12:20:34,311.514282,61.014593,0.03206959141647292
2023-11-07 12:28:34,311.519838,61.462314,0.034484494169355624
2023-11-07 12:35:34,311.524699,61.895884,0.03365190029124646
2023-11-07 13:35:36,311.566389,67.0803,0.029402175424052168
2023-11-07 13:50:45,311.57691,68.757118,0.028841269667708804
2023-11-07 14:20:38,311.597662,72.427451,0.03669407457542935
2023-11-07 14:28:51,311.603368,73.512615,0.04643558266679771
2023-11-07 14:36:42,311.608819,74.577029,0.04682552708747997
2023-11-07 14:57:18,311.623125,77.488231,0.038530149350803324
2023-11-07 15:06:10,311.629282,78.78893,0.036950284219399575
2023-11-07 15:18:56,311.638148,80.705772,0.03532092390619138
2023-11-07 15:23:48,311.641528,81.448723,0.034704118695943996
2023-11-07 15:27:57,311.64441,82.087,0.033985589945957115
2023-11-08 07:15:04,312.30213,81.660304,0.028553464423346133
2023-11-08 07:19:01,312.304873,81.058628,0.028486539475108038
2023-11-08 07:45:41,312.323391,77.118754,0.027342058281092152
2023-11-08 09:20:38,312.389329,65.593301,0.022335224226314107
2023-11-08 09:28:39,312.394896,64.853338,0.023427046533122765
2023-11-08 09:36:33,312.400382,64.166762,0.02206763141680535
2023-11-08 09:50:37,312.41015,63.053558,0.024314267229016338
2023-11-08 10:05:36,312.420556,62.029388,0.025594545096059004
2023-11-08 10:20:40,312.431019,61.176333,0.026118487156217587
2023-11-08 10:28:53,312.436725,60.788697,0.023464472345128443
2023-11-08 10:35:39,312.441424,60.51163,0.02484202254698752
2023-11-08 10:50:39,312.45184,60.036027,0.025700926047533258
2023-11-08 11:05:39,312.462257,59.75511,0.02701377521467716
2023-11-08 11:20:40,312.472685,59.67177,0.02843472703762707
2023-11-08 11:28:47,312.478322,59.709546,0.028332408789496888
2023-11-08 11:35:38,312.483079,59.786582,0.027866363807708645
2023-11-08 11:50:38,312.493495,60.098671,0.028757316113464822
2023-11-08 12:05:39,312.503924,60.605496,0.03252135771923401
2023-11-08 12:20:41,312.514363,61.302661,0.032692390472265104
2023-11-08 12:28:37,312.519873,61.744896,0.031931715505959385
2023-11-08 14:05:39,312.587257,70.773047,0.026054246972480086
2023-11-08 14:20:40,312.597685,72.668346,0.027321844209920804
2023-11-08 14:29:06,312.603542,73.779187,0.0263605895051748
2023-11-08 14:34:51,312.607535,74.554552,0.026637093339134187
2023-11-08 14:36:41,312.608808,74.804724,0.02628922891953988
2023-11-08 14:38:31,312.610081,75.056293,0.02697378363420456
2023-11-08 14:44:08,312.613981,75.835513,0.027235787087439657
2023-11-08 14:55:45,312.622049,77.485914,0.027020927483357837
2023-11-08 15:11:40,312.633102,79.824578,0.0291375806950921
2023-11-08 15:17:24,312.637083,80.686572,0.028924316892343153
2023-11-08 15:22:18,312.640486,81.430604,0.02883738874353924
2023-11-08 15:26:35,312.643461,82.086078,0.03035409685482894
2023-11-10 09:37:24,314.400972,64.644168,0.04048446165795817
2023-11-10 09:50:47,314.410266,63.596422,0.047618754699517034
2023-11-10 10:20:48,314.431111,61.736021,0.04897737287357138
2023-11-10 10:28:52,314.436713,61.357937,0.04293902363191488
2023-11-10 10:35:48,314.441528,61.075878,0.037752370114860975
2023-11-10 10:50:48,314.451944,60.604145,0.0359252927697044
2023-11-10 11:05:49,314.462373,60.325246,0.037225119077793904
2023-11-10 11:20:49,314.472789,60.242598,0.04348132572817251
2023-11-10 13:35:54,314.566597,67.860699,0.027265842069090176
2023-11-10 13:50:57,314.577049,69.509968,0.029363297835680924
2023-11-10 14:05:51,314.587396,71.266218,0.03237900024130659
2023-11-10 15:01:32,314.626065,78.748889,0.06043751953912477
2023-11-11 07:19:28,315.305185,81.67747,0.024347572219675335
2023-11-11 07:23:44,315.308148,81.037433,0.022947284284347464
2023-11-11 07:28:41,315.311586,80.301376,0.022936618187058253
2023-11-11 07:34:32,315.315648,79.441143,0.022394625125351116
2023-11-11 07:41:48,315.320694,78.388241,0.023379025950819567
2023-11-11 09:20:54,315.389514,66.372985,0.023841620470281592
2023-11-11 09:29:01,315.39515,65.632124,0.02278698359158456
2023-11-11 09:36:51,315.40059,64.959197,0.022997875217268832
2023-11-11 09:50:53,315.410336,63.861399,0.023086496539899602
2023-11-11 10:05:54,315.420764,62.847207,0.021114104727883814
2023-11-11 10:20:56,315.431204,62.006554,0.0219589604733047
2023-11-11 10:29:00,315.436806,61.630205,0.021395584664463105
2023-11-11 10:35:54,315.441597,61.350732,0.022191983001827554
2023-11-11 10:50:54,315.452014,60.880914,0.02140895364112245
2023-11-11 11:05:54,315.462431,60.603331,0.02233534007230105
2023-11-11 11:20:55,315.472859,60.520765,0.021809477177990106
2023-11-11 11:29:01,315.478484,60.557742,0.02145373666900831
2023-11-11 11:35:53,315.483252,60.633763,0.020255020473768894
2023-11-11 11:50:55,315.493692,60.942395,0.020691198708142164
2023-11-11 12:05:55,315.504109,61.4422,0.020056367310076834
2023-11-11 12:20:56,315.514537,62.129683,0.02094733041164558
2023-11-11 12:28:54,315.520069,62.56828,0.021252210308039112
2023-11-11 12:35:55,315.524942,62.995859,0.021416523237887466
2023-11-11 12:50:55,315.535359,64.035621,0.02114781301338152
2023-11-12 10:06:02,316.420856,63.110144,0.04310801477410947
2023-11-12 10:21:02,316.431273,62.274627,0.04396482441451179
2023-11-12 10:29:15,316.436979,61.893195,0.048561846716170275
2023-11-12 10:36:01,316.441678,61.620593,0.05257659406307033
2023-11-12 10:51:02,316.452106,61.152261,0.04797637570736718
2023-11-12 11:06:02,316.462523,60.876014,0.049241431434831576
2023-11-12 11:21:04,316.472963,60.793987,0.0493730850530578
2023-11-12 11:29:07,316.478553,60.830616,0.05166098060358177
2023-11-12 11:36:03,316.483368,60.907133,0.05087889108246169
2023-11-12 11:51:02,316.493773,61.213731,0.044480964660438355
2023-11-12 12:06:03,316.504201,61.712091,0.04203365023794166
2023-11-12 12:21:03,316.514618,62.3961,0.04572298667433863
2023-11-12 12:29:04,316.520185,62.835838,0.04806982538910889
2023-11-12 12:36:04,316.525046,63.260944,0.04749272828445724
2023-11-12 12:51:04,316.535463,64.297083,0.06336386847581607
2023-11-12 13:06:04,316.54588,65.496755,0.05249909026698264
2023-11-12 13:51:03,316.577118,69.979427,0.05442627355579098
2023-11-15 09:29:30,319.395486,66.624653,0.014812151324987075
2023-11-15 09:37:16,319.40088,65.9661,0.01807772301979831
2023-11-15 09:51:28,319.410741,64.870476,0.015143777383761948
2023-11-15 10:36:28,319.441991,62.399138,0.015523934774860483
2023-11-15 10:51:28,319.452407,61.936829,0.020517769372539057
2023-11-15 11:21:29,319.473252,61.582539,0.01792783962888861
2023-11-15 11:29:32,319.478843,61.618526,0.01647336255456181
2023-11-15 11:36:28,319.483657,61.693947,0.017999322891773764
2023-11-15 12:06:44,319.504676,62.499018,0.016851750850947898
2023-11-15 12:21:29,319.514919,63.165167,0.016191110710932696
2023-11-15 12:29:25,319.520428,63.595043,0.017654462265057253
2023-11-15 12:36:29,319.525336,64.019041,0.01711884447818336
2023-11-15 12:51:30,319.535764,65.044734,0.018356209506420678
2023-11-15 13:06:28,319.546157,66.228793,0.018802216608587847
2023-11-15 13:21:29,319.556586,67.570035,0.018615042703407216
2023-11-15 13:29:34,319.562199,68.352215,0.017325371057200247
2023-11-15 13:36:35,319.567072,69.063801,0.021051530855397304
2023-11-15 13:51:35,319.577488,70.68183,0.019305382821812288
2023-11-15 14:06:31,319.587859,72.415959,0.020899089209985094
2023-11-15 14:21:35,319.598322,74.280037,0.024774999953477372
2023-11-15 14:29:40,319.603935,75.324041,0.02097607056629425
2023-11-15 14:35:17,319.607836,76.066444,0.019427252492108034
2023-11-15 14:37:07,319.609109,76.311681,0.019022479818256024
2023-11-15 14:54:41,319.621308,78.729834,0.016903790123318878
2023-11-15 15:02:10,319.626505,79.7949,0.015469207780541644
2023-11-15 15:08:13,319.630706,80.669785,0.015923203828995983
2023-11-15 15:13:16,319.634213,81.408845,0.015701325280457836
2023-11-15 15:17:23,319.637072,82.016805,0.01747543178875861
2023-11-17 07:28:32,321.311481,81.66559,0.017785202150647075
2023-11-17 07:32:50,321.314468,81.040103,0.016799339568289186
2023-11-17 07:38:01,321.318067,80.293753,0.0164998452711922
2023-11-17 07:44:05,321.32228,79.431532,0.01713901322295774
2023-11-17 15:05:41,321.628947,80.638129,0.014976254035356894
2023-11-17 15:10:52,321.632546,81.388531,0.013344931013663658
2023-11-17 15:15:17,321.635613,82.034294,0.013751293343924493
2023-11-18 07:30:04,322.312546,81.658093,0.012192023848716413
2023-11-18 07:34:32,322.315648,81.011817,0.01170829459996229
2023-11-18 07:39:37,322.319178,80.283961,0.012167300922345683
2023-11-18 07:45:48,322.323472,79.410314,0.01234888492114201
2023-11-18 09:30:36,322.39625,67.266299,0.03006787244812267
2023-11-18 09:37:52,322.401296,66.65748,0.028837997436000285
2023-11-18 10:07:01,322.421539,64.588722,0.026454539011089725
2023-11-18 10:30:05,322.437558,63.404261,0.021499766119948444
2023-11-18 10:37:03,322.442396,63.129458,0.019222209611014007
2023-11-18 10:52:00,322.452778,62.673629,0.01685475758824026
2023-11-18 11:07:01,322.463206,62.402925,0.020002517119788423
2023-11-18 11:22:02,322.473634,62.32234,0.01953707392872363
2023-11-18 11:30:03,322.479201,62.357499,0.0192787335060254
2023-11-18 11:37:01,322.484039,62.43219,0.019860258695617736
2023-11-18 11:52:02,322.494468,62.731919,0.019027986409278972
2023-11-18 13:07:05,322.546586,66.923347,0.021813304264044958
2023-11-18 13:30:16,322.562685,69.035579,0.03345619985295517
2023-11-18 13:37:07,322.567442,69.724168,0.04019361066745935
2023-11-18 13:52:08,322.57787,71.3297,0.0343246081182556
2023-11-19 07:31:30,323.313542,81.664058,0.024106215782693896
2023-11-19 07:35:54,323.316597,81.030515,0.017704676261160106
2023-11-19 07:41:01,323.32015,80.301533,0.01797428932367851
2023-11-19 09:30:21,323.396076,67.52547,0.01767059413604127
2023-11-19 09:37:27,323.401007,66.929823,0.017413081086383952
2023-11-19 09:52:18,323.411319,65.796193,0.017614315315610495
2023-11-19 10:07:15,323.421701,64.815249,0.016551839007124206
2023-11-19 10:22:14,323.432106,64.001359,0.015976569118799067
2023-11-19 10:30:13,323.43765,63.63931,0.015907745315165853
2023-11-19 10:37:13,323.442512,63.36377,0.01749769318108218
2023-11-19 10:52:13,323.452928,62.907703,0.02258792472301126
2023-11-19 11:07:14,323.463356,62.637939,0.024094333053280365
2023-11-19 11:22:15,323.473785,62.557614,0.02083816579286181
2023-11-19 11:37:15,323.484201,62.667263,0.02531923817691336
2023-11-19 13:30:17,323.562697,69.229158,0.018954304541881573
2023-11-19 13:37:20,323.567593,69.935365,0.019073772427563633
2023-11-19 13:52:20,323.578009,71.53458,0.022160112898220407
2023-11-19 14:07:18,323.588403,73.253348,0.034504355059977114
2023-11-19 14:22:21,323.598854,75.095802,0.034386745242095895
2023-11-19 14:30:35,323.604572,76.148649,0.03411948122185746
2023-11-19 14:36:30,323.608681,76.923675,0.029416970532780612
2023-11-19 14:45:37,323.615012,78.146451,0.024363074388769914
2023-11-19 14:49:46,323.617894,78.714014,0.024936255695449164
2023-11-19 14:57:26,323.623218,79.77951,0.02628853681022647
2023-11-19 15:03:34,323.627477,80.6469,0.026242750344220772
2023-11-19 15:08:43,323.631053,81.384821,0.026003232938938123
2023-11-19 15:13:05,323.634086,82.016895,0.02594241200763379
2023-11-20 07:37:22,324.317616,81.033534,0.01873583047609818
2023-11-20 07:42:32,324.321204,80.301259,0.018689068083041747
2023-11-20 09:37:30,324.401042,67.159776,0.02513561674079649
2023-11-20 09:52:28,324.411435,66.0195,0.02757806158809797
2023-11-20 10:07:28,324.421852,65.037992,0.02664738309226756
2023-11-20 10:22:27,324.432257,64.226614,0.026793477074894254
2023-11-21 11:22:46,325.474144,63.010585,0.05093547793416869
2023-11-21 11:30:51,325.479757,63.046122,0.05042519969126676
2023-11-21 11:37:42,325.484514,63.119035,0.04727529644472891
2023-11-21 11:52:43,325.494942,63.415436,0.04443366726272607
2023-11-21 12:23:02,325.515995,64.573542,0.03785528323239826
2023-11-21 12:31:06,325.521597,65.003801,0.037595632421415254
2023-11-21 12:37:44,325.526204,65.394713,0.0369738023860738
2023-11-21 12:52:45,325.536632,66.399862,0.03614815363616099
2023-11-21 13:07:48,325.547083,67.56795,0.03545154894584598
2023-11-21 13:22:45,325.557465,68.878963,0.03769903891937072
2023-11-21 13:30:59,325.563183,69.661827,0.036258905402308146
2023-11-21 13:52:48,325.578333,71.931833,0.033709683552662795
2023-11-21 14:22:46,325.599144,75.468683,0.03098228168134612
2023-11-21 14:31:18,325.605069,76.555031,0.02897723873090381
2023-11-21 14:37:09,325.609132,77.318256,0.03005630689448719
2023-11-21 14:48:07,325.616748,78.787205,0.030651027139877923
2023-11-21 14:55:15,325.621701,79.767795,0.030134703177425108
2023-11-21 15:01:31,325.626053,80.644419,0.028682533826506224
2023-11-21 15:06:38,325.629606,81.37002,0.028410137519457385
2023-11-21 15:11:15,325.632812,82.031799,0.0282344428362755
2023-11-22 07:40:31,326.319803,81.004559,0.02382272710225744
2023-11-22 07:45:35,326.323322,80.294058,0.02331020537793515
2023-11-22 09:31:21,326.396771,68.126522,0.016925954408445378
2023-11-22 09:38:33,326.401771,67.52932,0.0168362810020596
2023-11-22 09:52:58,326.411782,66.440187,0.016605647690161002
2023-11-22 10:07:58,326.422199,65.464677,0.016422903124136478
2023-11-22 10:22:58,326.432616,64.657586,0.016048140969785473
2023-11-22 10:31:01,326.438206,64.29628,0.016235471680564394
2023-11-22 10:37:56,326.443009,64.026831,0.01730877284326663
2023-11-22 10:52:57,326.453438,63.574675,0.01710835658008901
2023-11-22 11:07:58,326.463866,63.30758,0.017267203033913516
2023-11-22 11:22:58,326.474282,63.22798,0.016978131080684543
2023-11-22 11:30:59,326.47985,63.262481,0.01699227531769093
2023-11-22 11:37:58,326.484699,63.336214,0.016867028766797777
2023-11-22 11:52:59,326.495127,63.631713,0.01780176349691915
2023-11-22 12:07:59,326.505544,64.111128,0.018747967545518572
2023-11-22 12:23:00,326.515972,64.771239,0.021727720155001195
2023-11-22 12:30:58,326.521505,65.192727,0.02008477588719839
2023-11-22 12:38:02,326.526412,65.606936,0.020727659784925283
2023-11-22 12:52:59,326.536794,66.604648,0.023827734510880015
2023-11-22 13:07:57,326.547188,67.762144,0.024997956444475528
2023-11-22 13:38:17,326.568252,70.559519,0.025509987214348814
2023-11-22 13:53:01,326.578484,72.118537,0.027681475936148756
2023-11-22 14:08:00,326.588889,73.825727,0.029202862004987083
2023-11-22 14:23:07,326.599387,75.662815,0.029125099671784577
2023-11-22 14:31:12,326.605,76.689023,0.028652342525812755
2023-11-22 14:46:29,326.615613,78.706118,0.02818685351951538
2023-11-22 14:54:15,326.621007,79.766814,0.030233432989892877
2023-11-22 15:00:26,326.625301,80.627052,0.030263779195864874
2023-11-22 15:05:45,326.628993,81.377166,0.0313589017694935
2023-11-23 07:41:59,327.320822,81.002984,0.019296807921767103
2023-11-23 09:31:40,327.396991,68.31946,0.018531960491179417
2023-11-23 09:38:25,327.401678,67.760329,0.017105113230676143
2023-11-23 09:53:14,327.411968,66.642086,0.02386597875116698
2023-11-23 10:08:13,327.422373,65.670388,0.023237194270747684
2023-11-23 10:23:16,327.432824,64.863101,0.02090865942591393
2023-11-23 10:31:26,327.438495,64.498244,0.022582353301120933
2023-11-23 10:38:15,327.443229,64.234032,0.02084072744305571
2023-11-23 10:53:13,327.453623,63.785035,0.025281667165893203
2023-11-23 11:08:14,327.464051,63.518715,0.024265846721791832
2023-11-23 11:23:16,327.474491,63.439319,0.028457349223789445
2023-11-23 11:31:17,327.480058,63.473884,0.028931095839857406
2023-11-23 11:38:16,327.484907,63.547531,0.02975291359678565
2023-11-23 11:53:15,327.495313,63.841546,0.025486699168509597
2023-11-23 12:08:16,327.505741,64.319983,0.024562356210702352
2023-11-23 12:23:16,327.516157,64.977321,0.02225688309067086
2023-11-23 12:31:16,327.521713,65.399333,0.02294808706722343
2023-11-23 12:38:16,327.526574,65.808357,0.023864358197065734
2023-11-23 12:53:16,327.536991,66.806273,0.025110608442303933
2023-11-23 13:08:16,327.547407,67.963296,0.026416973926674872
2023-11-23 13:23:17,327.557836,69.272468,0.025884367299497585
2023-11-23 13:31:15,327.563368,70.025221,0.024411310381059544
2023-11-23 13:38:16,327.568241,70.720198,0.025595126389119458
2023-11-23 13:53:17,327.578669,72.303924,0.02505464962486728
2023-11-23 14:08:18,327.589097,74.010842,0.023072976872618087
2023-11-23 14:23:24,327.599583,75.841783,0.02230994111660345
2023-11-23 14:31:43,327.605359,76.895709,0.0222946532482298
2023-11-23 14:45:26,327.614884,78.699074,0.02396189222740727
2023-11-23 14:53:15,327.620313,79.760442,0.02352513694070818
2023-11-23 14:59:31,327.624664,80.627652,0.023779591689128226
2023-11-23 15:04:52,327.62838,81.378742,0.022747220265187933
2023-11-23 15:09:14,327.631412,81.998632,0.022825462541273694
2023-11-24 10:31:44,328.438704,64.699494,0.03843911458073375
2023-11-24 10:38:32,328.443426,64.436759,0.04406711965932653
2023-11-24 10:53:32,328.453843,63.988314,0.0370745850457451
2023-11-24 11:08:33,328.464271,63.723197,0.04342869171926103
2023-11-24 11:23:33,328.474688,63.644391,0.03883781201510007
2023-11-24 11:31:37,328.480289,63.679206,0.03790069922124747
2023-11-24 11:38:32,328.485093,63.751997,0.03159347887661442
2023-11-24 11:53:32,328.495509,64.045274,0.030463723008338533
2023-11-24 12:08:33,328.505938,64.522194,0.033730001145259605
2023-11-24 12:23:34,328.516366,65.178325,0.03734430144537195
2023-11-24 12:31:35,328.521933,65.600088,0.03839544379728318
2023-11-24 12:38:33,328.526771,66.006037,0.03775219413492897
2023-11-24 12:53:33,328.537188,67.001046,0.03675086863708852
2023-11-24 13:08:33,328.547604,68.154815,0.0369122324481199
2023-11-24 13:23:34,328.558032,69.460445,0.030134911273057424
2023-11-24 13:31:40,328.563657,70.224121,0.0230912989289655
2023-11-24 13:53:33,328.578854,72.482423,0.03160381614803653
2023-11-24 14:58:39,328.624062,80.629624,0.035758532193819775
2023-11-24 15:03:51,328.627674,81.355959,0.030638690013914085
2023-11-24 15:08:27,328.630868,82.005846,0.027537380185426705
2023-11-25 09:32:13,329.397373,68.698373,0.013985188041469851
2023-11-25 09:53:48,329.412361,67.028439,0.014287341550489321
2023-11-25 10:08:47,329.422766,66.062043,0.014616204850623484
2023-11-25 10:23:49,329.433206,65.260037,0.013345970686692112
2023-11-25 10:32:00,329.438889,64.896431,0.013572602032099037
2023-11-25 10:38:49,329.443623,64.633699,0.013622660210076755
2023-11-25 10:53:48,329.454028,64.186797,0.013295109087857008
2023-11-25 11:08:50,329.464468,63.921885,0.014002347502246687
2023-11-25 11:23:50,329.474884,63.843116,0.014305595928563031
2023-11-25 11:31:51,329.480451,63.877336,0.014033418811130077
2023-11-25 11:38:50,329.485301,63.950414,0.01486484175650228
2023-11-25 11:53:49,329.495706,64.24238,0.014102113874086216
2023-11-25 12:08:50,329.506134,64.717676,0.015027492991499651
2023-11-25 12:23:51,329.516563,65.371687,0.014690366823545294
2023-11-25 12:31:50,329.522106,65.790284,0.015551634213968353
2023-11-25 12:38:50,329.526968,66.19684,0.014919501682613908
2023-11-25 12:53:50,329.537384,67.188897,0.014768619135388735
2023-11-25 13:08:50,329.547801,68.339384,0.015514298761122659
2023-11-25 13:23:52,329.558241,69.642984,0.015389921206083877
2023-11-25 13:32:01,329.5639,70.409562,0.015863880969051492
2023-11-25 13:38:51,329.568646,71.083418,0.015916394443226043
2023-11-25 13:53:51,329.579063,72.657617,0.016690948414590227
2023-11-25 14:08:50,329.589468,74.352554,0.01585211130998418
2023-11-25 14:23:55,329.599942,76.172891,0.01568779934398258
2023-11-25 14:32:34,329.605949,77.264697,0.016692001190914033
2023-11-25 14:38:21,329.609965,78.012942,0.016470412530710587
2023-11-25 14:43:33,329.613576,78.697654,0.017484203524829253
2023-11-25 14:51:28,329.619074,79.760756,0.018134372806118175
2023-11-25 14:57:41,329.623391,80.612107,0.018550956681865443
2023-11-25 15:03:02,329.627106,81.355677,0.018615323202160867
2023-11-25 15:07:41,329.630336,82.00963,0.0189605841762941
2023-11-26 09:33:17,330.398113,68.813899,0.021162850786792208
2023-11-26 09:40:02,330.402801,68.262406,0.021162983080367168
2023-11-26 09:54:05,330.412558,67.213836,0.022297458024768017
2023-11-26 10:09:05,330.422975,66.248762,0.02276661633526427
2023-11-26 10:32:20,330.43912,65.084826,0.023241104769989904
2023-11-26 10:39:06,330.443819,64.824747,0.023873228804327448
2023-11-26 11:24:09,330.475104,64.035434,0.026103250654324738
2023-11-26 11:39:08,330.485509,64.142246,0.02652068826783748
2023-11-26 11:54:07,330.495914,64.433205,0.0398716959613146
2023-11-26 12:32:08,330.522315,65.976334,0.023281087112632017
2023-11-26 12:39:08,330.527176,66.381703,0.024596121450057466
2023-11-26 12:54:08,330.537593,67.370946,0.025013748349540066
2023-11-26 13:09:08,330.548009,68.518299,0.026816846698764888
2023-11-26 13:24:10,330.558449,69.818494,0.027136181809847275
2023-11-26 13:32:18,330.564097,70.581529,0.027528813213183213
2023-11-26 13:39:09,330.568854,71.255359,0.03019267695572457
2023-11-26 13:54:09,330.579271,72.8258,0.032321842437116916
2023-11-26 14:56:49,330.622789,80.602745,0.05566959345122491
2023-11-26 15:02:18,330.626597,81.361211,0.06629999323384506
2023-11-28 07:48:58,332.325671,81.011504,0.019448001278249884
2023-11-28 09:33:35,332.398322,69.184318,0.022719692171604276
2023-11-28 09:40:21,332.403021,68.63257,0.023063645512818757
2023-11-28 09:54:44,332.413009,67.562721,0.026894301809272506
2023-11-28 10:24:45,332.433854,65.807447,0.01800089036553781
2023-11-28 10:32:52,332.439491,65.449295,0.02593666831857568
2023-11-28 10:39:45,332.444271,65.18579,0.016684950746517185
2023-11-28 11:09:44,332.465093,64.479354,0.01991689866560393
2023-11-28 11:32:46,332.481088,64.433905,0.019967349449122686
2023-11-28 11:39:44,332.485926,64.505812,0.018985129746031646
2023-11-28 12:24:45,332.517187,65.912604,0.017893910337552815
2023-11-28 12:32:47,332.522766,66.330118,0.01919570745340889
2023-11-29 09:34:23,333.398877,69.307405,0.017334663294116693
2023-11-29 09:41:10,333.403588,68.757635,0.0171092326676164
2023-11-29 09:55:04,333.413241,67.728319,0.017016591622989907
2023-11-29 14:10:10,333.590394,74.982938,0.015837054413724794
2023-11-29 14:25:04,333.600741,76.765993,0.04858598793278353
2023-11-29 14:34:52,333.607546,77.994926,0.04237931535343494
2023-12-02 09:34:46,336.399144,69.812424,0.02650013306103365
2023-12-02 09:42:36,336.404583,69.180548,0.026463835710156307
2023-12-02 09:56:12,336.414028,68.181576,0.02696718702306599
2023-12-02 10:11:10,336.424421,67.232076,0.028660693679479612
2023-12-02 10:26:11,336.43485,66.444164,0.02875784072643884
2023-12-02 10:34:13,336.440428,66.09263,0.029163151221211457
2023-12-02 10:41:09,336.445243,65.829292,0.029901307362406458
2023-12-02 10:56:09,336.45566,65.388823,0.030891504898015527
2023-12-02 11:11:10,336.466088,65.127868,0.03190831866840452
2023-12-02 11:26:14,336.476551,65.049326,0.029723344914767868
2023-12-02 11:34:26,336.482245,65.08404,0.029489318785845344
2023-12-02 11:41:10,336.486921,65.153319,0.030424509786541543
2023-12-02 11:56:10,336.497338,65.439114,0.03233297078852417
2023-12-02 12:11:11,336.507766,65.904798,0.034356589173902
2023-12-02 12:26:12,336.518194,66.546207,0.032925698954115394
2023-12-02 12:34:27,336.523924,66.971525,0.03210503933309939
2023-12-02 12:41:10,336.528588,67.355096,0.03137247912398014
2023-12-02 12:56:12,336.539028,68.331658,0.030697675507286092
2023-12-02 13:11:12,336.549444,69.462636,0.031589855832055425
2023-12-02 13:26:12,336.559861,70.742006,0.029208211820992074
2023-12-02 13:35:15,336.566146,71.582261,0.032119606964496644
2023-12-02 13:41:11,336.570266,72.159861,0.03180093115165157
2023-12-02 13:56:16,336.580741,73.719234,0.030324713761741288
2023-12-02 14:11:22,336.591227,75.403796,0.032245911876001156
2023-12-02 14:26:30,336.601736,77.206509,0.034118358438922455
2023-12-02 14:35:17,336.607836,78.301473,0.03462061114142977
2023-12-02 14:41:43,336.612303,79.1247,0.03475055113500342
2023-12-02 14:46:13,336.615428,79.710695,0.03295153474800291
2023-12-02 14:52:40,336.619907,80.56453,0.03436343519882388
2023-12-02 15:02:58,336.62706,81.959736,0.03067351035545227
2023-12-03 12:26:34,337.518449,66.686552,0.05113681213975228
2023-12-03 12:34:50,337.52419,67.111716,0.05243328558752272
2023-12-03 12:41:34,337.528866,67.495429,0.052408348284896884
2023-12-03 12:56:35,337.539294,68.468898,0.05509110097876781
2023-12-03 13:11:34,337.549699,69.596195,0.05871489985716972
2023-12-03 13:26:42,337.560208,70.884874,0.057652604992314914
2023-12-03 13:35:27,337.566285,71.69554,0.05945507285044696
2023-12-03 13:41:35,337.570544,72.291182,0.058505959735204935
2023-12-03 13:56:33,337.580938,73.835322,0.06037975210278699
2023-12-03 14:11:34,337.591366,75.50655,0.06449816279086511
2023-12-03 14:26:40,337.601852,77.300819,0.06552652375558755
2023-12-03 14:35:50,337.608218,78.441586,0.05951405879315444
2023-12-03 14:42:34,337.612894,79.302697,0.05974110283996382
2023-12-03 14:44:37,337.614317,79.568596,0.06121705688646836
2023-12-03 14:46:25,337.615567,79.803462,0.05906872476996344
2023-12-03 14:52:06,337.619514,80.55336,0.05928221315566759
2023-12-03 14:57:39,337.623368,81.29738,0.06473531640938174
2023-12-03 15:02:22,337.626644,81.938273,0.062163366798688606
2023-12-05 09:43:08,339.404954,69.621914,0.03510865471109152
2023-12-05 09:57:19,339.414803,68.582316,0.03635014001722721
2023-12-05 10:27:21,339.43566,66.850819,0.033617694464572
2023-12-05 10:35:41,339.441447,66.489065,0.03909197147178354
2023-12-05 10:42:19,339.446053,66.239221,0.03900497469901375
2023-12-05 10:57:20,339.456481,65.800599,0.03570773436776737
2023-12-05 11:12:20,339.466898,65.541159,0.03523032054322534
2023-12-05 11:27:21,339.477326,65.462549,0.032734397285236826
2023-12-05 11:35:46,339.483171,65.498058,0.029202960039998362
2023-12-05 11:42:20,339.487731,65.565408,0.030571590075360193
2023-12-05 11:57:20,339.498148,65.84889,0.032533202375738556
2023-12-05 12:12:21,339.508576,66.311172,0.03171131867460539
2023-12-05 12:27:20,339.518981,66.946562,0.0358269869495209
2023-12-05 12:57:17,339.53978,68.716337,0.03461832764034432
2023-12-05 13:12:19,339.55022,69.842309,0.036830258052652796
2023-12-05 13:27:20,339.560648,71.115364,0.033314498428601
2023-12-05 13:35:47,339.566516,71.893828,0.03192489270007404
2023-12-05 13:57:32,339.58162,74.090186,0.02693020000059554
2023-12-05 14:36:06,339.608403,78.595144,0.028139839570366667
2023-12-05 14:44:30,339.614236,79.667189,0.03054406717516403
2023-12-05 14:51:17,339.618947,80.55381,0.03254114398578669
2023-12-05 14:56:39,339.622674,81.267714,0.03689542124656886
2023-12-05 15:01:31,339.626053,81.92406,0.037403383350491204
2023-12-06 10:42:42,340.446319,66.362531,0.03884390740590236
2023-12-06 10:57:44,340.456759,65.923877,0.04033959236731368
2023-12-06 11:12:43,340.467164,65.664845,0.037222545205874556
2023-12-06 11:27:45,340.477604,65.585924,0.03410653415536204
2023-12-06 11:35:47,340.483183,65.618367,0.03305687577847583
2023-12-06 11:42:45,340.488021,65.688533,0.03226451280541372
2023-12-06 11:57:45,340.498438,65.971412,0.034929753270104336
2023-12-06 12:12:45,340.508854,66.432156,0.036242589559852385
2023-12-06 12:27:45,340.519271,67.066926,0.031798380293326885
2023-12-06 12:35:56,340.524954,67.484811,0.03104542507537655
2023-12-06 12:42:44,340.529676,67.869613,0.03131810499441331
2023-12-06 12:57:46,340.540116,68.838095,0.02997538432416223
2023-12-06 13:12:45,340.550521,69.958787,0.032726348534255496
2023-12-06 13:27:46,340.560949,71.229884,0.036705898918312996
2023-12-06 13:36:11,340.566794,72.004015,0.03388307219277933
2023-12-06 13:42:46,340.571366,72.639111,0.030414707398972864
2023-12-06 13:57:45,340.581771,74.177144,0.030311987255570504
2023-12-06 14:12:45,340.592188,75.838428,0.03462675256809055
2023-12-06 14:44:09,340.613993,79.668586,0.03457676967462462
2023-12-06 14:50:51,340.618646,80.54097,0.03404474230832878
2023-12-06 15:01:11,340.625822,81.91968,0.03591615938426619
2023-12-10 09:46:59,344.407627,70.005491,0.03130760047458205
2023-12-10 09:59:26,344.416273,69.106346,0.02149876545053815
2023-12-10 11:14:26,344.468356,66.084981,0.030316411043884557
2023-12-10 11:29:30,344.478819,66.005903,0.024650832917390012
2023-12-10 11:37:41,344.484502,66.039071,0.04980118522931563
2023-12-10 13:14:27,344.551701,70.346471,0.030722296908092913
2023-12-10 13:29:30,344.562153,71.612811,0.05106458529735643
2023-12-10 13:37:50,344.56794,72.374708,0.029511838896675153
2023-12-10 13:44:28,344.572546,73.010837,0.026652409287076878
2023-12-10 13:59:27,344.582951,74.540285,0.028381342566769382
2023-12-10 14:14:33,344.593437,76.204103,0.02247852187705097
2023-12-10 14:29:34,344.603866,77.971417,0.023243502715765692
2023-12-10 14:38:23,344.609988,79.057549,0.021633990268146438
2023-12-10 14:44:28,344.614213,79.826526,0.021667028497442363
2023-12-10 14:46:25,344.615567,80.076261,0.022521012668089733
2023-12-11 11:14:54,345.468681,66.17115,0.08365112562255723
2023-12-11 11:29:53,345.479086,66.092166,0.0783305995539873
2023-12-11 11:44:52,345.489491,66.192533,0.06780523255674425
2023-12-11 11:59:53,345.499919,66.47222,0.09564095595587346
2023-12-15 11:39:44,349.485926,66.392064,0.023499512311358457
2023-12-15 11:46:41,349.490752,66.460108,0.021797878836018254
2023-12-15 12:01:39,349.501146,66.736335,0.021456068146465706
2023-12-15 12:31:43,349.522025,67.816724,0.021259162605821034
2023-12-15 12:39:47,349.527627,68.222592,0.02133691014174973
2023-12-15 12:46:39,349.532396,68.605529,0.022309819799537108
2023-12-15 13:01:43,349.542859,69.563292,0.022124643315340448
2023-12-15 13:16:40,349.553241,70.667488,0.02131170599881969
2023-12-15 13:31:41,349.563669,71.923472,0.022218809048834817
2023-12-15 13:39:43,349.569248,72.652917,0.02193527264986763
2023-12-15 13:46:40,349.574074,73.315049,0.021991336537946788
2023-12-15 14:01:40,349.584491,74.838083,0.0230888507130293
2023-12-15 14:16:44,349.594954,76.489827,0.02207381762406126
2023-12-15 14:31:45,349.605382,78.248503,0.022844165740034072
2023-12-15 14:40:16,349.611296,79.292157,0.021860691750965777
2023-12-15 14:46:20,349.615509,80.054671,0.022551647751835723
2023-12-15 14:48:18,349.616875,80.305128,0.022708597650310608
2023-12-15 14:50:13,349.618206,80.550715,0.023124855909925825
2023-12-15 14:55:06,349.621597,81.182932,0.02309007860221184
2023-12-15 14:59:53,349.624919,81.810915,0.024312652059539575
2023-12-19 09:50:35,353.410127,70.534718,0.030299646842196555
2023-12-19 10:03:33,353.419132,69.600467,0.0298726196020435
2023-12-19 10:18:35,353.429572,68.662357,0.030597473450402344
2023-12-19 10:33:35,353.439988,67.88805,0.03274409834702056
2023-12-19 10:41:47,353.445683,67.535218,0.029174878871429596
2023-12-19 10:48:32,353.45037,67.28293,0.028831006436744522
2023-12-19 11:03:36,353.460833,66.846189,0.0288536682432062
2023-12-19 11:33:36,353.481667,66.506844,0.03554288022644591
2023-12-19 11:41:44,353.487315,66.537778,0.04052615393185251
2023-12-19 12:03:34,353.502477,66.879622,0.03165546250915408
2023-12-19 12:33:35,353.523322,67.953862,0.028101382769144135
2023-12-19 12:41:41,353.528947,68.359967,0.024164512978847107
2023-12-19 13:03:34,353.544144,69.693217,0.021540041302500878
2023-12-19 13:33:34,353.564977,72.049168,0.02780366660765316
2023-12-19 13:41:43,353.570637,72.787616,0.028308317917331374
2023-12-19 14:03:32,353.585787,74.954977,0.028281192556416875
2023-12-19 14:33:34,353.606644,78.351796,0.03656053975308382
2023-12-19 14:42:42,353.612986,79.469713,0.03555673611247319
2023-12-19 14:48:56,353.617315,80.253262,0.03347013525887978
2023-12-19 14:51:03,353.618785,80.522964,0.03549819731107372
2023-12-19 14:52:47,353.619988,80.745154,0.03441569053703083
2023-12-19 14:55:50,353.622106,81.138973,0.03622316429433086
2023-12-19 15:00:42,353.625486,81.774647,0.03352916114457128
2023-12-20 13:34:05,354.565336,72.066086,0.04010328347237985
2023-12-20 13:42:54,354.571458,72.866608,0.03647018420376005
2023-12-20 13:49:04,354.575741,73.454018,0.03919579627579114
2023-12-20 14:04:05,354.586169,74.975043,0.037261800399433
2023-12-20 14:19:06,354.596597,76.617387,0.034167147233283346
2023-12-20 14:34:08,354.607037,78.373905,0.03434250771657328
2023-12-20 14:43:01,354.613206,79.460779,0.03057332332223185
2023-12-20 14:49:36,354.617778,80.288131,0.03132463712788275
2023-12-20 14:51:21,354.618993,80.511056,0.03055538569259497
2023-12-20 14:53:08,354.620231,80.739486,0.030536109511200348
2023-12-20 14:56:18,354.622431,81.148174,0.030296898474465657
2023-12-20 15:01:05,354.625752,81.772703,0.029593443967352286
2023-12-22 09:50:29,356.410058,70.684069,0.013641708637588769
2023-12-22 10:19:59,356.430544,68.694948,0.012624529247692199
2023-12-22 10:35:01,356.440984,67.918221,0.015330990185203223
2023-12-22 10:43:08,356.44662,67.568403,0.011468444800986211
2023-12-22 10:50:00,356.451389,67.311336,0.013275259544683289
2023-12-22 11:05:00,356.461806,66.875833,0.012123318358697222
2023-12-22 11:19:59,356.472211,66.616213,0.011442829892689368
2023-12-22 11:35:00,356.482639,66.534057,0.011609515381656913
2023-12-22 11:43:01,356.488206,66.563472,0.013476534482893647
2023-12-22 11:49:58,356.493032,66.630211,0.011790918356126825
2023-12-22 12:04:58,356.503449,66.904109,0.014853021413042317
2023-12-22 12:19:58,356.513866,67.353465,0.013857875528684477
2023-12-22 12:35:05,356.524363,67.980128,0.013478833395753361
2023-12-22 12:43:05,356.529919,68.380713,0.014205990166282281
2023-12-22 12:50:01,356.534734,68.765624,0.016410124729444246
2023-12-22 13:04:58,356.545116,69.711757,0.01487948798595951
2023-12-22 13:20:01,356.555567,70.818804,0.015624628969893618
2023-12-22 13:34:59,356.565961,72.066178,0.0142409702211487
2023-12-22 14:05:01,356.586817,74.976402,0.014413248949220003
2023-12-22 14:19:59,356.597211,76.612306,0.014024794319751045
2023-12-22 14:43:15,356.613368,79.37332,0.015057883470360273
2023-12-22 14:49:07,356.617442,80.107743,0.015120805803287665
2023-12-22 14:52:48,356.62,80.576107,0.01641018017660548
2023-12-22 14:56:57,356.622882,81.110264,0.015410989382172627
2023-12-22 15:01:54,356.626319,81.755968,0.015393299861395208
2023-12-23 11:43:30,357.488542,66.556751,0.00968920954110673
2023-12-23 11:50:28,357.49338,66.623586,0.009138665620744191
2023-12-23 12:05:29,357.503808,66.89786,0.008709199990380547
2023-12-23 12:20:30,357.514236,67.347999,0.009277358104666537
2023-12-23 12:35:31,357.524664,67.97034,0.008501929082784939
2023-12-23 12:43:30,357.530208,68.369662,0.008615761169993012
2023-12-23 12:50:30,357.535069,68.758035,0.008751831737559784
2023-12-23 13:05:30,357.545486,69.70746,0.009283263581033907
2023-12-23 13:20:30,357.555903,70.810967,0.009055075747152077
2023-12-23 13:35:31,357.566331,72.062651,0.009642276483018058
2023-12-23 13:43:33,357.57191,72.789739,0.009689432670119697
2023-12-23 13:50:31,357.576748,73.451428,0.009730846840467251
2023-12-23 14:05:30,357.587153,74.968346,0.009542228906613383
2023-12-23 14:20:34,357.597616,76.615529,0.010737900112706096
2023-12-23 14:35:28,357.607963,78.355597,0.011070948734076717
2023-12-23 14:43:47,357.613738,79.371404,0.01117366442951306
2023-12-23 14:49:39,357.617813,80.105952,0.01198581959412333
2023-12-23 14:51:31,357.619109,80.342667,0.012646003733424225
2023-12-23 14:53:21,357.620382,80.576526,0.013328222199533233
2023-12-23 14:57:31,357.623275,81.112956,0.013342288115829404
2023-12-23 15:02:21,357.626632,81.743496,0.013349897380391973
2023-12-24 09:52:59,358.411794,70.549581,0.016601788852086664
2023-12-24 10:05:57,358.420799,69.614388,0.017282424666111153
2023-12-24 10:20:58,358.431227,68.676076,0.014959033981861873
2023-12-24 10:35:59,358.441655,67.899602,0.013441573076642468
2023-12-24 10:44:00,358.447222,67.553432,0.013545065910876803
2023-12-24 10:50:57,358.452049,67.292633,0.011512956594233898
2023-12-24 11:05:58,358.462477,66.855922,0.01515799160466546
2023-12-24 11:20:58,358.472894,66.595532,0.01223880286588383
2023-12-24 11:35:59,358.483322,66.513047,0.012014098674362693
2023-12-24 11:44:05,358.488947,66.542882,0.012534775489737866
2023-12-24 11:50:58,358.493727,66.609136,0.01269233674408454
2023-12-24 12:05:59,358.504155,66.883421,0.012370683113856812
2023-12-24 12:20:58,358.51456,67.332415,0.01312720708789806
2023-12-24 12:36:00,358.525,67.955248,0.015561959486056392
2023-12-24 12:44:05,358.530613,68.359829,0.016484768743810663
2023-12-24 12:50:59,358.535405,68.742879,0.016583724138009476
2023-12-24 13:05:59,358.545822,69.692277,0.015126631340288648
2023-12-24 13:21:00,358.55625,70.797099,0.015697841909594997
2023-12-24 13:36:01,358.566678,72.048983,0.016831460054595775
2023-12-24 13:44:07,358.572303,72.782383,0.017206223209504313
2023-12-24 13:50:58,358.57706,73.433128,0.017444517097970916
2023-12-24 14:05:57,358.587465,74.949863,0.017033338302833927
2023-12-24 14:20:56,358.59787,76.587477,0.019407403403571766
2023-12-24 14:35:57,358.608299,78.340888,0.018483126126266937
2023-12-24 14:44:33,358.614271,79.391929,0.01823790348378891
2023-12-24 14:50:19,358.618275,80.11459,0.01895384150178719
2023-12-24 14:52:11,358.619572,80.351468,0.019192820629443743
2023-12-24 14:54:01,358.620845,80.585484,0.019656751543791554
2023-12-24 14:58:00,358.623611,81.098507,0.019854616672267036
2023-12-24 15:02:48,358.626944,81.724736,0.019440464885207315
2023-12-25 09:51:25,359.410706,70.68837,0.03471220987278277
2023-12-25 10:06:27,359.421146,69.59339,0.0289151455538726
2023-12-25 10:21:30,359.431597,68.652837,0.029997057443576405
2023-12-25 10:36:27,359.441979,67.879519,0.029066109066766762
2023-12-25 10:44:39,359.447674,67.525654,0.029870528502221445
2023-12-25 10:51:26,359.452384,67.27135,0.031261079122289946
2023-12-25 11:06:26,359.462801,66.834646,0.03199184519915251
2023-12-25 11:21:28,359.473241,66.573349,0.03347737263916725
2023-12-25 11:36:28,359.483657,66.490786,0.034220662994763555
2023-12-25 11:44:50,359.489468,66.522366,0.038081864864056784
2023-12-25 11:51:26,359.494051,66.586463,0.03997087614307112
2023-12-25 12:06:27,359.504479,66.860405,0.040930086000419655
2023-12-25 12:21:28,359.514907,67.310314,0.038911015694086386
2023-12-25 12:36:29,359.525336,67.932528,0.03923598179321807
2023-12-25 12:44:41,359.53103,68.343311,0.03733695747947258
2023-12-25 12:51:28,359.535741,68.720193,0.036838504850740944
2023-12-25 13:06:29,359.546169,69.670821,0.0360426893649621
2023-12-25 13:21:31,359.556609,70.777252,0.03498382034612646
2023-12-25 13:36:32,359.567037,72.029632,0.03366894059784229
2023-12-25 13:44:49,359.572789,72.780371,0.032244438764485246
2023-12-25 13:51:28,359.577407,73.412673,0.03170119788330105
2023-12-25 14:06:28,359.587824,74.931554,0.029797669983762713
2023-12-25 14:21:29,359.598252,76.573479,0.02725999214362692
2023-12-25 14:36:34,359.608727,78.335701,0.027123545921636627
2023-12-25 14:45:07,359.614664,79.381232,0.026179437907176504
2023-12-25 14:51:30,359.619097,80.182362,0.026244221371113614
2023-12-25 14:53:19,359.620359,80.413436,0.026197296852651725
2023-12-25 14:55:13,359.621678,80.656527,0.02607317002455436
2023-12-25 14:58:31,359.62397,81.082108,0.02591257999639452
2023-12-25 15:03:20,359.627315,81.710712,0.026364184697056404
2023-12-26 10:07:04,360.421574,69.556931,0.04999055792569393
2023-12-26 10:36:55,360.442303,67.851716,0.04656186665473953
2023-12-26 10:45:26,360.448218,67.48481,0.048679294565325895
2023-12-26 10:51:56,360.452731,67.241707,0.05371829484816352
2023-12-26 11:06:56,360.463148,66.804779,0.061334709914929834
2023-12-26 11:21:56,360.473565,66.543718,0.05801303232453866
2023-12-26 11:36:57,360.483993,66.460702,0.052595605616409136
2023-12-26 11:45:07,360.489664,66.49077,0.048911322372742504
2023-12-26 11:51:56,360.494398,66.556404,0.049907587685797436
2023-12-26 12:06:56,360.504815,66.830043,0.0525455668577418
2023-12-26 12:21:56,360.515231,67.279342,0.056937139783121586
2023-12-26 12:36:57,360.52566,67.901431,0.055785448210456
2023-12-26 12:45:23,360.531516,68.324591,0.06269366111488722
2023-12-26 12:51:56,360.536065,68.689053,0.06732621619156096
2023-12-26 13:06:57,360.546493,69.639712,0.06858681800693152
2023-12-26 13:21:57,360.55691,70.743619,0.0617445231645205
2023-12-26 13:36:58,360.567338,71.995845,0.0704933131094193
2023-12-26 13:45:54,360.573542,72.807185,0.06368012251664446
2023-12-26 13:51:56,360.577731,73.382042,0.05982851091628265
2023-12-26 14:06:57,360.58816,74.902951,0.06157157805361723
2023-12-27 09:52:28,361.411435,70.620837,0.04161100049714558
2023-12-27 10:07:30,361.421875,69.525305,0.03867435288022999
2023-12-27 10:22:25,361.432234,68.591977,0.04005394696810462
2023-12-27 10:37:25,361.44265,67.814636,0.04111920309517586
2023-12-27 10:45:31,361.448275,67.46421,0.03954798742236689
2023-12-27 10:52:26,361.453079,67.20428,0.039152165270256986
2023-12-27 11:22:24,361.473889,66.506266,0.04102297144205788
2023-12-27 11:37:26,361.484329,66.422806,0.04221177848052352
2023-12-27 11:45:45,361.490104,66.453828,0.04641901647115178
2023-12-27 11:52:25,361.494734,66.518362,0.04940574002034012
2023-12-27 12:07:25,361.50515,66.79196,0.04255152920964567
2023-12-27 12:22:25,361.515567,67.241319,0.03498151782327058
2023-12-27 12:37:26,361.525995,67.863566,0.035408306231636946
2023-12-27 12:45:49,361.531817,68.284191,0.036505733484997055
2023-12-27 12:52:26,361.536412,68.652403,0.03759098896263671
2023-12-27 13:07:26,361.546829,69.602427,0.038597714290319454
2023-12-27 13:22:26,361.557245,70.706738,0.040482096532794616
2023-12-27 13:37:27,361.567674,71.959432,0.040048113145698984
2023-12-27 13:45:52,361.573519,72.722829,0.04141381059685321
2023-12-27 13:52:26,361.578079,73.347772,0.04293827726753836
2023-12-27 14:07:25,361.588484,74.865879,0.04888117701266812
2023-12-27 14:22:32,361.598981,76.520061,0.04626088608088154
2023-12-27 14:37:28,361.609352,78.265951,0.048833463452764354
2023-12-27 14:47:16,361.616157,79.467503,0.04960283988169232
2023-12-27 14:53:36,361.620556,80.26594,0.05129339857334313
2023-12-27 14:55:30,361.621875,80.508674,0.05099519741418744
2023-12-27 14:57:27,361.623229,80.759287,0.052208675868643036
2023-12-27 14:59:47,361.62485,81.061116,0.05335839728198824
2023-12-27 15:04:38,361.628218,81.695077,0.052288609830105796
2023-12-30 13:08:47,364.547766,69.44038,0.1893641908688083
2023-12-30 14:38:50,364.610301,78.116394,0.18646032163083082
2023-12-30 14:54:57,364.621493,80.117102,0.14886341419729573
2023-12-30 14:56:41,364.622697,80.338798,0.15057374249999184
2023-12-30 14:58:34,364.624005,80.581038,0.1472676877912045
2023-12-30 15:02:05,364.626447,81.037076,0.12673061789651663
2023-12-30 15:06:47,364.629711,81.653864,0.1301574781109531
